table,column,status,reason,risk,row_count,runtime_refs,scripts_refs,tests_refs,is_pk,is_fk,is_unique,null_frac,data_type,column_default
activity_feed_items,id,KEEP_KEY,key_constraint,low,7,4,0,2,1,0,0,0,uuid,gen_random_uuid()
activity_feed_items,organization_id,KEEP_KEY,key_constraint,low,7,4,0,2,0,1,0,0,integer,
activity_feed_items,event_id,KEEP_KEY,key_constraint,low,7,4,0,2,0,1,0,0,uuid,
activity_feed_items,event_type,KEEP,default_keep,low,7,4,0,2,0,0,0,0,text,
activity_feed_items,actor_user_id,KEEP,default_keep,low,7,4,0,2,0,0,0,0,uuid,
activity_feed_items,source_type,KEEP,default_keep,low,7,4,0,2,0,0,0,0,USER-DEFINED,
activity_feed_items,source_id,KEEP,default_keep,low,7,4,0,2,0,0,0,0,text,
activity_feed_items,correlation_id,KEEP,default_keep,low,7,4,0,2,0,0,0,0,text,
activity_feed_items,created_at,KEEP,default_keep,low,7,4,0,2,0,0,0,0,timestamp with time zone,
activity_feed_items,env,KEEP,default_keep,low,7,4,0,2,0,0,0,0,text,'prod'::text
address_lookups,env,KEEP,default_keep,low,4,3,3,0,0,0,0,,text,'prod'::text
address_lookups,id,KEEP_KEY,key_constraint,low,4,3,3,0,1,0,0,,integer,
address_lookups,address_id,KEEP,default_keep,low,4,3,3,0,0,0,0,,uuid,
address_lookups,source_provider,KEEP,default_keep,low,4,3,3,0,0,0,0,,USER-DEFINED,
address_lookups,source_provider_place_id,KEEP,default_keep,low,4,3,3,0,0,0,0,,text,
address_lookups,resolved_at,KEEP,default_keep,low,4,3,3,0,0,0,0,,timestamp with time zone,now()
addresses,env,KEEP,default_keep,low,35,16,3,8,0,0,0,0,text,'prod'::text
addresses,id,KEEP_KEY,key_constraint,low,35,16,3,8,1,0,0,0,uuid,gen_random_uuid()
addresses,formatted_address,KEEP,default_keep,low,35,16,3,8,0,0,0,0,text,
addresses,canonical,KEEP,default_keep,low,35,16,3,8,0,0,0,0,jsonb,
addresses,lat,KEEP,default_keep,low,35,16,3,8,0,0,0,0,double precision,
addresses,lng,KEEP,default_keep,low,35,16,3,8,0,0,0,0,double precision,
addresses,source_provider,KEEP,default_keep,low,35,16,3,8,0,0,0,0,USER-DEFINED,
addresses,source_provider_place_id,KEEP,default_keep,low,35,16,3,8,0,0,0,0,text,
addresses,confidence_score,KEEP,default_keep,low,35,16,3,8,0,0,0,0,integer,0
addresses,validation_status,KEEP,default_keep,low,35,16,3,8,0,0,0,0,USER-DEFINED,"'NORMALIZED'::app_v3.""AddressValidationStatus"""
addresses,address_hash,KEEP,default_keep,low,35,16,3,8,0,0,0,0,text,
addresses,created_at,KEEP,default_keep,low,35,16,3,8,0,0,0,0,timestamp with time zone,now()
addresses,updated_at,KEEP,default_keep,low,35,16,3,8,0,0,0,0,timestamp with time zone,now()
admin_mfa,env,KEEP_PENDING,runtime_refs_but_zero_rows,low,0,9,0,0,0,0,0,,text,'prod'::text
admin_mfa,id,KEEP_KEY,key_constraint,low,0,9,0,0,1,0,0,,uuid,gen_random_uuid()
admin_mfa,user_id,KEEP_KEY,key_constraint,low,0,9,0,0,0,1,0,,uuid,
admin_mfa,secret_enc,KEEP_PENDING,runtime_refs_but_zero_rows,low,0,9,0,0,0,0,0,,text,
admin_mfa,secret_iv,KEEP_PENDING,runtime_refs_but_zero_rows,low,0,9,0,0,0,0,0,,text,
admin_mfa,secret_tag,KEEP_PENDING,runtime_refs_but_zero_rows,low,0,9,0,0,0,0,0,,text,
admin_mfa,recovery_codes,KEEP_PENDING,runtime_refs_but_zero_rows,low,0,9,0,0,0,0,0,,jsonb,
admin_mfa,enabled_at,KEEP_PENDING,runtime_refs_but_zero_rows,low,0,9,0,0,0,0,0,,timestamp with time zone,
admin_mfa,created_at,KEEP_PENDING,runtime_refs_but_zero_rows,low,0,9,0,0,0,0,0,,timestamp with time zone,now()
admin_mfa,updated_at,KEEP_PENDING,runtime_refs_but_zero_rows,low,0,9,0,0,0,0,0,,timestamp with time zone,now()
agenda_arbitration_compensation_attempts,env,KEEP_PENDING,runtime_refs_but_zero_rows,low,0,2,0,0,0,0,0,,text,'prod'::text
agenda_arbitration_compensation_attempts,id,KEEP_KEY,key_constraint,low,0,2,0,0,1,0,0,,uuid,gen_random_uuid()
agenda_arbitration_compensation_attempts,arbitration_decision_id,KEEP_KEY,key_constraint,low,0,2,0,0,0,1,0,,uuid,
agenda_arbitration_compensation_attempts,attempt_no,KEEP_PENDING,runtime_refs_but_zero_rows,low,0,2,0,0,0,0,0,,integer,
agenda_arbitration_compensation_attempts,status,KEEP_PENDING,runtime_refs_but_zero_rows,low,0,2,0,0,0,0,0,,USER-DEFINED,
agenda_arbitration_compensation_attempts,error_code,KEEP_PENDING,runtime_refs_but_zero_rows,low,0,2,0,0,0,0,0,,text,
agenda_arbitration_compensation_attempts,created_at,KEEP_PENDING,runtime_refs_but_zero_rows,low,0,2,0,0,0,0,0,,timestamp with time zone,now()
agenda_arbitration_decisions,env,KEEP_PENDING,runtime_refs_but_zero_rows,low,0,7,0,0,0,0,0,,text,'prod'::text
agenda_arbitration_decisions,id,KEEP_KEY,key_constraint,low,0,7,0,0,1,0,0,,uuid,gen_random_uuid()
agenda_arbitration_decisions,resource_key,KEEP_PENDING,runtime_refs_but_zero_rows,low,0,7,0,0,0,0,0,,text,
agenda_arbitration_decisions,authority_org_id,KEEP_PENDING,runtime_refs_but_zero_rows,low,0,7,0,0,0,0,0,,integer,
agenda_arbitration_decisions,priority_rule_version,KEEP_PENDING,runtime_refs_but_zero_rows,low,0,7,0,0,0,0,0,,text,
agenda_arbitration_decisions,input_hash,KEEP_PENDING,runtime_refs_but_zero_rows,low,0,7,0,0,0,0,0,,text,
agenda_arbitration_decisions,decision,KEEP_PENDING,runtime_refs_but_zero_rows,low,0,7,0,0,0,0,0,,text,
agenda_arbitration_decisions,rule_applied,KEEP_PENDING,runtime_refs_but_zero_rows,low,0,7,0,0,0,0,0,,text,
agenda_arbitration_decisions,winner_claim_id,KEEP_PENDING,runtime_refs_but_zero_rows,low,0,7,0,0,0,0,0,,uuid,
agenda_arbitration_decisions,blocked_claim_id,KEEP_PENDING,runtime_refs_but_zero_rows,low,0,7,0,0,0,0,0,,uuid,
agenda_arbitration_decisions,reason_code,KEEP_PENDING,runtime_refs_but_zero_rows,low,0,7,0,0,0,0,0,,text,
agenda_arbitration_decisions,actor_user_id,KEEP_PENDING,runtime_refs_but_zero_rows,low,0,7,0,0,0,0,0,,uuid,
agenda_arbitration_decisions,actor_organization_id,KEEP_PENDING,runtime_refs_but_zero_rows,low,0,7,0,0,0,0,0,,integer,
agenda_arbitration_decisions,bundle_id,KEEP_PENDING,runtime_refs_but_zero_rows,low,0,7,0,0,0,0,0,,uuid,
agenda_arbitration_decisions,compensation_status,KEEP_PENDING,runtime_refs_but_zero_rows,low,0,7,0,0,0,0,0,,USER-DEFINED,
agenda_arbitration_decisions,correlation_id,KEEP_PENDING,runtime_refs_but_zero_rows,low,0,7,0,0,0,0,0,,text,
agenda_arbitration_decisions,metadata,KEEP_PENDING,runtime_refs_but_zero_rows,low,0,7,0,0,0,0,0,,jsonb,'{}'::jsonb
agenda_arbitration_decisions,created_at,KEEP_PENDING,runtime_refs_but_zero_rows,low,0,7,0,0,0,0,0,,timestamp with time zone,now()
agenda_arbitration_decisions,updated_at,KEEP_PENDING,runtime_refs_but_zero_rows,low,0,7,0,0,0,0,0,,timestamp with time zone,now()
agenda_items,id,KEEP_KEY,key_constraint,low,119,9,0,0,1,0,0,0,uuid,gen_random_uuid()
agenda_items,organization_id,KEEP_KEY,key_constraint,low,119,9,0,0,0,1,0,0,integer,
agenda_items,source_type,KEEP,default_keep,low,119,9,0,0,0,0,0,0,USER-DEFINED,
agenda_items,source_id,KEEP,default_keep,low,119,9,0,0,0,0,0,0,text,
agenda_items,title,KEEP,default_keep,low,119,9,0,0,0,0,0,0,text,
agenda_items,starts_at,KEEP,default_keep,low,119,9,0,0,0,0,0,0,timestamp with time zone,
agenda_items,ends_at,KEEP,default_keep,low,119,9,0,0,0,0,0,0,timestamp with time zone,
agenda_items,status,KEEP,default_keep,low,119,9,0,0,0,0,0,0,text,
agenda_items,last_event_id,KEEP,default_keep,low,119,9,0,0,0,0,0,0,uuid,
agenda_items,updated_at,KEEP,default_keep,low,119,9,0,0,0,0,0,0,timestamp with time zone,now()
agenda_items,env,KEEP,default_keep,low,119,9,0,0,0,0,0,0,text,'prod'::text
agenda_items,padel_club_id,KEEP_KEY,key_constraint,low,119,9,0,0,0,1,0,0.982143,integer,
agenda_items,court_id,KEEP_KEY,key_constraint,low,119,9,0,0,0,1,0,0.982143,integer,
agenda_items,resource_id,REVIEW_COLUMN,always_null_with_data,medium,119,9,0,0,0,0,0,1,integer,
agenda_items,professional_id,REVIEW_COLUMN,always_null_with_data,medium,119,9,0,0,0,0,0,1,integer,
agenda_resource_claims,id,KEEP_KEY,key_constraint,low,0,16,0,1,1,0,0,,uuid,gen_random_uuid()
agenda_resource_claims,env,KEEP_PENDING,runtime_refs_but_zero_rows,low,0,16,0,1,0,0,0,,text,'prod'::text
agenda_resource_claims,organization_id,KEEP_KEY,key_constraint,low,0,16,0,1,0,1,0,,integer,
agenda_resource_claims,event_id,KEEP_KEY,key_constraint,low,0,16,0,1,0,1,0,,integer,
agenda_resource_claims,source_type,KEEP_PENDING,runtime_refs_but_zero_rows,low,0,16,0,1,0,0,0,,USER-DEFINED,
agenda_resource_claims,source_id,KEEP_PENDING,runtime_refs_but_zero_rows,low,0,16,0,1,0,0,0,,text,
agenda_resource_claims,resource_type,KEEP_PENDING,runtime_refs_but_zero_rows,low,0,16,0,1,0,0,0,,USER-DEFINED,
agenda_resource_claims,resource_id,KEEP_PENDING,runtime_refs_but_zero_rows,low,0,16,0,1,0,0,0,,text,
agenda_resource_claims,starts_at,KEEP_PENDING,runtime_refs_but_zero_rows,low,0,16,0,1,0,0,0,,timestamp with time zone,
agenda_resource_claims,ends_at,KEEP_PENDING,runtime_refs_but_zero_rows,low,0,16,0,1,0,0,0,,timestamp with time zone,
agenda_resource_claims,status,KEEP_PENDING,runtime_refs_but_zero_rows,low,0,16,0,1,0,0,0,,USER-DEFINED,"'CLAIMED'::app_v3.""AgendaResourceClaimStatus"""
agenda_resource_claims,metadata,KEEP_PENDING,runtime_refs_but_zero_rows,low,0,16,0,1,0,0,0,,jsonb,'{}'::jsonb
agenda_resource_claims,created_at,KEEP_PENDING,runtime_refs_but_zero_rows,low,0,16,0,1,0,0,0,,timestamp with time zone,now()
agenda_resource_claims,updated_at,KEEP_PENDING,runtime_refs_but_zero_rows,low,0,16,0,1,0,0,0,,timestamp with time zone,now()
agenda_resource_claims,bundle_id,KEEP_PENDING,runtime_refs_but_zero_rows,low,0,16,0,1,0,0,0,,uuid,
agenda_resource_claims,authority_org_id,KEEP_PENDING,runtime_refs_but_zero_rows,low,0,16,0,1,0,0,0,,integer,
agenda_resource_claims,resource_key,KEEP_PENDING,runtime_refs_but_zero_rows,low,0,16,0,1,0,0,0,,text,
analytics_rollups,id,KEEP_KEY,key_constraint,low,756,9,0,3,1,0,0,0,integer,
analytics_rollups,organization_id,KEEP_KEY,key_constraint,low,756,9,0,3,0,1,0,0,integer,
analytics_rollups,bucket_date,KEEP,default_keep,low,756,9,0,3,0,0,0,0,date,
analytics_rollups,metric_key,KEEP,default_keep,low,756,9,0,3,0,0,0,0,USER-DEFINED,
analytics_rollups,dimension_key,KEEP,default_keep,low,756,9,0,3,0,0,0,0,USER-DEFINED,
analytics_rollups,dimension_value,KEEP,default_keep,low,756,9,0,3,0,0,0,0,text,
analytics_rollups,value,KEEP,default_keep,low,756,9,0,3,0,0,0,0,integer,
analytics_rollups,created_at,KEEP,default_keep,low,756,9,0,3,0,0,0,0,timestamp with time zone,now()
analytics_rollups,updated_at,KEEP,default_keep,low,756,9,0,3,0,0,0,0,timestamp with time zone,now()
analytics_rollups,env,KEEP,default_keep,low,756,9,0,3,0,0,0,0,text,'prod'::text
availability_change_conflicts,id,KEEP_KEY,key_constraint,low,0,11,0,2,1,0,0,,integer,nextval('app_v3.availability_change_conflicts_id_seq'::regclass)
availability_change_conflicts,env,KEEP_PENDING,runtime_refs_but_zero_rows,low,0,11,0,2,0,0,0,,text,'prod'::text
availability_change_conflicts,change_set_id,KEEP_KEY,key_constraint,low,0,11,0,2,0,1,0,,integer,
availability_change_conflicts,organization_id,KEEP_KEY,key_constraint,low,0,11,0,2,0,1,0,,integer,
availability_change_conflicts,status,KEEP_PENDING,runtime_refs_but_zero_rows,low,0,11,0,2,0,0,0,,USER-DEFINED,"'OPEN'::app_v3.""AvailabilityConflictStatus"""
availability_change_conflicts,entity_type,KEEP_PENDING,runtime_refs_but_zero_rows,low,0,11,0,2,0,0,0,,USER-DEFINED,
availability_change_conflicts,entity_id,KEEP_PENDING,runtime_refs_but_zero_rows,low,0,11,0,2,0,0,0,,integer,
availability_change_conflicts,scope_type,KEEP_PENDING,runtime_refs_but_zero_rows,low,0,11,0,2,0,0,0,,USER-DEFINED,"'ORGANIZATION'::app_v3.""AvailabilityScopeType"""
availability_change_conflicts,scope_id,KEEP_PENDING,runtime_refs_but_zero_rows,low,0,11,0,2,0,0,0,,integer,0
availability_change_conflicts,starts_at,KEEP_PENDING,runtime_refs_but_zero_rows,low,0,11,0,2,0,0,0,,timestamp with time zone,
availability_change_conflicts,ends_at,KEEP_PENDING,runtime_refs_but_zero_rows,low,0,11,0,2,0,0,0,,timestamp with time zone,
availability_change_conflicts,reason_code,KEEP_PENDING,runtime_refs_but_zero_rows,low,0,11,0,2,0,0,0,,text,
availability_change_conflicts,resolution_action,KEEP_PENDING,runtime_refs_but_zero_rows,low,0,11,0,2,0,0,0,,USER-DEFINED,
availability_change_conflicts,resolved_at,KEEP_PENDING,runtime_refs_but_zero_rows,low,0,11,0,2,0,0,0,,timestamp with time zone,
availability_change_conflicts,details,KEEP_PENDING,runtime_refs_but_zero_rows,low,0,11,0,2,0,0,0,,jsonb,
availability_change_conflicts,created_at,KEEP_PENDING,runtime_refs_but_zero_rows,low,0,11,0,2,0,0,0,,timestamp with time zone,now()
availability_change_conflicts,updated_at,KEEP_PENDING,runtime_refs_but_zero_rows,low,0,11,0,2,0,0,0,,timestamp with time zone,now()
availability_change_sets,id,KEEP_KEY,key_constraint,low,0,12,0,11,1,0,0,,integer,nextval('app_v3.availability_change_sets_id_seq'::regclass)
availability_change_sets,env,KEEP_PENDING,runtime_refs_but_zero_rows,low,0,12,0,11,0,0,0,,text,'prod'::text
availability_change_sets,organization_id,KEEP_KEY,key_constraint,low,0,12,0,11,0,1,0,,integer,
availability_change_sets,scope_type,KEEP_PENDING,runtime_refs_but_zero_rows,low,0,12,0,11,0,0,0,,USER-DEFINED,"'ORGANIZATION'::app_v3.""AvailabilityScopeType"""
availability_change_sets,scope_id,KEEP_PENDING,runtime_refs_but_zero_rows,low,0,12,0,11,0,0,0,,integer,0
availability_change_sets,schedule_id,KEEP_KEY,key_constraint,low,0,12,0,11,0,1,0,,integer,
availability_change_sets,status,KEEP_PENDING,runtime_refs_but_zero_rows,low,0,12,0,11,0,0,0,,USER-DEFINED,"'PENDING'::app_v3.""AvailabilityChangeSetStatus"""
availability_change_sets,requested_by_user_id,KEEP_KEY,key_constraint,low,0,12,0,11,0,1,0,,uuid,
availability_change_sets,draft_payload,KEEP_PENDING,runtime_refs_but_zero_rows,low,0,12,0,11,0,0,0,,jsonb,
availability_change_sets,preflight_summary,KEEP_PENDING,runtime_refs_but_zero_rows,low,0,12,0,11,0,0,0,,jsonb,
availability_change_sets,applied_at,KEEP_PENDING,runtime_refs_but_zero_rows,low,0,12,0,11,0,0,0,,timestamp with time zone,
availability_change_sets,cancelled_at,KEEP_PENDING,runtime_refs_but_zero_rows,low,0,12,0,11,0,0,0,,timestamp with time zone,
availability_change_sets,created_at,KEEP_PENDING,runtime_refs_but_zero_rows,low,0,12,0,11,0,0,0,,timestamp with time zone,now()
availability_change_sets,updated_at,KEEP_PENDING,runtime_refs_but_zero_rows,low,0,12,0,11,0,0,0,,timestamp with time zone,now()
availability_overrides,id,KEEP_KEY,key_constraint,low,31,15,0,11,1,0,0,0,integer,nextval('app_v3.availability_overrides_id_seq'::regclass)
availability_overrides,organization_id,KEEP_KEY,key_constraint,low,31,15,0,11,0,1,1,0,integer,
availability_overrides,date,KEEP_KEY,key_constraint,low,31,15,0,11,0,0,1,0,date,
availability_overrides,kind,KEEP,default_keep,low,31,15,0,11,0,0,0,0,USER-DEFINED,
availability_overrides,intervals,KEEP,default_keep,low,31,15,0,11,0,0,0,0,jsonb,'[]'::jsonb
availability_overrides,created_at,KEEP,default_keep,low,31,15,0,11,0,0,0,0,timestamp with time zone,now()
availability_overrides,updated_at,KEEP,default_keep,low,31,15,0,11,0,0,0,0,timestamp with time zone,now()
availability_overrides,scope_type,KEEP_KEY,key_constraint,low,31,15,0,11,0,0,1,0,USER-DEFINED,"'ORGANIZATION'::app_v3.""AvailabilityScopeType"""
availability_overrides,scope_id,KEEP_KEY,key_constraint,low,31,15,0,11,0,0,1,0,integer,0
availability_overrides,env,KEEP,default_keep,low,31,15,0,11,0,0,0,0,text,'prod'::text
availability_schedules,id,KEEP_KEY,key_constraint,low,137,19,0,18,1,0,0,0,integer,nextval('app_v3.availability_schedules_id_seq'::regclass)
availability_schedules,env,KEEP,default_keep,low,137,19,0,18,0,0,0,0,text,'prod'::text
availability_schedules,organization_id,KEEP_KEY,key_constraint,low,137,19,0,18,0,1,0,0,integer,
availability_schedules,scope_type,KEEP,default_keep,low,137,19,0,18,0,0,0,0,USER-DEFINED,"'ORGANIZATION'::app_v3.""AvailabilityScopeType"""
availability_schedules,scope_id,KEEP,default_keep,low,137,19,0,18,0,0,0,0,integer,0
availability_schedules,start_date,KEEP,default_keep,low,137,19,0,18,0,0,0,0,date,
availability_schedules,end_date,REVIEW_COLUMN,always_null_with_data,medium,137,19,0,18,0,0,0,1,date,
availability_schedules,created_at,KEEP,default_keep,low,137,19,0,18,0,0,0,0,timestamp with time zone,now()
availability_schedules,updated_at,KEEP,default_keep,low,137,19,0,18,0,0,0,0,timestamp with time zone,now()
booking_addons,env,KEEP_PENDING,runtime_refs_but_zero_rows,low,0,1,0,1,0,0,0,,text,'prod'::text
booking_addons,id,KEEP_KEY,key_constraint,low,0,1,0,1,1,0,0,,integer,
booking_addons,booking_id,KEEP_KEY,key_constraint,low,0,1,0,1,0,1,0,,integer,
booking_addons,addon_id,KEEP_KEY,key_constraint,low,0,1,0,1,0,1,0,,integer,
booking_addons,label,KEEP_PENDING,runtime_refs_but_zero_rows,low,0,1,0,1,0,0,0,,text,
booking_addons,delta_minutes,KEEP_PENDING,runtime_refs_but_zero_rows,low,0,1,0,1,0,0,0,,integer,0
booking_addons,delta_price_cents,KEEP_PENDING,runtime_refs_but_zero_rows,low,0,1,0,1,0,0,0,,integer,0
booking_addons,quantity,KEEP_PENDING,runtime_refs_but_zero_rows,low,0,1,0,1,0,0,0,,integer,1
booking_addons,sort_order,KEEP_PENDING,runtime_refs_but_zero_rows,low,0,1,0,1,0,0,0,,integer,0
booking_addons,created_at,KEEP_PENDING,runtime_refs_but_zero_rows,low,0,1,0,1,0,0,0,,timestamp with time zone,now()
booking_change_requests,env,KEEP_PENDING,runtime_refs_but_zero_rows,low,0,11,0,0,0,0,0,,text,'prod'::text
booking_change_requests,id,KEEP_KEY,key_constraint,low,0,11,0,0,1,0,0,,integer,nextval('app_v3.booking_change_requests_id_seq'::regclass)
booking_change_requests,booking_id,KEEP_KEY,key_constraint,low,0,11,0,0,0,1,0,,integer,
booking_change_requests,organization_id,KEEP_KEY,key_constraint,low,0,11,0,0,0,1,0,,integer,
booking_change_requests,requested_by,KEEP_PENDING,runtime_refs_but_zero_rows,low,0,11,0,0,0,0,0,,USER-DEFINED,
booking_change_requests,requested_by_user_id,KEEP_PENDING,runtime_refs_but_zero_rows,low,0,11,0,0,0,0,0,,uuid,
booking_change_requests,status,KEEP_PENDING,runtime_refs_but_zero_rows,low,0,11,0,0,0,0,0,,USER-DEFINED,"'PENDING'::app_v3.""BookingChangeRequestStatus"""
booking_change_requests,proposed_starts_at,KEEP_PENDING,runtime_refs_but_zero_rows,low,0,11,0,0,0,0,0,,timestamp with time zone,
booking_change_requests,proposed_court_id,KEEP_KEY,key_constraint,low,0,11,0,0,0,1,0,,integer,
booking_change_requests,proposed_professional_id,KEEP_KEY,key_constraint,low,0,11,0,0,0,1,0,,integer,
booking_change_requests,proposed_resource_id,KEEP_KEY,key_constraint,low,0,11,0,0,0,1,0,,integer,
booking_change_requests,price_delta_cents,KEEP_PENDING,runtime_refs_but_zero_rows,low,0,11,0,0,0,0,0,,integer,
booking_change_requests,currency,KEEP_PENDING,runtime_refs_but_zero_rows,low,0,11,0,0,0,0,0,,text,'EUR'::text
booking_change_requests,expires_at,KEEP_PENDING,runtime_refs_but_zero_rows,low,0,11,0,0,0,0,0,,timestamp with time zone,
booking_change_requests,responded_at,KEEP_PENDING,runtime_refs_but_zero_rows,low,0,11,0,0,0,0,0,,timestamp with time zone,
booking_change_requests,responded_by_user_id,KEEP_PENDING,runtime_refs_but_zero_rows,low,0,11,0,0,0,0,0,,uuid,
booking_change_requests,created_at,KEEP_PENDING,runtime_refs_but_zero_rows,low,0,11,0,0,0,0,0,,timestamp with time zone,now()
booking_change_requests,updated_at,KEEP_PENDING,runtime_refs_but_zero_rows,low,0,11,0,0,0,0,0,,timestamp with time zone,now()
booking_charges,id,KEEP_KEY,key_constraint,low,45,7,0,0,1,0,0,0,integer,nextval('app_v3.booking_charges_id_seq'::regclass)
booking_charges,env,KEEP,default_keep,low,45,7,0,0,0,0,0,0,text,'prod'::text
booking_charges,booking_id,KEEP_KEY,key_constraint,low,45,7,0,0,0,1,0,0,integer,
booking_charges,organization_id,KEEP_KEY,key_constraint,low,45,7,0,0,0,1,0,0,integer,
booking_charges,created_by_user_id,KEEP_KEY,key_constraint,low,45,7,0,0,0,1,0,0,uuid,
booking_charges,token,KEEP,default_keep,low,45,7,0,0,0,0,0,0,text,
booking_charges,kind,KEEP,default_keep,low,45,7,0,0,0,0,0,0,USER-DEFINED,"'EXTRA'::app_v3.""BookingChargeKind"""
booking_charges,payer_kind,KEEP,default_keep,low,45,7,0,0,0,0,0,0,USER-DEFINED,"'ORGANIZER'::app_v3.""BookingChargePayerKind"""
booking_charges,status,KEEP,default_keep,low,45,7,0,0,0,0,0,0,USER-DEFINED,"'OPEN'::app_v3.""BookingChargeStatus"""
booking_charges,label,KEEP,default_keep,low,45,7,0,0,0,0,0,0,text,
booking_charges,amount_cents,KEEP,default_keep,low,45,7,0,0,0,0,0,0,integer,
booking_charges,currency,KEEP,default_keep,low,45,7,0,0,0,0,0,0,text,'EUR'::text
booking_charges,payment_intent_id,REVIEW_COLUMN,always_null_with_data,medium,45,7,0,0,0,0,0,1,text,
booking_charges,payment_id,REVIEW_COLUMN,always_null_with_data,medium,45,7,0,0,0,0,0,1,text,
booking_charges,paid_at,KEEP,default_keep,low,45,7,0,0,0,0,0,0.470588,timestamp with time zone,
booking_charges,created_at,KEEP,default_keep,low,45,7,0,0,0,0,0,0,timestamp with time zone,now()
booking_charges,updated_at,KEEP,default_keep,low,45,7,0,0,0,0,0,0,timestamp with time zone,now()
booking_invites,env,KEEP_PENDING,runtime_refs_but_zero_rows,low,0,16,0,0,0,0,0,,text,'prod'::text
booking_invites,id,KEEP_KEY,key_constraint,low,0,16,0,0,1,0,0,,integer,
booking_invites,booking_id,KEEP_KEY,key_constraint,low,0,16,0,0,0,1,0,,integer,
booking_invites,organization_id,KEEP_KEY,key_constraint,low,0,16,0,0,0,1,0,,integer,
booking_invites,invited_by_user_id,KEEP_KEY,key_constraint,low,0,16,0,0,0,1,0,,uuid,
booking_invites,token,KEEP_KEY,key_constraint,low,0,16,0,0,0,0,1,,text,
booking_invites,target_name,KEEP_PENDING,runtime_refs_but_zero_rows,low,0,16,0,0,0,0,0,,text,
booking_invites,target_contact,KEEP_PENDING,runtime_refs_but_zero_rows,low,0,16,0,0,0,0,0,,USER-DEFINED,
booking_invites,message,KEEP_PENDING,runtime_refs_but_zero_rows,low,0,16,0,0,0,0,0,,text,
booking_invites,status,KEEP_PENDING,runtime_refs_but_zero_rows,low,0,16,0,0,0,0,0,,USER-DEFINED,"'PENDING'::app_v3.""BookingInviteStatus"""
booking_invites,responded_at,KEEP_PENDING,runtime_refs_but_zero_rows,low,0,16,0,0,0,0,0,,timestamp with time zone,
booking_invites,created_at,KEEP_PENDING,runtime_refs_but_zero_rows,low,0,16,0,0,0,0,0,,timestamp with time zone,now()
booking_invites,updated_at,KEEP_PENDING,runtime_refs_but_zero_rows,low,0,16,0,0,0,0,0,,timestamp with time zone,now()
booking_packages,env,KEEP_PENDING,runtime_refs_but_zero_rows,low,0,1,0,1,0,0,0,,text,'prod'::text
booking_packages,id,KEEP_KEY,key_constraint,low,0,1,0,1,1,0,0,,integer,
booking_packages,booking_id,KEEP_KEY,key_constraint,low,0,1,0,1,0,1,1,,integer,
booking_packages,package_id,KEEP_KEY,key_constraint,low,0,1,0,1,0,1,0,,integer,
booking_packages,label,KEEP_PENDING,runtime_refs_but_zero_rows,low,0,1,0,1,0,0,0,,text,
booking_packages,duration_minutes,KEEP_PENDING,runtime_refs_but_zero_rows,low,0,1,0,1,0,0,0,,integer,
booking_packages,price_cents,KEEP_PENDING,runtime_refs_but_zero_rows,low,0,1,0,1,0,0,0,,integer,
booking_packages,created_at,KEEP_PENDING,runtime_refs_but_zero_rows,low,0,1,0,1,0,0,0,,timestamp with time zone,now()
booking_participants,id,KEEP_KEY,key_constraint,low,194,4,0,0,1,0,0,0,integer,nextval('app_v3.booking_participants_id_seq'::regclass)
booking_participants,env,KEEP,default_keep,low,194,4,0,0,0,0,0,0,text,'prod'::text
booking_participants,booking_id,KEEP_KEY,key_constraint,low,194,4,0,0,0,1,0,0,integer,
booking_participants,invite_id,KEEP_KEY,key_constraint,low,194,4,0,0,0,1,1,1,integer,
booking_participants,user_id,KEEP_KEY,key_constraint,low,194,4,0,0,0,1,0,0,uuid,
booking_participants,name,KEEP,default_keep,low,194,4,0,0,0,0,0,0,text,
booking_participants,contact,KEEP,default_keep,low,194,4,0,0,0,0,0,0,USER-DEFINED,
booking_participants,status,KEEP,default_keep,low,194,4,0,0,0,0,0,0,USER-DEFINED,"'CONFIRMED'::app_v3.""BookingParticipantStatus"""
booking_participants,created_at,KEEP,default_keep,low,194,4,0,0,0,0,0,0,timestamp with time zone,now()
booking_participants,updated_at,KEEP,default_keep,low,194,4,0,0,0,0,0,0,timestamp with time zone,now()
booking_policy_refs,id,KEEP_KEY,key_constraint,low,2,3,0,0,1,0,0,,integer,nextval('app_v3.booking_policy_refs_id_seq'::regclass)
booking_policy_refs,booking_id,KEEP_KEY,key_constraint,low,2,3,0,0,0,1,0,,integer,
booking_policy_refs,policy_id,KEEP_KEY,key_constraint,low,2,3,0,0,0,1,0,,integer,
booking_policy_refs,created_at,KEEP,default_keep,low,2,3,0,0,0,0,0,,timestamp with time zone,CURRENT_TIMESTAMP
booking_policy_refs,env,KEEP,default_keep,low,2,3,0,0,0,0,0,,text,'prod'::text
booking_split_debts,env,KEEP_PENDING,runtime_refs_but_zero_rows,low,0,3,0,0,0,0,0,,text,'prod'::text
booking_split_debts,id,KEEP_KEY,key_constraint,low,0,3,0,0,1,0,0,,integer,
booking_split_debts,split_id,KEEP_KEY,key_constraint,low,0,3,0,0,0,1,1,,integer,
booking_split_debts,booking_id,KEEP_KEY,key_constraint,low,0,3,0,0,0,1,0,,integer,
booking_split_debts,organization_id,KEEP_KEY,key_constraint,low,0,3,0,0,0,1,0,,integer,
booking_split_debts,currency,KEEP_PENDING,runtime_refs_but_zero_rows,low,0,3,0,0,0,0,0,,text,'EUR'::text
booking_split_debts,outstanding_cents,KEEP_PENDING,runtime_refs_but_zero_rows,low,0,3,0,0,0,0,0,,integer,
booking_split_debts,opened_at,KEEP_PENDING,runtime_refs_but_zero_rows,low,0,3,0,0,0,0,0,,timestamp with time zone,now()
booking_split_debts,settled_at,KEEP_PENDING,runtime_refs_but_zero_rows,low,0,3,0,0,0,0,0,,timestamp with time zone,
booking_split_debts,metadata,KEEP_PENDING,runtime_refs_but_zero_rows,low,0,3,0,0,0,0,0,,jsonb,'{}'::jsonb
booking_split_hold_attempts,env,KEEP_PENDING,runtime_refs_but_zero_rows,low,0,2,0,0,0,0,0,,text,'prod'::text
booking_split_hold_attempts,id,KEEP_KEY,key_constraint,low,0,2,0,0,1,0,0,,integer,
booking_split_hold_attempts,split_id,KEEP_KEY,key_constraint,low,0,2,0,0,0,1,0,,integer,
booking_split_hold_attempts,attempt_no,KEEP_PENDING,runtime_refs_but_zero_rows,low,0,2,0,0,0,0,0,,integer,
booking_split_hold_attempts,status,KEEP_PENDING,runtime_refs_but_zero_rows,low,0,2,0,0,0,0,0,,USER-DEFINED,
booking_split_hold_attempts,previous_capture_before_at,KEEP_PENDING,runtime_refs_but_zero_rows,low,0,2,0,0,0,0,0,,timestamp with time zone,
booking_split_hold_attempts,next_capture_before_at,KEEP_PENDING,runtime_refs_but_zero_rows,low,0,2,0,0,0,0,0,,timestamp with time zone,
booking_split_hold_attempts,error_code,KEEP_PENDING,runtime_refs_but_zero_rows,low,0,2,0,0,0,0,0,,text,
booking_split_hold_attempts,metadata,KEEP_PENDING,runtime_refs_but_zero_rows,low,0,2,0,0,0,0,0,,jsonb,'{}'::jsonb
booking_split_hold_attempts,created_at,KEEP_PENDING,runtime_refs_but_zero_rows,low,0,2,0,0,0,0,0,,timestamp with time zone,now()
booking_split_offsession_attempts,env,KEEP_PENDING,runtime_refs_but_zero_rows,low,0,2,0,0,0,0,0,,text,'prod'::text
booking_split_offsession_attempts,id,KEEP_KEY,key_constraint,low,0,2,0,0,1,0,0,,integer,
booking_split_offsession_attempts,split_id,KEEP_KEY,key_constraint,low,0,2,0,0,0,1,0,,integer,
booking_split_offsession_attempts,participant_id,KEEP_KEY,key_constraint,low,0,2,0,0,0,1,0,,integer,
booking_split_offsession_attempts,attempt_no,KEEP_PENDING,runtime_refs_but_zero_rows,low,0,2,0,0,0,0,0,,integer,
booking_split_offsession_attempts,status,KEEP_PENDING,runtime_refs_but_zero_rows,low,0,2,0,0,0,0,0,,USER-DEFINED,
booking_split_offsession_attempts,payment_intent_id,KEEP_PENDING,runtime_refs_but_zero_rows,low,0,2,0,0,0,0,0,,text,
booking_split_offsession_attempts,error_code,KEEP_PENDING,runtime_refs_but_zero_rows,low,0,2,0,0,0,0,0,,text,
booking_split_offsession_attempts,created_at,KEEP_PENDING,runtime_refs_but_zero_rows,low,0,2,0,0,0,0,0,,timestamp with time zone,now()
booking_split_participants,env,KEEP_PENDING,runtime_refs_but_zero_rows,low,0,20,0,0,0,0,0,,text,'prod'::text
booking_split_participants,id,KEEP_KEY,key_constraint,low,0,20,0,0,1,0,0,,integer,nextval('app_v3.booking_split_participants_id_seq'::regclass)
booking_split_participants,split_id,KEEP_KEY,key_constraint,low,0,20,0,0,0,1,0,,integer,
booking_split_participants,invite_id,KEEP_KEY,key_constraint,low,0,20,0,0,0,1,1,,integer,
booking_split_participants,user_id,KEEP_KEY,key_constraint,low,0,20,0,0,0,1,0,,uuid,
booking_split_participants,name,KEEP_PENDING,runtime_refs_but_zero_rows,low,0,20,0,0,0,0,0,,text,
booking_split_participants,contact,KEEP_PENDING,runtime_refs_but_zero_rows,low,0,20,0,0,0,0,0,,USER-DEFINED,
booking_split_participants,base_share_cents,KEEP_PENDING,runtime_refs_but_zero_rows,low,0,20,0,0,0,0,0,,integer,
booking_split_participants,share_cents,KEEP_PENDING,runtime_refs_but_zero_rows,low,0,20,0,0,0,0,0,,integer,
booking_split_participants,platform_fee_cents,KEEP_PENDING,runtime_refs_but_zero_rows,low,0,20,0,0,0,0,0,,integer,0
booking_split_participants,status,KEEP_PENDING,runtime_refs_but_zero_rows,low,0,20,0,0,0,0,0,,USER-DEFINED,"'PENDING'::app_v3.""BookingSplitParticipantStatus"""
booking_split_participants,payment_intent_id,KEEP_PENDING,runtime_refs_but_zero_rows,low,0,20,0,0,0,0,0,,text,
booking_split_participants,paid_at,KEEP_PENDING,runtime_refs_but_zero_rows,low,0,20,0,0,0,0,0,,timestamp with time zone,
booking_split_participants,created_at,KEEP_PENDING,runtime_refs_but_zero_rows,low,0,20,0,0,0,0,0,,timestamp with time zone,now()
booking_split_participants,updated_at,KEEP_PENDING,runtime_refs_but_zero_rows,low,0,20,0,0,0,0,0,,timestamp with time zone,now()
booking_split_participants,offsession_payment_method_id,KEEP_PENDING,runtime_refs_but_zero_rows,low,0,20,0,0,0,0,0,,text,
booking_split_participants,offsession_customer_id,KEEP_PENDING,runtime_refs_but_zero_rows,low,0,20,0,0,0,0,0,,text,
booking_split_participants,active_share_attempt_id,KEEP_KEY,key_constraint,low,0,20,0,0,0,1,0,,integer,
booking_split_settlement_snapshots,env,KEEP_PENDING,runtime_refs_but_zero_rows,low,0,3,0,0,0,0,0,,text,'prod'::text
booking_split_settlement_snapshots,id,KEEP_KEY,key_constraint,low,0,3,0,0,1,0,0,,uuid,gen_random_uuid()
booking_split_settlement_snapshots,split_id,KEEP_KEY,key_constraint,low,0,3,0,0,0,1,1,,integer,
booking_split_settlement_snapshots,booking_id,KEEP_KEY,key_constraint,low,0,3,0,0,0,1,0,,integer,
booking_split_settlement_snapshots,organization_id,KEEP_KEY,key_constraint,low,0,3,0,0,0,1,0,,integer,
booking_split_settlement_snapshots,snapshot_hash,KEEP_PENDING,runtime_refs_but_zero_rows,low,0,3,0,0,0,0,0,,text,
booking_split_settlement_snapshots,snapshot,KEEP_PENDING,runtime_refs_but_zero_rows,low,0,3,0,0,0,0,0,,jsonb,
booking_split_settlement_snapshots,computed_at,KEEP_PENDING,runtime_refs_but_zero_rows,low,0,3,0,0,0,0,0,,timestamp with time zone,
booking_split_settlement_snapshots,created_at,KEEP_PENDING,runtime_refs_but_zero_rows,low,0,3,0,0,0,0,0,,timestamp with time zone,now()
booking_split_share_attempts,env,KEEP_PENDING,runtime_refs_but_zero_rows,low,0,9,0,0,0,0,0,,text,'prod'::text
booking_split_share_attempts,id,KEEP_KEY,key_constraint,low,0,9,0,0,1,0,0,,integer,
booking_split_share_attempts,participant_id,KEEP_KEY,key_constraint,low,0,9,0,0,0,1,0,,integer,
booking_split_share_attempts,attempt_no,KEEP_PENDING,runtime_refs_but_zero_rows,low,0,9,0,0,0,0,0,,integer,
booking_split_share_attempts,status,KEEP_PENDING,runtime_refs_but_zero_rows,low,0,9,0,0,0,0,0,,USER-DEFINED,
booking_split_share_attempts,failure_class,KEEP_PENDING,runtime_refs_but_zero_rows,low,0,9,0,0,0,0,0,,USER-DEFINED,
booking_split_share_attempts,payment_id,KEEP_PENDING,runtime_refs_but_zero_rows,low,0,9,0,0,0,0,0,,text,
booking_split_share_attempts,payment_intent_id,KEEP_PENDING,runtime_refs_but_zero_rows,low,0,9,0,0,0,0,0,,text,
booking_split_share_attempts,action_expire_at,KEEP_PENDING,runtime_refs_but_zero_rows,low,0,9,0,0,0,0,0,,timestamp with time zone,
booking_split_share_attempts,created_at,KEEP_PENDING,runtime_refs_but_zero_rows,low,0,9,0,0,0,0,0,,timestamp with time zone,now()
booking_split_share_attempts,updated_at,KEEP_PENDING,runtime_refs_but_zero_rows,low,0,9,0,0,0,0,0,,timestamp with time zone,now()
booking_splits,env,KEEP_PENDING,runtime_refs_but_zero_rows,low,0,19,0,0,0,0,0,,text,'prod'::text
booking_splits,id,KEEP_KEY,key_constraint,low,0,19,0,0,1,0,0,,integer,nextval('app_v3.booking_splits_id_seq'::regclass)
booking_splits,booking_id,KEEP_KEY,key_constraint,low,0,19,0,0,0,1,1,,integer,
booking_splits,organization_id,KEEP_KEY,key_constraint,low,0,19,0,0,0,1,0,,integer,
booking_splits,created_by_user_id,KEEP_KEY,key_constraint,low,0,19,0,0,0,1,0,,uuid,
booking_splits,pricing_mode,KEEP_PENDING,runtime_refs_but_zero_rows,low,0,19,0,0,0,0,0,,USER-DEFINED,"'FIXED'::app_v3.""BookingSplitPricingMode"""
booking_splits,status,KEEP_PENDING,runtime_refs_but_zero_rows,low,0,19,0,0,0,0,0,,USER-DEFINED,"'OPEN'::app_v3.""BookingSplitStatus"""
booking_splits,currency,KEEP_PENDING,runtime_refs_but_zero_rows,low,0,19,0,0,0,0,0,,text,'EUR'::text
booking_splits,total_cents,KEEP_PENDING,runtime_refs_but_zero_rows,low,0,19,0,0,0,0,0,,integer,
booking_splits,share_cents,KEEP_PENDING,runtime_refs_but_zero_rows,low,0,19,0,0,0,0,0,,integer,
booking_splits,deadline_at,KEEP_PENDING,runtime_refs_but_zero_rows,low,0,19,0,0,0,0,0,,timestamp with time zone,
booking_splits,created_at,KEEP_PENDING,runtime_refs_but_zero_rows,low,0,19,0,0,0,0,0,,timestamp with time zone,now()
booking_splits,updated_at,KEEP_PENDING,runtime_refs_but_zero_rows,low,0,19,0,0,0,0,0,,timestamp with time zone,now()
booking_splits,split_mode,KEEP_PENDING,runtime_refs_but_zero_rows,low,0,19,0,0,0,0,0,,USER-DEFINED,"'SPLIT_GARANTIDO'::app_v3.""BookingSplitMode"""
booking_splits,rail_state,KEEP_PENDING,runtime_refs_but_zero_rows,low,0,19,0,0,0,0,0,,USER-DEFINED,"'HOLD_CAPTURE'::app_v3.""BookingSplitRailState"""
booking_splits,capture_before_at,KEEP_PENDING,runtime_refs_but_zero_rows,low,0,19,0,0,0,0,0,,timestamp with time zone,
booking_splits,capture_before_source,KEEP_PENDING,runtime_refs_but_zero_rows,low,0,19,0,0,0,0,0,,USER-DEFINED,"'CANONICAL_COMPUTED_TABLE'::app_v3.""BookingSplitCaptureBeforeSource"""
booking_splits,retry_until_at,KEEP_PENDING,runtime_refs_but_zero_rows,low,0,19,0,0,0,0,0,,timestamp with time zone,
booking_splits,settled_at,KEEP_PENDING,runtime_refs_but_zero_rows,low,0,19,0,0,0,0,0,,timestamp with time zone,
booking_splits,debt_opened_at,KEEP_PENDING,runtime_refs_but_zero_rows,low,0,19,0,0,0,0,0,,timestamp with time zone,
booking_splits,cancel_reason,KEEP_PENDING,runtime_refs_but_zero_rows,low,0,19,0,0,0,0,0,,USER-DEFINED,
bookings,id,KEEP_KEY,key_constraint,low,154,92,2,18,1,0,0,0,integer,nextval('app_v3.bookings_id_seq'::regclass)
bookings,service_id,KEEP_KEY,key_constraint,low,154,92,2,18,0,1,0,0,integer,
bookings,organization_id,KEEP_KEY,key_constraint,low,154,92,2,18,0,1,0,0,integer,
bookings,user_id,KEEP_KEY,key_constraint,low,154,92,2,18,0,1,0,0,uuid,
bookings,payment_intent_id,REVIEW_COLUMN,always_null_with_data,medium,154,92,2,18,0,0,0,1,text,
bookings,starts_at,KEEP,default_keep,low,154,92,2,18,0,0,0,0,timestamp with time zone,
bookings,duration_minutes,KEEP,default_keep,low,154,92,2,18,0,0,0,0,integer,
bookings,price,KEEP,default_keep,low,154,92,2,18,0,0,0,0,integer,
bookings,currency,KEEP,default_keep,low,154,92,2,18,0,0,0,0,text,'EUR'::text
bookings,status,KEEP,default_keep,low,154,92,2,18,0,0,0,0,USER-DEFINED,"'PENDING_CONFIRMATION'::app_v3.""BookingStatus"""
bookings,created_at,KEEP,default_keep,low,154,92,2,18,0,0,0,0,timestamp with time zone,CURRENT_TIMESTAMP
bookings,updated_at,KEEP,default_keep,low,154,92,2,18,0,0,0,0,timestamp with time zone,CURRENT_TIMESTAMP
bookings,court_id,KEEP_KEY,key_constraint,low,154,92,2,18,0,1,0,0.333333,integer,
bookings,pending_expires_at,REVIEW_COLUMN,always_null_with_data,medium,154,92,2,18,0,0,0,1,timestamp with time zone,
bookings,snapshot_timezone,KEEP,default_keep,low,154,92,2,18,0,0,0,0,text,'Europe/Lisbon'::text
bookings,location_mode,KEEP,default_keep,low,154,92,2,18,0,0,0,0,USER-DEFINED,"'FIXED'::app_v3.""ServiceLocationMode"""
bookings,assignment_mode,KEEP,default_keep,low,154,92,2,18,0,0,0,0,USER-DEFINED,"'PROFESSIONAL_ONLY'::app_v3.""ReservationAssignmentMode"""
bookings,professional_id,KEEP_KEY,key_constraint,low,154,92,2,18,0,1,0,0.333333,integer,
bookings,resource_id,KEEP_KEY,key_constraint,low,154,92,2,18,0,1,0,0.333333,integer,
bookings,party_size,KEEP,default_keep,low,154,92,2,18,0,0,0,0,integer,
bookings,confirmation_snapshot,REVIEW_COLUMN,always_null_with_data,medium,154,92,2,18,0,0,0,1,jsonb,
bookings,confirmation_snapshot_version,REVIEW_COLUMN,always_null_with_data,medium,154,92,2,18,0,0,0,1,integer,
bookings,confirmation_snapshot_created_at,REVIEW_COLUMN,always_null_with_data,medium,154,92,2,18,0,0,0,1,timestamp with time zone,
bookings,env,KEEP,default_keep,low,154,92,2,18,0,0,0,0,text,'prod'::text
bookings,guest_email,REVIEW_COLUMN,always_null_with_data,medium,154,92,2,18,0,0,0,1,USER-DEFINED,
bookings,guest_name,REVIEW_COLUMN,always_null_with_data,medium,154,92,2,18,0,0,0,1,text,
bookings,guest_phone,REVIEW_COLUMN,always_null_with_data,medium,154,92,2,18,0,0,0,1,text,
bookings,address_id,KEEP,default_keep,low,154,92,2,18,0,0,0,0,uuid,
chat_access_grants,env,KEEP,default_keep,low,5,27,1,0,0,0,0,,text,'prod'::text
chat_access_grants,id,KEEP_KEY,key_constraint,low,5,27,1,0,1,0,0,,uuid,gen_random_uuid()
chat_access_grants,kind,KEEP,default_keep,low,5,27,1,0,0,0,0,,USER-DEFINED,
chat_access_grants,status,KEEP,default_keep,low,5,27,1,0,0,0,0,,USER-DEFINED,"'PENDING'::app_v3.""ChatAccessGrantStatus"""
chat_access_grants,context_type,KEEP,default_keep,low,5,27,1,0,0,0,0,,USER-DEFINED,
chat_access_grants,context_id,KEEP,default_keep,low,5,27,1,0,0,0,0,,text,
chat_access_grants,conversation_id,KEEP,default_keep,low,5,27,1,0,0,0,0,,uuid,
chat_access_grants,organization_id,KEEP,default_keep,low,5,27,1,0,0,0,0,,integer,
chat_access_grants,requester_id,KEEP,default_keep,low,5,27,1,0,0,0,0,,uuid,
chat_access_grants,target_user_id,KEEP,default_keep,low,5,27,1,0,0,0,0,,uuid,
chat_access_grants,target_organization_id,KEEP,default_keep,low,5,27,1,0,0,0,0,,integer,
chat_access_grants,event_id,KEEP,default_keep,low,5,27,1,0,0,0,0,,integer,
chat_access_grants,entitlement_id,KEEP,default_keep,low,5,27,1,0,0,0,0,,uuid,
chat_access_grants,thread_id,KEEP,default_keep,low,5,27,1,0,0,0,0,,uuid,
chat_access_grants,title,KEEP,default_keep,low,5,27,1,0,0,0,0,,text,
chat_access_grants,source_table,KEEP,default_keep,low,5,27,1,0,0,0,0,,text,
chat_access_grants,source_id,KEEP,default_keep,low,5,27,1,0,0,0,0,,uuid,
chat_access_grants,expires_at,KEEP,default_keep,low,5,27,1,0,0,0,0,,timestamp with time zone,
chat_access_grants,resolved_at,KEEP,default_keep,low,5,27,1,0,0,0,0,,timestamp with time zone,
chat_access_grants,resolved_by_user_id,KEEP,default_keep,low,5,27,1,0,0,0,0,,uuid,
chat_access_grants,accepted_at,KEEP,default_keep,low,5,27,1,0,0,0,0,,timestamp with time zone,
chat_access_grants,declined_at,KEEP,default_keep,low,5,27,1,0,0,0,0,,timestamp with time zone,
chat_access_grants,cancelled_at,KEEP,default_keep,low,5,27,1,0,0,0,0,,timestamp with time zone,
chat_access_grants,revoked_at,KEEP,default_keep,low,5,27,1,0,0,0,0,,timestamp with time zone,
chat_access_grants,metadata,KEEP,default_keep,low,5,27,1,0,0,0,0,,jsonb,'{}'::jsonb
chat_access_grants,created_at,KEEP,default_keep,low,5,27,1,0,0,0,0,,timestamp with time zone,now()
chat_access_grants,updated_at,KEEP,default_keep,low,5,27,1,0,0,0,0,,timestamp with time zone,now()
chat_conversation_attachments,id,KEEP_KEY,key_constraint,low,0,0,2,0,1,0,0,,uuid,gen_random_uuid()
chat_conversation_attachments,message_id,KEEP_KEY,key_constraint,low,0,0,2,0,0,1,0,,uuid,
chat_conversation_attachments,type,REVIEW_TABLE_COLUMN,table_zero_rows_nonruntime_refs_only,medium,0,0,2,0,0,0,0,,USER-DEFINED,
chat_conversation_attachments,url,REVIEW_TABLE_COLUMN,table_zero_rows_nonruntime_refs_only,medium,0,0,2,0,0,0,0,,text,
chat_conversation_attachments,mime,REVIEW_TABLE_COLUMN,table_zero_rows_nonruntime_refs_only,medium,0,0,2,0,0,0,0,,text,
chat_conversation_attachments,size,REVIEW_TABLE_COLUMN,table_zero_rows_nonruntime_refs_only,medium,0,0,2,0,0,0,0,,integer,
chat_conversation_attachments,metadata,REVIEW_TABLE_COLUMN,table_zero_rows_nonruntime_refs_only,medium,0,0,2,0,0,0,0,,jsonb,'{}'::jsonb
chat_conversation_attachments,created_at,REVIEW_TABLE_COLUMN,table_zero_rows_nonruntime_refs_only,medium,0,0,2,0,0,0,0,,timestamp with time zone,now()
chat_conversation_attachments,storage_path,REVIEW_TABLE_COLUMN,table_zero_rows_nonruntime_refs_only,medium,0,0,2,0,0,0,0,,text,
chat_conversation_attachments,width,REVIEW_TABLE_COLUMN,table_zero_rows_nonruntime_refs_only,medium,0,0,2,0,0,0,0,,integer,
chat_conversation_attachments,height,REVIEW_TABLE_COLUMN,table_zero_rows_nonruntime_refs_only,medium,0,0,2,0,0,0,0,,integer,
chat_conversation_attachments,env,REVIEW_TABLE_COLUMN,table_zero_rows_nonruntime_refs_only,medium,0,0,2,0,0,0,0,,text,'prod'::text
chat_conversation_members,conversation_id,KEEP_KEY,key_constraint,low,114,36,5,0,1,1,0,0,uuid,
chat_conversation_members,user_id,KEEP_KEY,key_constraint,low,114,36,5,0,1,1,0,0,uuid,
chat_conversation_members,role,KEEP,default_keep,low,114,36,5,0,0,0,0,0,USER-DEFINED,"'MEMBER'::app_v3.""ChatConversationMemberRole"""
chat_conversation_members,joined_at,KEEP,default_keep,low,114,36,5,0,0,0,0,0,timestamp with time zone,now()
chat_conversation_members,muted_until,REVIEW_COLUMN,always_null_with_data,medium,114,36,5,0,0,0,0,1,timestamp with time zone,
chat_conversation_members,last_read_message_id,KEEP_KEY,key_constraint,low,114,36,5,0,0,1,0,0.991228,uuid,
chat_conversation_members,organization_id,KEEP,default_keep,low,114,36,5,0,0,0,0,0.0350877,integer,
chat_conversation_members,notif_level,KEEP,default_keep,low,114,36,5,0,0,0,0,0,USER-DEFINED,"'ALL'::app_v3.""ChatConversationNotificationLevel"""
chat_conversation_members,last_read_at,KEEP,default_keep,low,114,36,5,0,0,0,0,0.991228,timestamp with time zone,
chat_conversation_members,env,KEEP,default_keep,low,114,36,5,0,0,0,0,0,text,'prod'::text
chat_conversation_members,display_as,KEEP,default_keep,low,114,36,5,0,0,0,0,0,USER-DEFINED,"'ORGANIZATION'::app_v3.""ChatMemberDisplayAs"""
chat_conversation_members,hidden_from_customer,KEEP,default_keep,low,114,36,5,0,0,0,0,0,boolean,false
chat_conversation_members,left_at,REVIEW_COLUMN,always_null_with_data,medium,114,36,5,0,0,0,0,1,timestamp with time zone,
chat_conversation_members,access_revoked_at,REVIEW_COLUMN,always_null_with_data,medium,114,36,5,0,0,0,0,1,timestamp with time zone,
chat_conversation_members,banned_at,REVIEW_COLUMN,always_null_with_data,medium,114,36,5,0,0,0,0,1,timestamp with time zone,
chat_conversation_messages,id,KEEP_KEY,key_constraint,low,67,38,4,0,1,0,0,0,uuid,gen_random_uuid()
chat_conversation_messages,conversation_id,KEEP_KEY,key_constraint,low,67,38,4,0,0,1,0,0,uuid,
chat_conversation_messages,sender_id,KEEP_KEY,key_constraint,low,67,38,4,0,0,1,0,0,uuid,
chat_conversation_messages,body,KEEP,default_keep,low,67,38,4,0,0,0,0,0,text,
chat_conversation_messages,client_message_id,KEEP,default_keep,low,67,38,4,0,0,0,0,0,text,
chat_conversation_messages,created_at,KEEP,default_keep,low,67,38,4,0,0,0,0,0,timestamp with time zone,now()
chat_conversation_messages,edited_at,REVIEW_COLUMN,always_null_with_data,medium,67,38,4,0,0,0,0,1,timestamp with time zone,
chat_conversation_messages,deleted_at,REVIEW_COLUMN,always_null_with_data,medium,67,38,4,0,0,0,0,1,timestamp with time zone,
chat_conversation_messages,reply_to_id,KEEP_KEY,key_constraint,low,67,38,4,0,0,1,0,1,uuid,
chat_conversation_messages,organization_id,KEEP,default_keep,low,67,38,4,0,0,0,0,0.0149254,integer,
chat_conversation_messages,kind,KEEP,default_keep,low,67,38,4,0,0,0,0,0,USER-DEFINED,"'TEXT'::app_v3.""ChatConversationMessageKind"""
chat_conversation_messages,metadata,KEEP,default_keep,low,67,38,4,0,0,0,0,0,jsonb,'{}'::jsonb
chat_conversation_messages,env,KEEP,default_keep,low,67,38,4,0,0,0,0,0,text,'prod'::text
chat_conversations,id,KEEP_KEY,key_constraint,low,9,47,3,0,1,0,0,0,uuid,gen_random_uuid()
chat_conversations,organization_id,KEEP_KEY,key_constraint,low,9,47,3,0,0,1,0,0.222222,integer,
chat_conversations,type,KEEP,default_keep,low,9,47,3,0,0,0,0,0,USER-DEFINED,
chat_conversations,title,KEEP,default_keep,low,9,47,3,0,0,0,0,0.222222,text,
chat_conversations,created_by_user_id,KEEP_KEY,key_constraint,low,9,47,3,0,0,1,0,0,uuid,
chat_conversations,created_at,KEEP,default_keep,low,9,47,3,0,0,0,0,0,timestamp with time zone,now()
chat_conversations,last_message_at,KEEP,default_keep,low,9,47,3,0,0,0,0,0.111111,timestamp with time zone,
chat_conversations,last_message_id,KEEP_KEY,key_constraint,low,9,47,3,0,0,1,0,0.111111,uuid,
chat_conversations,description,KEEP,default_keep,low,9,47,3,0,0,0,0,0.222222,text,
chat_conversations,updated_at,KEEP,default_keep,low,9,47,3,0,0,0,0,0,timestamp with time zone,now()
chat_conversations,env,KEEP,default_keep,low,9,47,3,0,0,0,0,0,text,'prod'::text
chat_conversations,context_type,KEEP,default_keep,low,9,47,3,0,0,0,0,0,USER-DEFINED,
chat_conversations,context_id,KEEP,default_keep,low,9,47,3,0,0,0,0,0,text,
chat_conversations,customer_id,REVIEW_COLUMN,always_null_with_data,medium,9,47,3,0,0,0,0,1,uuid,
chat_conversations,professional_id,REVIEW_COLUMN,always_null_with_data,medium,9,47,3,0,0,0,0,1,uuid,
chat_conversations,open_at,KEEP,default_keep,low,9,47,3,0,0,0,0,0.222222,timestamp with time zone,
chat_conversations,read_only_at,REVIEW_COLUMN,always_null_with_data,medium,9,47,3,0,0,0,0,1,timestamp with time zone,
chat_conversations,close_at,REVIEW_COLUMN,always_null_with_data,medium,9,47,3,0,0,0,0,1,timestamp with time zone,
chat_message_pins,id,KEEP_KEY,key_constraint,low,0,5,0,0,1,0,0,,uuid,gen_random_uuid()
chat_message_pins,message_id,KEEP_KEY,key_constraint,low,0,5,0,0,0,1,0,,uuid,
chat_message_pins,pinned_by,KEEP_KEY,key_constraint,low,0,5,0,0,0,1,0,,uuid,
chat_message_pins,pinned_at,KEEP_PENDING,runtime_refs_but_zero_rows,low,0,5,0,0,0,0,0,,timestamp with time zone,now()
chat_message_pins,env,KEEP_PENDING,runtime_refs_but_zero_rows,low,0,5,0,0,0,0,0,,text,'prod'::text
chat_message_reactions,message_id,KEEP_KEY,key_constraint,low,0,8,0,0,1,1,0,,uuid,
chat_message_reactions,user_id,KEEP_KEY,key_constraint,low,0,8,0,0,1,1,0,,uuid,
chat_message_reactions,emoji,KEEP_KEY,key_constraint,low,0,8,0,0,1,0,0,,text,
chat_message_reactions,created_at,KEEP_PENDING,runtime_refs_but_zero_rows,low,0,8,0,0,0,0,0,,timestamp with time zone,now()
chat_message_reactions,env,KEEP_PENDING,runtime_refs_but_zero_rows,low,0,8,0,0,0,0,0,,text,'prod'::text
chat_message_reports,id,KEEP_KEY,key_constraint,low,0,1,0,0,1,0,0,,uuid,gen_random_uuid()
chat_message_reports,message_id,KEEP_KEY,key_constraint,low,0,1,0,0,0,1,0,,uuid,
chat_message_reports,reporter_id,KEEP_KEY,key_constraint,low,0,1,0,0,0,1,0,,uuid,
chat_message_reports,reason,KEEP_PENDING,runtime_refs_but_zero_rows,low,0,1,0,0,0,0,0,,text,
chat_message_reports,metadata,KEEP_PENDING,runtime_refs_but_zero_rows,low,0,1,0,0,0,0,0,,jsonb,'{}'::jsonb
chat_message_reports,created_at,KEEP_PENDING,runtime_refs_but_zero_rows,low,0,1,0,0,0,0,0,,timestamp with time zone,now()
chat_message_reports,env,KEEP_PENDING,runtime_refs_but_zero_rows,low,0,1,0,0,0,0,0,,text,'prod'::text
chat_user_blocks,id,KEEP_KEY,key_constraint,low,0,7,0,0,1,0,0,,uuid,gen_random_uuid()
chat_user_blocks,blocker_id,KEEP_KEY,key_constraint,low,0,7,0,0,0,1,0,,uuid,
chat_user_blocks,blocked_id,KEEP_KEY,key_constraint,low,0,7,0,0,0,1,0,,uuid,
chat_user_blocks,reason,KEEP_PENDING,runtime_refs_but_zero_rows,low,0,7,0,0,0,0,0,,text,
chat_user_blocks,created_at,KEEP_PENDING,runtime_refs_but_zero_rows,low,0,7,0,0,0,0,0,,timestamp with time zone,now()
chat_user_blocks,env,KEEP_PENDING,runtime_refs_but_zero_rows,low,0,7,0,0,0,0,0,,text,'prod'::text
chat_user_presence,user_id,KEEP_KEY,key_constraint,low,2,2,1,0,1,1,0,,uuid,
chat_user_presence,last_seen_at,KEEP,default_keep,low,2,2,1,0,0,0,0,,timestamp with time zone,
chat_user_presence,updated_at,KEEP,default_keep,low,2,2,1,0,0,0,0,,timestamp with time zone,now()
chat_user_presence,env,KEEP,default_keep,low,2,2,1,0,0,0,0,,text,'prod'::text
class_series,env,KEEP_PENDING,runtime_refs_but_zero_rows,low,0,6,0,0,0,0,0,,text,'prod'::text
class_series,id,KEEP_KEY,key_constraint,low,0,6,0,0,1,0,0,,integer,nextval('app_v3.class_series_id_seq'::regclass)
class_series,organization_id,KEEP_KEY,key_constraint,low,0,6,0,0,0,1,0,,integer,
class_series,service_id,KEEP_KEY,key_constraint,low,0,6,0,0,0,1,0,,integer,
class_series,court_id,KEEP_KEY,key_constraint,low,0,6,0,0,0,1,0,,integer,
class_series,professional_id,KEEP_KEY,key_constraint,low,0,6,0,0,0,1,0,,integer,
class_series,day_of_week,KEEP_PENDING,runtime_refs_but_zero_rows,low,0,6,0,0,0,0,0,,integer,
class_series,start_minute,KEEP_PENDING,runtime_refs_but_zero_rows,low,0,6,0,0,0,0,0,,integer,
class_series,duration_minutes,KEEP_PENDING,runtime_refs_but_zero_rows,low,0,6,0,0,0,0,0,,integer,
class_series,capacity,KEEP_PENDING,runtime_refs_but_zero_rows,low,0,6,0,0,0,0,0,,integer,1
class_series,valid_from,KEEP_PENDING,runtime_refs_but_zero_rows,low,0,6,0,0,0,0,0,,date,
class_series,valid_until,KEEP_PENDING,runtime_refs_but_zero_rows,low,0,6,0,0,0,0,0,,date,
class_series,is_active,KEEP_PENDING,runtime_refs_but_zero_rows,low,0,6,0,0,0,0,0,,boolean,true
class_series,created_at,KEEP_PENDING,runtime_refs_but_zero_rows,low,0,6,0,0,0,0,0,,timestamp with time zone,now()
class_series,updated_at,KEEP_PENDING,runtime_refs_but_zero_rows,low,0,6,0,0,0,0,0,,timestamp with time zone,now()
class_sessions,env,KEEP_PENDING,runtime_refs_but_zero_rows,low,0,32,0,15,0,0,0,,text,'prod'::text
class_sessions,id,KEEP_KEY,key_constraint,low,0,32,0,15,1,0,0,,integer,nextval('app_v3.class_sessions_id_seq'::regclass)
class_sessions,series_id,KEEP_KEY,key_constraint,low,0,32,0,15,0,1,1,,integer,
class_sessions,organization_id,KEEP_KEY,key_constraint,low,0,32,0,15,0,1,0,,integer,
class_sessions,service_id,KEEP_KEY,key_constraint,low,0,32,0,15,0,1,0,,integer,
class_sessions,court_id,KEEP_KEY,key_constraint,low,0,32,0,15,0,1,0,,integer,
class_sessions,professional_id,KEEP_KEY,key_constraint,low,0,32,0,15,0,1,0,,integer,
class_sessions,starts_at,KEEP_KEY,key_constraint,low,0,32,0,15,0,0,1,,timestamp with time zone,
class_sessions,ends_at,KEEP_PENDING,runtime_refs_but_zero_rows,low,0,32,0,15,0,0,0,,timestamp with time zone,
class_sessions,capacity,KEEP_PENDING,runtime_refs_but_zero_rows,low,0,32,0,15,0,0,0,,integer,1
class_sessions,status,KEEP_PENDING,runtime_refs_but_zero_rows,low,0,32,0,15,0,0,0,,USER-DEFINED,"'SCHEDULED'::app_v3.""ClassSessionStatus"""
class_sessions,created_at,KEEP_PENDING,runtime_refs_but_zero_rows,low,0,32,0,15,0,0,0,,timestamp with time zone,now()
class_sessions,updated_at,KEEP_PENDING,runtime_refs_but_zero_rows,low,0,32,0,15,0,0,0,,timestamp with time zone,now()
crm_campaign_approvals,id,KEEP_KEY,key_constraint,low,0,4,0,0,1,0,0,,uuid,gen_random_uuid()
crm_campaign_approvals,env,KEEP_PENDING,runtime_refs_but_zero_rows,low,0,4,0,0,0,0,0,,text,'prod'::text
crm_campaign_approvals,organization_id,KEEP_KEY,key_constraint,low,0,4,0,0,0,1,0,,integer,
crm_campaign_approvals,campaign_id,KEEP_KEY,key_constraint,low,0,4,0,0,0,1,0,,uuid,
crm_campaign_approvals,state,KEEP_PENDING,runtime_refs_but_zero_rows,low,0,4,0,0,0,0,0,,USER-DEFINED,
crm_campaign_approvals,action,KEEP_PENDING,runtime_refs_but_zero_rows,low,0,4,0,0,0,0,0,,USER-DEFINED,
crm_campaign_approvals,actor_user_id,KEEP_PENDING,runtime_refs_but_zero_rows,low,0,4,0,0,0,0,0,,uuid,
crm_campaign_approvals,reason,KEEP_PENDING,runtime_refs_but_zero_rows,low,0,4,0,0,0,0,0,,text,
crm_campaign_approvals,metadata,KEEP_PENDING,runtime_refs_but_zero_rows,low,0,4,0,0,0,0,0,,jsonb,'{}'::jsonb
crm_campaign_approvals,created_at,KEEP_PENDING,runtime_refs_but_zero_rows,low,0,4,0,0,0,0,0,,timestamp with time zone,now()
crm_campaign_deliveries,id,KEEP_KEY,key_constraint,low,28,20,0,1,1,0,0,0,uuid,gen_random_uuid()
crm_campaign_deliveries,organization_id,KEEP_KEY,key_constraint,low,28,20,0,1,0,1,0,0,integer,
crm_campaign_deliveries,campaign_id,KEEP_KEY,key_constraint,low,28,20,0,1,0,1,0,0,uuid,
crm_campaign_deliveries,user_id,KEEP_KEY,key_constraint,low,28,20,0,1,0,1,0,0.107143,uuid,
crm_campaign_deliveries,notification_id,KEEP_KEY,key_constraint,low,28,20,0,1,0,1,0,1,uuid,
crm_campaign_deliveries,status,KEEP,default_keep,low,28,20,0,1,0,0,0,0,USER-DEFINED,"'SENT'::app_v3.""CrmDeliveryStatus"""
crm_campaign_deliveries,sent_at,KEEP,default_keep,low,28,20,0,1,0,0,0,0,timestamp with time zone,
crm_campaign_deliveries,opened_at,KEEP,default_keep,low,28,20,0,1,0,0,0,0.392857,timestamp with time zone,
crm_campaign_deliveries,clicked_at,KEEP,default_keep,low,28,20,0,1,0,0,0,0.785714,timestamp with time zone,
crm_campaign_deliveries,error_code,REVIEW_COLUMN,always_null_with_data,medium,28,20,0,1,0,0,0,1,text,
crm_campaign_deliveries,error_message,REVIEW_COLUMN,always_null_with_data,medium,28,20,0,1,0,0,0,1,text,
crm_campaign_deliveries,env,KEEP,default_keep,low,28,20,0,1,0,0,0,0,text,'prod'::text
crm_campaign_deliveries,contact_id,KEEP_KEY,key_constraint,low,28,20,0,1,0,1,0,0,uuid,
crm_campaign_deliveries,channel,KEEP,default_keep,low,28,20,0,1,0,0,0,0,USER-DEFINED,"'IN_APP'::app_v3.""CrmCampaignDeliveryChannel"""
crm_campaigns,id,KEEP_KEY,key_constraint,low,7,28,0,1,1,0,0,0,uuid,gen_random_uuid()
crm_campaigns,organization_id,KEEP_KEY,key_constraint,low,7,28,0,1,0,1,0,0,integer,
crm_campaigns,segment_id,KEEP_KEY,key_constraint,low,7,28,0,1,0,1,0,0,uuid,
crm_campaigns,name,KEEP,default_keep,low,7,28,0,1,0,0,0,0,text,
crm_campaigns,description,KEEP,default_keep,low,7,28,0,1,0,0,0,0,text,
crm_campaigns,channel,KEEP,default_keep,low,7,28,0,1,0,0,0,0,USER-DEFINED,"'IN_APP'::app_v3.""CrmCampaignChannel"""
crm_campaigns,status,KEEP,default_keep,low,7,28,0,1,0,0,0,0,USER-DEFINED,"'DRAFT'::app_v3.""CrmCampaignStatus"""
crm_campaigns,payload,KEEP,default_keep,low,7,28,0,1,0,0,0,0,jsonb,'{}'::jsonb
crm_campaigns,scheduled_at,KEEP,default_keep,low,7,28,0,1,0,0,0,0,timestamp with time zone,
crm_campaigns,sent_at,KEEP,default_keep,low,7,28,0,1,0,0,0,0,timestamp with time zone,
crm_campaigns,sent_count,KEEP,default_keep,low,7,28,0,1,0,0,0,0,integer,0
crm_campaigns,opened_count,KEEP,default_keep,low,7,28,0,1,0,0,0,0,integer,0
crm_campaigns,clicked_count,KEEP,default_keep,low,7,28,0,1,0,0,0,0,integer,0
crm_campaigns,failed_count,KEEP,default_keep,low,7,28,0,1,0,0,0,0,integer,0
crm_campaigns,created_by_user_id,KEEP_KEY,key_constraint,low,7,28,0,1,0,1,0,0,uuid,
crm_campaigns,created_at,KEEP,default_keep,low,7,28,0,1,0,0,0,0,timestamp with time zone,CURRENT_TIMESTAMP
crm_campaigns,updated_at,KEEP,default_keep,low,7,28,0,1,0,0,0,0,timestamp with time zone,CURRENT_TIMESTAMP
crm_campaigns,env,KEEP,default_keep,low,7,28,0,1,0,0,0,0,text,'prod'::text
crm_campaigns,channels,KEEP,default_keep,low,7,28,0,1,0,0,0,0,jsonb,"'{""email"": false, ""inApp"": true}'::jsonb"
crm_campaigns,approval_state,KEEP,default_keep,low,7,28,0,1,0,0,0,0,USER-DEFINED,"'DRAFT'::app_v3.""CrmCampaignApprovalState"""
crm_campaigns,approval_submitted_at,KEEP,default_keep,low,7,28,0,1,0,0,0,0,timestamp with time zone,
crm_campaigns,approval_expires_at,REVIEW_COLUMN,always_null_with_data,medium,7,28,0,1,0,0,0,1,timestamp with time zone,
crm_campaigns,approved_by_user_id,KEEP,default_keep,low,7,28,0,1,0,0,0,0,uuid,
crm_campaigns,approved_at,KEEP,default_keep,low,7,28,0,1,0,0,0,0,timestamp with time zone,
crm_campaigns,rejected_by_user_id,REVIEW_COLUMN,always_null_with_data,medium,7,28,0,1,0,0,0,1,uuid,
crm_campaigns,rejected_at,REVIEW_COLUMN,always_null_with_data,medium,7,28,0,1,0,0,0,1,timestamp with time zone,
crm_campaigns,audience_snapshot,KEEP,default_keep,low,7,28,0,1,0,0,0,0,jsonb,'{}'::jsonb
crm_campaigns,cancelled_at,REVIEW_COLUMN,always_null_with_data,medium,7,28,0,1,0,0,0,1,timestamp with time zone,
crm_contact_consents,id,KEEP_KEY,key_constraint,low,363,12,0,0,1,0,0,0,uuid,gen_random_uuid()
crm_contact_consents,organization_id,KEEP_KEY,key_constraint,low,363,12,0,0,0,1,1,0,integer,
crm_contact_consents,contact_id,KEEP_KEY,key_constraint,low,363,12,0,0,0,1,1,0,uuid,
crm_contact_consents,type,KEEP_KEY,key_constraint,low,363,12,0,0,0,0,1,0,USER-DEFINED,
crm_contact_consents,status,KEEP,default_keep,low,363,12,0,0,0,0,0,0,USER-DEFINED,
crm_contact_consents,source,KEEP,default_keep,low,363,12,0,0,0,0,0,0,text,
crm_contact_consents,granted_at,KEEP,default_keep,low,363,12,0,0,0,0,0,0.118457,timestamp with time zone,
crm_contact_consents,revoked_at,KEEP,default_keep,low,363,12,0,0,0,0,0,0.881543,timestamp with time zone,
crm_contact_consents,expires_at,REVIEW_COLUMN,always_null_with_data,medium,363,12,0,0,0,0,0,1,timestamp with time zone,
crm_contact_consents,created_at,KEEP,default_keep,low,363,12,0,0,0,0,0,0,timestamp with time zone,now()
crm_contact_consents,updated_at,KEEP,default_keep,low,363,12,0,0,0,0,0,0,timestamp with time zone,now()
crm_contact_consents,env,KEEP,default_keep,low,363,12,0,0,0,0,0,0,text,'prod'::text
crm_contact_notes,id,KEEP_KEY,key_constraint,low,59,5,0,0,1,0,0,0,uuid,gen_random_uuid()
crm_contact_notes,organization_id,KEEP_KEY,key_constraint,low,59,5,0,0,0,1,0,0,integer,
crm_contact_notes,contact_id,KEEP_KEY,key_constraint,low,59,5,0,0,0,1,0,0,uuid,
crm_contact_notes,author_user_id,KEEP_KEY,key_constraint,low,59,5,0,0,0,1,0,0,uuid,
crm_contact_notes,body,KEEP,default_keep,low,59,5,0,0,0,0,0,0,text,
crm_contact_notes,created_at,KEEP,default_keep,low,59,5,0,0,0,0,0,0,timestamp with time zone,now()
crm_contact_notes,updated_at,KEEP,default_keep,low,59,5,0,0,0,0,0,0,timestamp with time zone,now()
crm_contact_notes,env,KEEP,default_keep,low,59,5,0,0,0,0,0,0,text,'prod'::text
crm_contact_padel,id,KEEP_KEY,key_constraint,low,103,6,0,0,1,0,0,0,uuid,gen_random_uuid()
crm_contact_padel,organization_id,KEEP_KEY,key_constraint,low,103,6,0,0,0,1,0,0,integer,
crm_contact_padel,contact_id,KEEP_KEY,key_constraint,low,103,6,0,0,0,1,1,0,uuid,
crm_contact_padel,player_profile_id,KEEP_KEY,key_constraint,low,103,6,0,0,0,1,0,0,integer,
crm_contact_padel,level,KEEP,default_keep,low,103,6,0,0,0,0,0,0,text,
crm_contact_padel,preferred_side,KEEP,default_keep,low,103,6,0,0,0,0,0,0,USER-DEFINED,
crm_contact_padel,club_name,KEEP,default_keep,low,103,6,0,0,0,0,0,0.0194175,text,
crm_contact_padel,tournaments_count,KEEP,default_keep,low,103,6,0,0,0,0,0,0,integer,0
crm_contact_padel,no_show_count,KEEP,default_keep,low,103,6,0,0,0,0,0,0,integer,0
crm_contact_padel,created_at,KEEP,default_keep,low,103,6,0,0,0,0,0,0,timestamp with time zone,now()
crm_contact_padel,updated_at,KEEP,default_keep,low,103,6,0,0,0,0,0,0,timestamp with time zone,now()
crm_contact_padel,env,KEEP,default_keep,low,103,6,0,0,0,0,0,0,text,'prod'::text
crm_contacts,id,KEEP_KEY,key_constraint,low,158,45,0,2,1,0,0,0,uuid,gen_random_uuid()
crm_contacts,organization_id,KEEP_KEY,key_constraint,low,158,45,0,2,0,1,1,0,integer,
crm_contacts,user_id,KEEP_KEY,key_constraint,low,158,45,0,2,0,1,1,0.0192308,uuid,
crm_contacts,email_identity_id,KEEP_KEY,key_constraint,low,158,45,0,2,0,1,1,0.487179,uuid,
crm_contacts,status,KEEP,default_keep,low,158,45,0,2,0,0,0,0,USER-DEFINED,"'ACTIVE'::app_v3.""CrmContactStatus"""
crm_contacts,contact_type,KEEP,default_keep,low,158,45,0,2,0,0,0,0,USER-DEFINED,"'LEAD'::app_v3.""CrmContactType"""
crm_contacts,display_name,KEEP,default_keep,low,158,45,0,2,0,0,0,0.0128205,text,
crm_contacts,contact_email,KEEP,default_keep,low,158,45,0,2,0,0,0,0.935897,USER-DEFINED,
crm_contacts,contact_phone,KEEP,default_keep,low,158,45,0,2,0,0,0,0.980769,text,
crm_contacts,legal_basis,KEEP,default_keep,low,158,45,0,2,0,0,0,0.0641026,USER-DEFINED,
crm_contacts,marketing_email_opt_in,KEEP,default_keep,low,158,45,0,2,0,0,0,0,boolean,false
crm_contacts,marketing_push_opt_in,KEEP,default_keep,low,158,45,0,2,0,0,0,0,boolean,false
crm_contacts,first_interaction_at,KEEP,default_keep,low,158,45,0,2,0,0,0,0.0192308,timestamp with time zone,
crm_contacts,last_activity_at,KEEP,default_keep,low,158,45,0,2,0,0,0,0.0192308,timestamp with time zone,
crm_contacts,last_purchase_at,KEEP,default_keep,low,158,45,0,2,0,0,0,0.0897436,timestamp with time zone,
crm_contacts,total_spent_cents,KEEP,default_keep,low,158,45,0,2,0,0,0,0,integer,0
crm_contacts,total_orders,KEEP,default_keep,low,158,45,0,2,0,0,0,0,integer,0
crm_contacts,total_bookings,KEEP,default_keep,low,158,45,0,2,0,0,0,0,integer,0
crm_contacts,total_attendances,KEEP,default_keep,low,158,45,0,2,0,0,0,0,integer,0
crm_contacts,total_tournaments,KEEP,default_keep,low,158,45,0,2,0,0,0,0,integer,0
crm_contacts,total_store_orders,KEEP,default_keep,low,158,45,0,2,0,0,0,0,integer,0
crm_contacts,tags,KEEP,default_keep,low,158,45,0,2,0,0,0,0,ARRAY,'{}'::text[]
crm_contacts,notes_count,KEEP,default_keep,low,158,45,0,2,0,0,0,0,integer,0
crm_contacts,source_type,KEEP,default_keep,low,158,45,0,2,0,0,0,0.0192308,text,
crm_contacts,source_id,KEEP,default_keep,low,158,45,0,2,0,0,0,0.0192308,text,
crm_contacts,external_id,KEEP,default_keep,low,158,45,0,2,0,0,0,0.608974,text,
crm_contacts,custom_fields,KEEP,default_keep,low,158,45,0,2,0,0,0,0,jsonb,'{}'::jsonb
crm_contacts,created_at,KEEP,default_keep,low,158,45,0,2,0,0,0,0,timestamp with time zone,now()
crm_contacts,updated_at,KEEP,default_keep,low,158,45,0,2,0,0,0,0,timestamp with time zone,now()
crm_contacts,env,KEEP,default_keep,low,158,45,0,2,0,0,0,0,text,'prod'::text
crm_interactions,id,KEEP_KEY,key_constraint,low,527,8,2,0,1,0,0,0,uuid,gen_random_uuid()
crm_interactions,organization_id,KEEP_KEY,key_constraint,low,527,8,2,0,0,1,1,0,integer,
crm_interactions,user_id,KEEP_KEY,key_constraint,low,527,8,2,0,0,1,0,0.0172414,uuid,
crm_interactions,type,KEEP,default_keep,low,527,8,2,0,0,0,0,0,USER-DEFINED,
crm_interactions,source_type,KEEP,default_keep,low,527,8,2,0,0,0,0,0,USER-DEFINED,
crm_interactions,source_id,KEEP,default_keep,low,527,8,2,0,0,0,0,0,text,
crm_interactions,occurred_at,KEEP,default_keep,low,527,8,2,0,0,0,0,0,timestamp with time zone,
crm_interactions,amount_cents,KEEP,default_keep,low,527,8,2,0,0,0,0,0.463602,integer,
crm_interactions,currency,KEEP,default_keep,low,527,8,2,0,0,0,0,0,text,'EUR'::text
crm_interactions,metadata,KEEP,default_keep,low,527,8,2,0,0,0,0,0,jsonb,'{}'::jsonb
crm_interactions,created_at,KEEP,default_keep,low,527,8,2,0,0,0,0,0,timestamp with time zone,CURRENT_TIMESTAMP
crm_interactions,env,KEEP,default_keep,low,527,8,2,0,0,0,0,0,text,'prod'::text
crm_interactions,contact_id,KEEP_KEY,key_constraint,low,527,8,2,0,0,1,0,0,uuid,
crm_interactions,event_id,KEEP_KEY,key_constraint,low,527,8,2,0,0,0,1,0.752874,uuid,
crm_interactions,external_id,KEEP_KEY,key_constraint,low,527,8,2,0,0,0,1,0.130268,text,
crm_journey_enrollments,id,KEEP_KEY,key_constraint,low,0,0,0,0,1,0,0,,uuid,gen_random_uuid()
crm_journey_enrollments,env,REVIEW_TABLE_COLUMN,table_zero_rows_no_refs,medium,0,0,0,0,0,0,0,,text,'prod'::text
crm_journey_enrollments,organization_id,KEEP_KEY,key_constraint,low,0,0,0,0,0,1,0,,integer,
crm_journey_enrollments,journey_id,KEEP_KEY,key_constraint,low,0,0,0,0,0,1,0,,uuid,
crm_journey_enrollments,contact_id,KEEP_KEY,key_constraint,low,0,0,0,0,0,1,0,,uuid,
crm_journey_enrollments,trigger_event_id,REVIEW_TABLE_COLUMN,table_zero_rows_no_refs,medium,0,0,0,0,0,0,0,,text,
crm_journey_enrollments,dedupe_key,REVIEW_TABLE_COLUMN,table_zero_rows_no_refs,medium,0,0,0,0,0,0,0,,text,
crm_journey_enrollments,status,REVIEW_TABLE_COLUMN,table_zero_rows_no_refs,medium,0,0,0,0,0,0,0,,USER-DEFINED,"'ACTIVE'::app_v3.""CrmJourneyEnrollmentStatus"""
crm_journey_enrollments,current_step,REVIEW_TABLE_COLUMN,table_zero_rows_no_refs,medium,0,0,0,0,0,0,0,,integer,0
crm_journey_enrollments,last_evaluated_at,REVIEW_TABLE_COLUMN,table_zero_rows_no_refs,medium,0,0,0,0,0,0,0,,timestamp with time zone,
crm_journey_enrollments,completed_at,REVIEW_TABLE_COLUMN,table_zero_rows_no_refs,medium,0,0,0,0,0,0,0,,timestamp with time zone,
crm_journey_enrollments,created_at,REVIEW_TABLE_COLUMN,table_zero_rows_no_refs,medium,0,0,0,0,0,0,0,,timestamp with time zone,now()
crm_journey_enrollments,updated_at,REVIEW_TABLE_COLUMN,table_zero_rows_no_refs,medium,0,0,0,0,0,0,0,,timestamp with time zone,now()
crm_journey_runs,id,KEEP_KEY,key_constraint,low,0,0,0,0,1,0,0,,uuid,gen_random_uuid()
crm_journey_runs,env,REVIEW_TABLE_COLUMN,table_zero_rows_no_refs,medium,0,0,0,0,0,0,0,,text,'prod'::text
crm_journey_runs,organization_id,KEEP_KEY,key_constraint,low,0,0,0,0,0,1,0,,integer,
crm_journey_runs,journey_id,KEEP_KEY,key_constraint,low,0,0,0,0,0,1,0,,uuid,
crm_journey_runs,enrollment_id,KEEP_KEY,key_constraint,low,0,0,0,0,0,1,0,,uuid,
crm_journey_runs,step_id,KEEP_KEY,key_constraint,low,0,0,0,0,0,1,0,,uuid,
crm_journey_runs,status,REVIEW_TABLE_COLUMN,table_zero_rows_no_refs,medium,0,0,0,0,0,0,0,,USER-DEFINED,"'PENDING'::app_v3.""CrmJourneyRunStatus"""
crm_journey_runs,scheduled_for,REVIEW_TABLE_COLUMN,table_zero_rows_no_refs,medium,0,0,0,0,0,0,0,,timestamp with time zone,
crm_journey_runs,executed_at,REVIEW_TABLE_COLUMN,table_zero_rows_no_refs,medium,0,0,0,0,0,0,0,,timestamp with time zone,
crm_journey_runs,error_code,REVIEW_TABLE_COLUMN,table_zero_rows_no_refs,medium,0,0,0,0,0,0,0,,text,
crm_journey_runs,error_message,REVIEW_TABLE_COLUMN,table_zero_rows_no_refs,medium,0,0,0,0,0,0,0,,text,
crm_journey_runs,created_at,REVIEW_TABLE_COLUMN,table_zero_rows_no_refs,medium,0,0,0,0,0,0,0,,timestamp with time zone,now()
crm_journey_runs,updated_at,REVIEW_TABLE_COLUMN,table_zero_rows_no_refs,medium,0,0,0,0,0,0,0,,timestamp with time zone,now()
crm_journey_steps,id,KEEP_KEY,key_constraint,low,0,4,0,0,1,0,0,,uuid,gen_random_uuid()
crm_journey_steps,env,KEEP_PENDING,runtime_refs_but_zero_rows,low,0,4,0,0,0,0,0,,text,'prod'::text
crm_journey_steps,organization_id,KEEP_KEY,key_constraint,low,0,4,0,0,0,1,0,,integer,
crm_journey_steps,journey_id,KEEP_KEY,key_constraint,low,0,4,0,0,0,1,0,,uuid,
crm_journey_steps,step_key,KEEP_PENDING,runtime_refs_but_zero_rows,low,0,4,0,0,0,0,0,,text,
crm_journey_steps,position,KEEP_PENDING,runtime_refs_but_zero_rows,low,0,4,0,0,0,0,0,,integer,
crm_journey_steps,step_type,KEEP_PENDING,runtime_refs_but_zero_rows,low,0,4,0,0,0,0,0,,USER-DEFINED,
crm_journey_steps,config,KEEP_PENDING,runtime_refs_but_zero_rows,low,0,4,0,0,0,0,0,,jsonb,'{}'::jsonb
crm_journey_steps,created_at,KEEP_PENDING,runtime_refs_but_zero_rows,low,0,4,0,0,0,0,0,,timestamp with time zone,now()
crm_journey_steps,updated_at,KEEP_PENDING,runtime_refs_but_zero_rows,low,0,4,0,0,0,0,0,,timestamp with time zone,now()
crm_journeys,id,KEEP_KEY,key_constraint,low,0,9,0,0,1,0,0,,uuid,gen_random_uuid()
crm_journeys,env,KEEP_PENDING,runtime_refs_but_zero_rows,low,0,9,0,0,0,0,0,,text,'prod'::text
crm_journeys,organization_id,KEEP_KEY,key_constraint,low,0,9,0,0,0,1,0,,integer,
crm_journeys,name,KEEP_PENDING,runtime_refs_but_zero_rows,low,0,9,0,0,0,0,0,,text,
crm_journeys,description,KEEP_PENDING,runtime_refs_but_zero_rows,low,0,9,0,0,0,0,0,,text,
crm_journeys,status,KEEP_PENDING,runtime_refs_but_zero_rows,low,0,9,0,0,0,0,0,,USER-DEFINED,"'DRAFT'::app_v3.""CrmJourneyStatus"""
crm_journeys,definition,KEEP_PENDING,runtime_refs_but_zero_rows,low,0,9,0,0,0,0,0,,jsonb,'{}'::jsonb
crm_journeys,created_by_user_id,KEEP_PENDING,runtime_refs_but_zero_rows,low,0,9,0,0,0,0,0,,uuid,
crm_journeys,published_at,KEEP_PENDING,runtime_refs_but_zero_rows,low,0,9,0,0,0,0,0,,timestamp with time zone,
crm_journeys,paused_at,KEEP_PENDING,runtime_refs_but_zero_rows,low,0,9,0,0,0,0,0,,timestamp with time zone,
crm_journeys,created_at,KEEP_PENDING,runtime_refs_but_zero_rows,low,0,9,0,0,0,0,0,,timestamp with time zone,now()
crm_journeys,updated_at,KEEP_PENDING,runtime_refs_but_zero_rows,low,0,9,0,0,0,0,0,,timestamp with time zone,now()
crm_organization_policies,organization_id,KEEP_KEY,key_constraint,low,1,1,0,0,1,1,0,0,integer,
crm_organization_policies,env,KEEP,default_keep,low,1,1,0,0,0,0,0,0,text,'prod'::text
crm_organization_policies,timezone,KEEP,default_keep,low,1,1,0,0,0,0,0,0,text,'Europe/Lisbon'::text
crm_organization_policies,quiet_hours_start_minute,KEEP,default_keep,low,1,1,0,0,0,0,0,0,integer,1320
crm_organization_policies,quiet_hours_end_minute,KEEP,default_keep,low,1,1,0,0,0,0,0,0,integer,480
crm_organization_policies,cap_per_day,KEEP,default_keep,low,1,1,0,0,0,0,0,0,integer,1
crm_organization_policies,cap_per_week,KEEP,default_keep,low,1,1,0,0,0,0,0,0,integer,4
crm_organization_policies,cap_per_month,KEEP,default_keep,low,1,1,0,0,0,0,0,0,integer,10
crm_organization_policies,approval_escalation_hours,KEEP,default_keep,low,1,1,0,0,0,0,0,0,integer,24
crm_organization_policies,approval_expire_hours,KEEP,default_keep,low,1,1,0,0,0,0,0,0,integer,48
crm_organization_policies,created_at,KEEP,default_keep,low,1,1,0,0,0,0,0,0,timestamp with time zone,now()
crm_organization_policies,updated_at,KEEP,default_keep,low,1,1,0,0,0,0,0,0,timestamp with time zone,now()
crm_saved_views,id,KEEP_KEY,key_constraint,low,0,8,0,0,1,0,0,,uuid,gen_random_uuid()
crm_saved_views,env,KEEP_PENDING,runtime_refs_but_zero_rows,low,0,8,0,0,0,0,0,,text,'prod'::text
crm_saved_views,organization_id,KEEP_KEY,key_constraint,low,0,8,0,0,0,1,0,,integer,
crm_saved_views,user_id,KEEP_KEY,key_constraint,low,0,8,0,0,0,1,0,,uuid,
crm_saved_views,scope,KEEP_PENDING,runtime_refs_but_zero_rows,low,0,8,0,0,0,0,0,,USER-DEFINED,
crm_saved_views,name,KEEP_PENDING,runtime_refs_but_zero_rows,low,0,8,0,0,0,0,0,,USER-DEFINED,
crm_saved_views,definition,KEEP_PENDING,runtime_refs_but_zero_rows,low,0,8,0,0,0,0,0,,jsonb,'{}'::jsonb
crm_saved_views,is_default,KEEP_PENDING,runtime_refs_but_zero_rows,low,0,8,0,0,0,0,0,,boolean,false
crm_saved_views,created_at,KEEP_PENDING,runtime_refs_but_zero_rows,low,0,8,0,0,0,0,0,,timestamp with time zone,now()
crm_saved_views,updated_at,KEEP_PENDING,runtime_refs_but_zero_rows,low,0,8,0,0,0,0,0,,timestamp with time zone,now()
crm_segments,id,KEEP_KEY,key_constraint,low,7,8,0,0,1,0,0,,uuid,gen_random_uuid()
crm_segments,organization_id,KEEP_KEY,key_constraint,low,7,8,0,0,0,1,0,,integer,
crm_segments,name,KEEP,default_keep,low,7,8,0,0,0,0,0,,text,
crm_segments,description,KEEP,default_keep,low,7,8,0,0,0,0,0,,text,
crm_segments,rules,KEEP,default_keep,low,7,8,0,0,0,0,0,,jsonb,'{}'::jsonb
crm_segments,status,KEEP,default_keep,low,7,8,0,0,0,0,0,,USER-DEFINED,"'ACTIVE'::app_v3.""CrmSegmentStatus"""
crm_segments,size_cache,KEEP,default_keep,low,7,8,0,0,0,0,0,,integer,
crm_segments,last_computed_at,KEEP,default_keep,low,7,8,0,0,0,0,0,,timestamp with time zone,
crm_segments,created_by_user_id,KEEP_KEY,key_constraint,low,7,8,0,0,0,1,0,,uuid,
crm_segments,created_at,KEEP,default_keep,low,7,8,0,0,0,0,0,,timestamp with time zone,CURRENT_TIMESTAMP
crm_segments,updated_at,KEEP,default_keep,low,7,8,0,0,0,0,0,,timestamp with time zone,CURRENT_TIMESTAMP
crm_segments,env,KEEP,default_keep,low,7,8,0,0,0,0,0,,text,'prod'::text
cron_heartbeats,job_key,KEEP_KEY,key_constraint,low,19,2,0,0,1,0,0,0,text,
cron_heartbeats,last_run_at,KEEP,default_keep,low,19,2,0,0,0,0,0,0,timestamp with time zone,
cron_heartbeats,last_success_at,KEEP,default_keep,low,19,2,0,0,0,0,0,0,timestamp with time zone,
cron_heartbeats,last_error_at,KEEP,default_keep,low,19,2,0,0,0,0,0,0.578947,timestamp with time zone,
cron_heartbeats,last_error,REVIEW_COLUMN,always_null_with_data,medium,19,2,0,0,0,0,0,1,text,
cron_heartbeats,run_count,KEEP,default_keep,low,19,2,0,0,0,0,0,0,integer,0
cron_heartbeats,success_count,KEEP,default_keep,low,19,2,0,0,0,0,0,0,integer,0
cron_heartbeats,error_count,KEEP,default_keep,low,19,2,0,0,0,0,0,0,integer,0
cron_heartbeats,last_duration_ms,KEEP,default_keep,low,19,2,0,0,0,0,0,0,integer,
cron_heartbeats,created_at,KEEP,default_keep,low,19,2,0,0,0,0,0,0,timestamp with time zone,now()
cron_heartbeats,updated_at,KEEP,default_keep,low,19,2,0,0,0,0,0,0,timestamp with time zone,now()
cron_heartbeats,env,KEEP,default_keep,low,19,2,0,0,0,0,0,0,text,'prod'::text
cron_job_locks,job_key,KEEP_KEY,key_constraint,low,1,4,0,0,1,0,0,0,text,
cron_job_locks,env,KEEP_KEY,key_constraint,low,1,4,0,0,1,0,0,0,text,'prod'::text
cron_job_locks,locked_at,KEEP,default_keep,low,1,4,0,0,0,0,0,0,timestamp with time zone,
cron_job_locks,locked_until,KEEP,default_keep,low,1,4,0,0,0,0,0,0,timestamp with time zone,
cron_job_locks,locked_by,KEEP,default_keep,low,1,4,0,0,0,0,0,0,uuid,
cron_job_locks,created_at,KEEP,default_keep,low,1,4,0,0,0,0,0,0,timestamp with time zone,now()
cron_job_locks,updated_at,KEEP,default_keep,low,1,4,0,0,0,0,0,0,timestamp with time zone,now()
dsar_cases,id,KEEP_KEY,key_constraint,low,0,4,0,0,1,0,0,,uuid,gen_random_uuid()
dsar_cases,user_id,KEEP_KEY,key_constraint,low,0,4,0,0,0,1,0,,uuid,
dsar_cases,type,KEEP_PENDING,runtime_refs_but_zero_rows,low,0,4,0,0,0,0,0,,USER-DEFINED,
dsar_cases,status,KEEP_PENDING,runtime_refs_but_zero_rows,low,0,4,0,0,0,0,0,,USER-DEFINED,"'REQUESTED'::app_v3.""DsarCaseStatus"""
dsar_cases,requested_at,KEEP_PENDING,runtime_refs_but_zero_rows,low,0,4,0,0,0,0,0,,timestamp with time zone,now()
dsar_cases,due_at,KEEP_PENDING,runtime_refs_but_zero_rows,low,0,4,0,0,0,0,0,,timestamp with time zone,
dsar_cases,completed_at,KEEP_PENDING,runtime_refs_but_zero_rows,low,0,4,0,0,0,0,0,,timestamp with time zone,
dsar_cases,metadata,KEEP_PENDING,runtime_refs_but_zero_rows,low,0,4,0,0,0,0,0,,jsonb,
dsar_cases,created_at,KEEP_PENDING,runtime_refs_but_zero_rows,low,0,4,0,0,0,0,0,,timestamp with time zone,now()
dsar_cases,updated_at,KEEP_PENDING,runtime_refs_but_zero_rows,low,0,4,0,0,0,0,0,,timestamp with time zone,now()
dsar_cases,env,KEEP_PENDING,runtime_refs_but_zero_rows,low,0,4,0,0,0,0,0,,text,'prod'::text
email_identities,id,KEEP_KEY,key_constraint,low,75,26,0,5,1,0,0,0,uuid,gen_random_uuid()
email_identities,email_normalized,KEEP_KEY,key_constraint,low,75,26,0,5,0,0,1,0,USER-DEFINED,
email_identities,email_verified_at,KEEP,default_keep,low,75,26,0,5,0,0,0,0.925373,timestamp with time zone,
email_identities,user_id,KEEP_KEY,key_constraint,low,75,26,0,5,0,1,0,0.0447761,uuid,
email_identities,created_at,KEEP,default_keep,low,75,26,0,5,0,0,0,0,timestamp with time zone,now()
email_identities,updated_at,KEEP,default_keep,low,75,26,0,5,0,0,0,0,timestamp with time zone,now()
email_identities,env,KEEP,default_keep,low,75,26,0,5,0,0,0,0,text,'prod'::text
email_outbox,id,KEEP_KEY,key_constraint,low,0,10,0,0,1,0,0,,uuid,gen_random_uuid()
email_outbox,template_key,KEEP_PENDING,runtime_refs_but_zero_rows,low,0,10,0,0,0,0,0,,text,
email_outbox,recipient,KEEP_PENDING,runtime_refs_but_zero_rows,low,0,10,0,0,0,0,0,,USER-DEFINED,
email_outbox,purchase_id,KEEP_PENDING,runtime_refs_but_zero_rows,low,0,10,0,0,0,0,0,,text,
email_outbox,entitlement_id,KEEP_KEY,key_constraint,low,0,10,0,0,0,1,0,,uuid,
email_outbox,dedupe_key,KEEP_KEY,key_constraint,low,0,10,0,0,0,0,1,,text,
email_outbox,status,KEEP_PENDING,runtime_refs_but_zero_rows,low,0,10,0,0,0,0,0,,text,'PENDING'::text
email_outbox,payload,KEEP_PENDING,runtime_refs_but_zero_rows,low,0,10,0,0,0,0,0,,jsonb,'{}'::jsonb
email_outbox,created_at,KEEP_PENDING,runtime_refs_but_zero_rows,low,0,10,0,0,0,0,0,,timestamp with time zone,now()
email_outbox,sent_at,KEEP_PENDING,runtime_refs_but_zero_rows,low,0,10,0,0,0,0,0,,timestamp with time zone,
email_outbox,failed_at,KEEP_PENDING,runtime_refs_but_zero_rows,low,0,10,0,0,0,0,0,,timestamp with time zone,
email_outbox,error_code,KEEP_PENDING,runtime_refs_but_zero_rows,low,0,10,0,0,0,0,0,,text,
email_outbox,env,KEEP_PENDING,runtime_refs_but_zero_rows,low,0,10,0,0,0,0,0,,text,'prod'::text
entitlement_checkins,id,KEEP_KEY,key_constraint,low,0,11,0,0,1,0,0,,bigint,nextval('app_v3.entitlement_checkins_id_seq'::regclass)
entitlement_checkins,entitlement_id,KEEP_KEY,key_constraint,low,0,11,0,0,0,1,1,,uuid,
entitlement_checkins,event_id,KEEP_KEY,key_constraint,low,0,11,0,0,0,0,1,,integer,
entitlement_checkins,device_id,KEEP_PENDING,runtime_refs_but_zero_rows,low,0,11,0,0,0,0,0,,text,
entitlement_checkins,result_code,KEEP_PENDING,runtime_refs_but_zero_rows,low,0,11,0,0,0,0,0,,USER-DEFINED,
entitlement_checkins,checked_in_at,KEEP_PENDING,runtime_refs_but_zero_rows,low,0,11,0,0,0,0,0,,timestamp with time zone,now()
entitlement_checkins,checked_in_by,KEEP_PENDING,runtime_refs_but_zero_rows,low,0,11,0,0,0,0,0,,uuid,
entitlement_checkins,purchase_id,KEEP_PENDING,runtime_refs_but_zero_rows,low,0,11,0,0,0,0,0,,text,
entitlement_checkins,created_at,KEEP_PENDING,runtime_refs_but_zero_rows,low,0,11,0,0,0,0,0,,timestamp with time zone,now()
entitlement_checkins,updated_at,KEEP_PENDING,runtime_refs_but_zero_rows,low,0,11,0,0,0,0,0,,timestamp with time zone,now()
entitlement_checkins,idempotency_key,KEEP_PENDING,runtime_refs_but_zero_rows,low,0,11,0,0,0,0,0,,text,
entitlement_checkins,causation_id,KEEP_PENDING,runtime_refs_but_zero_rows,low,0,11,0,0,0,0,0,,text,
entitlement_checkins,correlation_id,KEEP_PENDING,runtime_refs_but_zero_rows,low,0,11,0,0,0,0,0,,text,
entitlement_checkins,env,KEEP_PENDING,runtime_refs_but_zero_rows,low,0,11,0,0,0,0,0,,text,'prod'::text
entitlement_checkins,method,KEEP_PENDING,runtime_refs_but_zero_rows,low,0,11,0,0,0,0,0,,USER-DEFINED,
entitlement_checkins,manual_reason,KEEP_PENDING,runtime_refs_but_zero_rows,low,0,11,0,0,0,0,0,,text,
entitlement_qr_tokens,id,KEEP_KEY,key_constraint,low,0,14,0,2,1,0,0,,bigint,nextval('app_v3.entitlement_qr_tokens_id_seq'::regclass)
entitlement_qr_tokens,token_hash,KEEP_KEY,key_constraint,low,0,14,0,2,0,0,1,,text,
entitlement_qr_tokens,entitlement_id,KEEP_KEY,key_constraint,low,0,14,0,2,0,1,0,,uuid,
entitlement_qr_tokens,expires_at,KEEP_PENDING,runtime_refs_but_zero_rows,low,0,14,0,2,0,0,0,,timestamp with time zone,
entitlement_qr_tokens,created_at,KEEP_PENDING,runtime_refs_but_zero_rows,low,0,14,0,2,0,0,0,,timestamp with time zone,now()
entitlement_qr_tokens,env,KEEP_PENDING,runtime_refs_but_zero_rows,low,0,14,0,2,0,0,0,,text,'prod'::text
entitlements,id,KEEP_KEY,key_constraint,low,3,51,3,15,1,0,0,0,uuid,gen_random_uuid()
entitlements,type,KEEP_KEY,key_constraint,low,3,51,3,15,0,0,1,0,USER-DEFINED,
entitlements,status,KEEP,default_keep,low,3,51,3,15,0,0,0,0,USER-DEFINED,'ACTIVE'::app_v3.entitlement_status
entitlements,owner_user_id,KEEP,default_keep,low,3,51,3,15,0,0,0,0.478261,uuid,
entitlements,owner_identity_id,KEEP,default_keep,low,3,51,3,15,0,0,0,0.521739,uuid,
entitlements,owner_key,KEEP_KEY,key_constraint,low,3,51,3,15,0,0,1,0,text,
entitlements,purchase_id,KEEP_KEY,key_constraint,low,3,51,3,15,0,0,1,0,text,
entitlements,sale_line_id,KEEP_KEY,key_constraint,low,3,51,3,15,0,0,1,0,integer,
entitlements,event_id,KEEP,default_keep,low,3,51,3,15,0,0,0,0,integer,
entitlements,tournament_id,REVIEW_COLUMN,always_null_with_data,medium,3,51,3,15,0,0,0,1,integer,
entitlements,season_id,REVIEW_COLUMN,always_null_with_data,medium,3,51,3,15,0,0,0,1,integer,
entitlements,snapshot_title,KEEP,default_keep,low,3,51,3,15,0,0,0,0,text,
entitlements,snapshot_cover_url,KEEP,default_keep,low,3,51,3,15,0,0,0,0.73913,text,
entitlements,snapshot_venue_name,KEEP,default_keep,low,3,51,3,15,0,0,0,0,text,
entitlements,snapshot_start_at,KEEP,default_keep,low,3,51,3,15,0,0,0,0,timestamp with time zone,
entitlements,snapshot_timezone,KEEP,default_keep,low,3,51,3,15,0,0,0,0,text,
entitlements,created_at,KEEP,default_keep,low,3,51,3,15,0,0,0,0,timestamp with time zone,now()
entitlements,updated_at,KEEP,default_keep,low,3,51,3,15,0,0,0,0,timestamp with time zone,now()
entitlements,line_item_index,KEEP_KEY,key_constraint,low,3,51,3,15,0,0,1,0,integer,0
entitlements,ticket_id,KEEP_KEY,key_constraint,low,3,51,3,15,0,1,0,0.26087,text,
entitlements,policy_version_applied,KEEP,default_keep,low,3,51,3,15,0,0,0,0,integer,
entitlements,env,KEEP,default_keep,low,3,51,3,15,0,0,0,0,text,'prod'::text
entitlements,booking_id,KEEP_KEY,key_constraint,low,3,51,3,15,0,1,0,1,integer,
entitlements,store_order_line_id,KEEP_KEY,key_constraint,low,3,51,3,15,0,1,0,1,integer,
event_access_policies,id,KEEP_KEY,key_constraint,low,69,9,0,8,1,0,0,0,integer,nextval('app_v3.event_access_policies_id_seq'::regclass)
event_access_policies,event_id,KEEP_KEY,key_constraint,low,69,9,0,8,0,1,1,0,integer,
event_access_policies,policy_version,KEEP_KEY,key_constraint,low,69,9,0,8,0,0,1,0,integer,
event_access_policies,mode,KEEP,default_keep,low,69,9,0,8,0,0,0,0,USER-DEFINED,
event_access_policies,guest_checkout_allowed,KEEP,default_keep,low,69,9,0,8,0,0,0,0,boolean,
event_access_policies,invite_token_allowed,KEEP,default_keep,low,69,9,0,8,0,0,0,0,boolean,
event_access_policies,invite_identity_match,KEEP,default_keep,low,69,9,0,8,0,0,0,0,USER-DEFINED,
event_access_policies,invite_token_ttl_seconds,REVIEW_COLUMN,always_null_with_data,medium,69,9,0,8,0,0,0,1,integer,
event_access_policies,requires_entitlement_for_entry,KEEP,default_keep,low,69,9,0,8,0,0,0,0,boolean,
event_access_policies,checkin_methods,KEEP,default_keep,low,69,9,0,8,0,0,0,0,ARRAY,'{}'::app_v3.checkin_method[]
event_access_policies,scanner_required,KEEP,default_keep,low,69,9,0,8,0,0,0,0,boolean,false
event_access_policies,allow_reentry,KEEP,default_keep,low,69,9,0,8,0,0,0,0,boolean,false
event_access_policies,reentry_window_minutes,KEEP,default_keep,low,69,9,0,8,0,0,0,0,integer,15
event_access_policies,max_entries,KEEP,default_keep,low,69,9,0,8,0,0,0,0,integer,1
event_access_policies,undo_window_minutes,KEEP,default_keep,low,69,9,0,8,0,0,0,0,integer,10
event_access_policies,created_at,KEEP,default_keep,low,69,9,0,8,0,0,0,0,timestamp with time zone,now()
event_access_policies,updated_at,KEEP,default_keep,low,69,9,0,8,0,0,0,0,timestamp with time zone,now()
event_access_policies,env,KEEP,default_keep,low,69,9,0,8,0,0,0,0,text,'prod'::text
event_favorites,env,KEEP_PENDING,runtime_refs_but_zero_rows,low,0,2,0,0,0,0,0,,text,'prod'::text
event_favorites,id,KEEP_KEY,key_constraint,low,0,2,0,0,1,0,0,,uuid,gen_random_uuid()
event_favorites,user_id,KEEP_KEY,key_constraint,low,0,2,0,0,0,1,1,,uuid,
event_favorites,event_id,KEEP_KEY,key_constraint,low,0,2,0,0,0,1,1,,integer,
event_favorites,notify,KEEP_PENDING,runtime_refs_but_zero_rows,low,0,2,0,0,0,0,0,,boolean,true
event_favorites,created_at,KEEP_PENDING,runtime_refs_but_zero_rows,low,0,2,0,0,0,0,0,,timestamp with time zone,now()
event_favorites,updated_at,KEEP_PENDING,runtime_refs_but_zero_rows,low,0,2,0,0,0,0,0,,timestamp with time zone,now()
event_invites,id,KEEP_KEY,key_constraint,low,0,13,0,3,1,0,0,,integer,nextval('app_v3.event_invites_id_seq'::regclass)
event_invites,event_id,KEEP_PENDING,runtime_refs_but_zero_rows,low,0,13,0,3,0,0,0,,integer,
event_invites,invited_by_user_id,KEEP_PENDING,runtime_refs_but_zero_rows,low,0,13,0,3,0,0,0,,uuid,
event_invites,target_identifier,KEEP_PENDING,runtime_refs_but_zero_rows,low,0,13,0,3,0,0,0,,USER-DEFINED,
event_invites,target_user_id,KEEP_PENDING,runtime_refs_but_zero_rows,low,0,13,0,3,0,0,0,,uuid,
event_invites,created_at,KEEP_PENDING,runtime_refs_but_zero_rows,low,0,13,0,3,0,0,0,,timestamp with time zone,now()
event_invites,updated_at,KEEP_PENDING,runtime_refs_but_zero_rows,low,0,13,0,3,0,0,0,,timestamp with time zone,now()
event_invites,scope,KEEP_PENDING,runtime_refs_but_zero_rows,low,0,13,0,3,0,0,0,,USER-DEFINED,"'PUBLIC'::app_v3.""EventInviteScope"""
event_invites,env,KEEP_PENDING,runtime_refs_but_zero_rows,low,0,13,0,3,0,0,0,,text,'prod'::text
event_logs,id,KEEP_KEY,key_constraint,low,403,11,2,6,1,0,0,0,uuid,
event_logs,organization_id,KEEP_KEY,key_constraint,low,403,11,2,6,0,1,0,0,integer,
event_logs,event_type,KEEP,default_keep,low,403,11,2,6,0,0,0,0,text,
event_logs,idempotency_key,KEEP,default_keep,low,403,11,2,6,0,0,0,0,text,
event_logs,payload,KEEP,default_keep,low,403,11,2,6,0,0,0,0,jsonb,'{}'::jsonb
event_logs,actor_user_id,KEEP,default_keep,low,403,11,2,6,0,0,0,0.400621,uuid,
event_logs,source_type,KEEP,default_keep,low,403,11,2,6,0,0,0,0.596273,USER-DEFINED,
event_logs,source_id,KEEP,default_keep,low,403,11,2,6,0,0,0,0.596273,text,
event_logs,correlation_id,KEEP,default_keep,low,403,11,2,6,0,0,0,0,text,
event_logs,created_at,KEEP,default_keep,low,403,11,2,6,0,0,0,0,timestamp with time zone,now()
event_logs,env,KEEP,default_keep,low,403,11,2,6,0,0,0,0,text,'prod'::text
event_logs,event_version,KEEP,default_keep,low,403,11,2,6,0,0,0,0,text,
event_logs,subject_type,KEEP,default_keep,low,403,11,2,6,0,0,0,0,text,
event_logs,subject_id,KEEP,default_keep,low,403,11,2,6,0,0,0,0,text,
event_logs,causation_id,KEEP,default_keep,low,403,11,2,6,0,0,0,0,text,
events,id,KEEP_KEY,key_constraint,low,68,199,7,95,1,0,0,0,integer,nextval('app_v3.events_id_seq'::regclass)
events,slug,KEEP,default_keep,low,68,199,7,95,0,0,0,0,text,
events,title,KEEP,default_keep,low,68,199,7,95,0,0,0,0,text,
events,description,KEEP,default_keep,low,68,199,7,95,0,0,0,0,text,
events,type,KEEP,default_keep,low,68,199,7,95,0,0,0,0,USER-DEFINED,"'ORGANIZATION_EVENT'::app_v3.""EventType"""
events,template_type,KEEP,default_keep,low,68,199,7,95,0,0,0,0,USER-DEFINED,
events,organization_id,KEEP,default_keep,low,68,199,7,95,0,0,0,0,integer,
events,starts_at,KEEP,default_keep,low,68,199,7,95,0,0,0,0,timestamp without time zone,
events,ends_at,KEEP,default_keep,low,68,199,7,95,0,0,0,0,timestamp without time zone,
events,status,KEEP,default_keep,low,68,199,7,95,0,0,0,0,USER-DEFINED,"'DRAFT'::app_v3.""EventStatus"""
events,timezone,KEEP,default_keep,low,68,199,7,95,0,0,0,0,text,'Europe/Lisbon'::text
events,cover_image_url,KEEP,default_keep,low,68,199,7,95,0,0,0,0.323529,text,
events,created_at,KEEP,default_keep,low,68,199,7,95,0,0,0,0,timestamp without time zone,CURRENT_TIMESTAMP
events,updated_at,KEEP,default_keep,low,68,199,7,95,0,0,0,0,timestamp without time zone,
events,owner_user_id,KEEP,default_keep,low,68,199,7,95,0,0,0,0,uuid,
events,deleted_at,REVIEW_COLUMN,always_null_with_data,medium,68,199,7,95,0,0,0,1,timestamp without time zone,
events,is_deleted,KEEP,default_keep,low,68,199,7,95,0,0,0,0,boolean,false
events,resale_mode,KEEP,default_keep,low,68,199,7,95,0,0,0,0,USER-DEFINED,"'ALWAYS'::app_v3.""ResaleMode"""
events,fee_mode,KEEP,default_keep,low,68,199,7,95,0,0,0,0,USER-DEFINED,"'INCLUDED'::app_v3.""FeeMode"""
events,payout_mode,KEEP,default_keep,low,68,199,7,95,0,0,0,0,USER-DEFINED,"'ORGANIZATION'::app_v3.""PayoutMode"""
events,pricing_mode,KEEP,default_keep,low,68,199,7,95,0,0,0,0,USER-DEFINED,"'STANDARD'::app_v3.""EventPricingMode"""
events,env,KEEP,default_keep,low,68,199,7,95,0,0,0,0,text,'prod'::text
events,address_id,KEEP_KEY,key_constraint,low,68,199,7,95,0,1,0,0,uuid,
events,interest_tags,KEEP,default_keep,low,68,199,7,95,0,0,0,0,ARRAY,ARRAY[]::text[]
follow_requests,id,KEEP_KEY,key_constraint,low,0,12,0,0,1,0,0,,integer,nextval('app_v3.follow_requests_id_seq'::regclass)
follow_requests,requester_id,KEEP_KEY,key_constraint,low,0,12,0,0,0,1,0,,uuid,
follow_requests,target_id,KEEP_KEY,key_constraint,low,0,12,0,0,0,1,0,,uuid,
follow_requests,created_at,KEEP_PENDING,runtime_refs_but_zero_rows,low,0,12,0,0,0,0,0,,timestamp with time zone,now()
follow_requests,env,KEEP_PENDING,runtime_refs_but_zero_rows,low,0,12,0,0,0,0,0,,text,'prod'::text
follows,id,KEEP_KEY,key_constraint,low,10100,19,0,0,1,0,0,0,integer,nextval('app_v3.follows_id_seq'::regclass)
follows,follower_id,KEEP_KEY,key_constraint,low,10100,19,0,0,0,1,1,0,uuid,
follows,following_id,KEEP_KEY,key_constraint,low,10100,19,0,0,0,1,1,0,uuid,
follows,created_at,KEEP,default_keep,low,10100,19,0,0,0,0,0,0,timestamp with time zone,now()
follows,env,KEEP,default_keep,low,10100,19,0,0,0,0,0,0,text,'prod'::text
global_usernames,username,KEEP_KEY,key_constraint,low,130,6,0,0,1,0,0,0,USER-DEFINED,
global_usernames,owner_type,KEEP,default_keep,low,130,6,0,0,0,0,0,0,text,
global_usernames,owner_id,KEEP,default_keep,low,130,6,0,0,0,0,0,0,text,
global_usernames,created_at,KEEP,default_keep,low,130,6,0,0,0,0,0,0,timestamp with time zone,now()
global_usernames,updated_at,KEEP,default_keep,low,130,6,0,0,0,0,0,0,timestamp with time zone,now()
global_usernames,env,KEEP,default_keep,low,130,6,0,0,0,0,0,0,text,'prod'::text
group_membership_requests,id,KEEP_KEY,key_constraint,low,0,20,0,5,1,0,0,,uuid,gen_random_uuid()
group_membership_requests,env,KEEP_PENDING,runtime_refs_but_zero_rows,low,0,20,0,5,0,0,0,,text,'prod'::text
group_membership_requests,type,KEEP_PENDING,runtime_refs_but_zero_rows,low,0,20,0,5,0,0,0,,USER-DEFINED,
group_membership_requests,status,KEEP_PENDING,runtime_refs_but_zero_rows,low,0,20,0,5,0,0,0,,USER-DEFINED,"'PENDING_CODES'::app_v3.""GroupMembershipRequestStatus"""
group_membership_requests,group_id,KEEP_KEY,key_constraint,low,0,20,0,5,0,1,0,,integer,
group_membership_requests,organization_id,KEEP_KEY,key_constraint,low,0,20,0,5,0,1,0,,integer,
group_membership_requests,initiator_user_id,KEEP_KEY,key_constraint,low,0,20,0,5,0,1,0,,uuid,
group_membership_requests,current_org_owner_user_id,KEEP_KEY,key_constraint,low,0,20,0,5,0,1,0,,uuid,
group_membership_requests,target_owner_user_id,KEEP_KEY,key_constraint,low,0,20,0,5,0,1,0,,uuid,
group_membership_requests,group_owner_code_hash,KEEP_PENDING,runtime_refs_but_zero_rows,low,0,20,0,5,0,0,0,,text,
group_membership_requests,org_owner_code_hash,KEEP_PENDING,runtime_refs_but_zero_rows,low,0,20,0,5,0,0,0,,text,
group_membership_requests,target_owner_code_hash,KEEP_PENDING,runtime_refs_but_zero_rows,low,0,20,0,5,0,0,0,,text,
group_membership_requests,group_owner_code_verified_at,KEEP_PENDING,runtime_refs_but_zero_rows,low,0,20,0,5,0,0,0,,timestamp with time zone,
group_membership_requests,org_owner_code_verified_at,KEEP_PENDING,runtime_refs_but_zero_rows,low,0,20,0,5,0,0,0,,timestamp with time zone,
group_membership_requests,target_owner_code_verified_at,KEEP_PENDING,runtime_refs_but_zero_rows,low,0,20,0,5,0,0,0,,timestamp with time zone,
group_membership_requests,code_expires_at,KEEP_PENDING,runtime_refs_but_zero_rows,low,0,20,0,5,0,0,0,,timestamp with time zone,
group_membership_requests,lockout_until,KEEP_PENDING,runtime_refs_but_zero_rows,low,0,20,0,5,0,0,0,,timestamp with time zone,
group_membership_requests,attempt_count,KEEP_PENDING,runtime_refs_but_zero_rows,low,0,20,0,5,0,0,0,,integer,0
group_membership_requests,group_owner_email_token_hash,KEEP_PENDING,runtime_refs_but_zero_rows,low,0,20,0,5,0,0,0,,text,
group_membership_requests,org_owner_email_token_hash,KEEP_PENDING,runtime_refs_but_zero_rows,low,0,20,0,5,0,0,0,,text,
group_membership_requests,target_owner_email_token_hash,KEEP_PENDING,runtime_refs_but_zero_rows,low,0,20,0,5,0,0,0,,text,
group_membership_requests,group_owner_email_confirmed_at,KEEP_PENDING,runtime_refs_but_zero_rows,low,0,20,0,5,0,0,0,,timestamp with time zone,
group_membership_requests,org_owner_email_confirmed_at,KEEP_PENDING,runtime_refs_but_zero_rows,low,0,20,0,5,0,0,0,,timestamp with time zone,
group_membership_requests,target_owner_email_confirmed_at,KEEP_PENDING,runtime_refs_but_zero_rows,low,0,20,0,5,0,0,0,,timestamp with time zone,
group_membership_requests,email_token_expires_at,KEEP_PENDING,runtime_refs_but_zero_rows,low,0,20,0,5,0,0,0,,timestamp with time zone,
group_membership_requests,resend_count,KEEP_PENDING,runtime_refs_but_zero_rows,low,0,20,0,5,0,0,0,,integer,0
group_membership_requests,correlation_id,KEEP_PENDING,runtime_refs_but_zero_rows,low,0,20,0,5,0,0,0,,text,
group_membership_requests,metadata,KEEP_PENDING,runtime_refs_but_zero_rows,low,0,20,0,5,0,0,0,,jsonb,'{}'::jsonb
group_membership_requests,expires_at,KEEP_PENDING,runtime_refs_but_zero_rows,low,0,20,0,5,0,0,0,,timestamp with time zone,
group_membership_requests,completed_at,KEEP_PENDING,runtime_refs_but_zero_rows,low,0,20,0,5,0,0,0,,timestamp with time zone,
group_membership_requests,cancelled_at,KEEP_PENDING,runtime_refs_but_zero_rows,low,0,20,0,5,0,0,0,,timestamp with time zone,
group_membership_requests,created_at,KEEP_PENDING,runtime_refs_but_zero_rows,low,0,20,0,5,0,0,0,,timestamp with time zone,now()
group_membership_requests,updated_at,KEEP_PENDING,runtime_refs_but_zero_rows,low,0,20,0,5,0,0,0,,timestamp with time zone,now()
guest_ticket_access_tokens,env,KEEP_PENDING,runtime_refs_but_zero_rows,low,0,2,0,0,0,0,0,,text,'prod'::text
guest_ticket_access_tokens,id,KEEP_KEY,key_constraint,low,0,2,0,0,1,0,0,,uuid,gen_random_uuid()
guest_ticket_access_tokens,purchase_id,KEEP_PENDING,runtime_refs_but_zero_rows,low,0,2,0,0,0,0,0,,text,
guest_ticket_access_tokens,event_id,KEEP_KEY,key_constraint,low,0,2,0,0,0,1,0,,integer,
guest_ticket_access_tokens,guest_email,KEEP_PENDING,runtime_refs_but_zero_rows,low,0,2,0,0,0,0,0,,USER-DEFINED,
guest_ticket_access_tokens,token_hash,KEEP_KEY,key_constraint,low,0,2,0,0,0,0,1,,text,
guest_ticket_access_tokens,expires_at,KEEP_PENDING,runtime_refs_but_zero_rows,low,0,2,0,0,0,0,0,,timestamp with time zone,
guest_ticket_access_tokens,created_at,KEEP_PENDING,runtime_refs_but_zero_rows,low,0,2,0,0,0,0,0,,timestamp with time zone,now()
guest_ticket_access_tokens,updated_at,KEEP_PENDING,runtime_refs_but_zero_rows,low,0,2,0,0,0,0,0,,timestamp with time zone,now()
guest_ticket_links,ticket_id,KEEP_KEY,key_constraint,low,0,3,0,0,1,1,0,0,text,
guest_ticket_links,guest_email,KEEP_PENDING,runtime_refs_but_zero_rows,low,0,3,0,0,0,0,0,0,text,
guest_ticket_links,guest_name,KEEP_PENDING,runtime_refs_but_zero_rows,low,0,3,0,0,0,0,0,0,text,
guest_ticket_links,guest_phone,KEEP_PENDING,runtime_refs_but_zero_rows,low,0,3,0,0,0,0,0,0,text,
guest_ticket_links,created_at,KEEP_PENDING,runtime_refs_but_zero_rows,low,0,3,0,0,0,0,0,0,timestamp with time zone,now()
guest_ticket_links,updated_at,KEEP_PENDING,runtime_refs_but_zero_rows,low,0,3,0,0,0,0,0,0,timestamp with time zone,now()
guest_ticket_links,env,KEEP_PENDING,runtime_refs_but_zero_rows,low,0,3,0,0,0,0,0,0,text,'prod'::text
identity_merge_logs,env,KEEP,default_keep,low,4,2,0,0,0,0,0,,text,'prod'::text
identity_merge_logs,id,KEEP_KEY,key_constraint,low,4,2,0,0,1,0,0,,uuid,gen_random_uuid()
identity_merge_logs,from_identity_id,KEEP_KEY,key_constraint,low,4,2,0,0,0,1,0,,uuid,
identity_merge_logs,to_identity_id,KEEP_KEY,key_constraint,low,4,2,0,0,0,1,0,,uuid,
identity_merge_logs,reason,KEEP,default_keep,low,4,2,0,0,0,0,0,,USER-DEFINED,
identity_merge_logs,email_normalized,KEEP,default_keep,low,4,2,0,0,0,0,0,,USER-DEFINED,
identity_merge_logs,email_hash_hmac,KEEP,default_keep,low,4,2,0,0,0,0,0,,text,
identity_merge_logs,trigger_source,KEEP,default_keep,low,4,2,0,0,0,0,0,,USER-DEFINED,
identity_merge_logs,idempotency_key,KEEP,default_keep,low,4,2,0,0,0,0,0,,text,
identity_merge_logs,merged_at,KEEP,default_keep,low,4,2,0,0,0,0,0,,timestamp with time zone,now()
identity_merge_logs,merged_by,KEEP,default_keep,low,4,2,0,0,0,0,0,,uuid,
identity_merge_logs,artifacts_moved,KEEP,default_keep,low,4,2,0,0,0,0,0,,jsonb,'{}'::jsonb
identity_merge_logs,status,KEEP,default_keep,low,4,2,0,0,0,0,0,,USER-DEFINED,
identity_merge_logs,failure_code,KEEP,default_keep,low,4,2,0,0,0,0,0,,text,
identity_merge_logs,created_at,KEEP,default_keep,low,4,2,0,0,0,0,0,,timestamp with time zone,now()
identity_merge_logs,updated_at,KEEP,default_keep,low,4,2,0,0,0,0,0,,timestamp with time zone,now()
identity_tombstones,env,KEEP_PENDING,runtime_refs_but_zero_rows,low,0,6,0,0,0,0,0,,text,'prod'::text
identity_tombstones,id,KEEP_KEY,key_constraint,low,0,6,0,0,1,0,0,,uuid,gen_random_uuid()
identity_tombstones,from_identity_id,KEEP_KEY,key_constraint,low,0,6,0,0,0,1,0,,uuid,
identity_tombstones,to_identity_id,KEEP_KEY,key_constraint,low,0,6,0,0,0,1,0,,uuid,
identity_tombstones,merge_id,KEEP_KEY,key_constraint,low,0,6,0,0,0,1,0,,uuid,
identity_tombstones,reason,KEEP_PENDING,runtime_refs_but_zero_rows,low,0,6,0,0,0,0,0,,USER-DEFINED,
identity_tombstones,created_at,KEEP_PENDING,runtime_refs_but_zero_rows,low,0,6,0,0,0,0,0,,timestamp with time zone,now()
identity_tombstones,created_by,KEEP_PENDING,runtime_refs_but_zero_rows,low,0,6,0,0,0,0,0,,uuid,
identity_tombstones,metadata,KEEP_PENDING,runtime_refs_but_zero_rows,low,0,6,0,0,0,0,0,,jsonb,'{}'::jsonb
invite_tokens,id,KEEP_KEY,key_constraint,low,0,4,0,0,1,0,0,,uuid,gen_random_uuid()
invite_tokens,token_hash,KEEP_KEY,key_constraint,low,0,4,0,0,0,0,1,,text,
invite_tokens,event_id,KEEP_KEY,key_constraint,low,0,4,0,0,0,1,0,,integer,
invite_tokens,ticket_type_id,KEEP_KEY,key_constraint,low,0,4,0,0,0,1,0,,integer,
invite_tokens,email_normalized,KEEP_PENDING,runtime_refs_but_zero_rows,low,0,4,0,0,0,0,0,,USER-DEFINED,
invite_tokens,expires_at,KEEP_PENDING,runtime_refs_but_zero_rows,low,0,4,0,0,0,0,0,,timestamp with time zone,
invite_tokens,used_at,KEEP_PENDING,runtime_refs_but_zero_rows,low,0,4,0,0,0,0,0,,timestamp with time zone,
invite_tokens,used_by_identity_id,KEEP_PENDING,runtime_refs_but_zero_rows,low,0,4,0,0,0,0,0,,uuid,
invite_tokens,created_at,KEEP_PENDING,runtime_refs_but_zero_rows,low,0,4,0,0,0,0,0,,timestamp with time zone,now()
invite_tokens,env,KEEP_PENDING,runtime_refs_but_zero_rows,low,0,4,0,0,0,0,0,,text,'prod'::text
invoices,id,KEEP_KEY,key_constraint,low,152,4,2,1,1,0,0,0,uuid,gen_random_uuid()
invoices,organization_id,KEEP_KEY,key_constraint,low,152,4,2,1,0,1,0,0,integer,
invoices,customer_identity_id,KEEP,default_keep,low,152,4,2,1,0,0,0,0,uuid,
invoices,source_type,KEEP,default_keep,low,152,4,2,1,0,0,0,0,USER-DEFINED,
invoices,source_id,KEEP,default_keep,low,152,4,2,1,0,0,0,0,text,
invoices,kind,KEEP,default_keep,low,152,4,2,1,0,0,0,0,USER-DEFINED,"'CONSUMER'::app_v3.""InvoiceKind"""
invoices,status,KEEP,default_keep,low,152,4,2,1,0,0,0,0,USER-DEFINED,"'ISSUED'::app_v3.""InvoiceStatus"""
invoices,invoice_number,KEEP,default_keep,low,152,4,2,1,0,0,0,0,text,
invoices,currency,KEEP,default_keep,low,152,4,2,1,0,0,0,0,text,'EUR'::text
invoices,amount_cents,KEEP,default_keep,low,152,4,2,1,0,0,0,0,integer,
invoices,issued_at,KEEP,default_keep,low,152,4,2,1,0,0,0,0,timestamp with time zone,
invoices,paid_at,KEEP,default_keep,low,152,4,2,1,0,0,0,0,timestamp with time zone,
invoices,metadata,KEEP,default_keep,low,152,4,2,1,0,0,0,0,jsonb,'{}'::jsonb
invoices,created_at,KEEP,default_keep,low,152,4,2,1,0,0,0,0,timestamp with time zone,now()
invoices,updated_at,KEEP,default_keep,low,152,4,2,1,0,0,0,0,timestamp with time zone,now()
invoices,env,KEEP,default_keep,low,152,4,2,1,0,0,0,0,text,'prod'::text
ledger_entries,id,KEEP_KEY,key_constraint,low,319,14,14,2,1,0,0,0,integer,nextval('app_v3.ledger_entries_id_seq'::regclass)
ledger_entries,payment_id,KEEP_KEY,key_constraint,low,319,14,14,2,0,1,0,0,text,
ledger_entries,entry_type,KEEP,default_keep,low,319,14,14,2,0,0,0,0,USER-DEFINED,
ledger_entries,amount,KEEP,default_keep,low,319,14,14,2,0,0,0,0,integer,
ledger_entries,currency,KEEP,default_keep,low,319,14,14,2,0,0,0,0,text,
ledger_entries,source_type,KEEP,default_keep,low,319,14,14,2,0,0,0,0,USER-DEFINED,
ledger_entries,source_id,KEEP,default_keep,low,319,14,14,2,0,0,0,0,text,
ledger_entries,causation_id,KEEP,default_keep,low,319,14,14,2,0,0,0,0,text,
ledger_entries,correlation_id,KEEP,default_keep,low,319,14,14,2,0,0,0,0,text,
ledger_entries,created_at,KEEP,default_keep,low,319,14,14,2,0,0,0,0,timestamp with time zone,now()
ledger_entries,env,KEEP,default_keep,low,319,14,14,2,0,0,0,0,text,'prod'::text
locks,key,KEEP_KEY,key_constraint,low,0,5,0,0,1,0,0,,text,
locks,expires_at,KEEP_PENDING,runtime_refs_but_zero_rows,low,0,5,0,0,0,0,0,,timestamp with time zone,
locks,env,KEEP_PENDING,runtime_refs_but_zero_rows,low,0,5,0,0,0,0,0,,text,'prod'::text
loyalty_ledger,id,KEEP_KEY,key_constraint,low,0,9,0,1,1,0,0,,uuid,gen_random_uuid()
loyalty_ledger,organization_id,KEEP_KEY,key_constraint,low,0,9,0,1,0,1,0,,integer,
loyalty_ledger,program_id,KEEP_KEY,key_constraint,low,0,9,0,1,0,1,0,,uuid,
loyalty_ledger,user_id,KEEP_KEY,key_constraint,low,0,9,0,1,0,1,0,,uuid,
loyalty_ledger,rule_id,KEEP_KEY,key_constraint,low,0,9,0,1,0,1,0,,uuid,
loyalty_ledger,entry_type,KEEP_PENDING,runtime_refs_but_zero_rows,low,0,9,0,1,0,0,0,,USER-DEFINED,
loyalty_ledger,points,KEEP_PENDING,runtime_refs_but_zero_rows,low,0,9,0,1,0,0,0,,integer,
loyalty_ledger,balance_after,KEEP_PENDING,runtime_refs_but_zero_rows,low,0,9,0,1,0,0,0,,integer,
loyalty_ledger,source_type,KEEP_PENDING,runtime_refs_but_zero_rows,low,0,9,0,1,0,0,0,,USER-DEFINED,
loyalty_ledger,source_id,KEEP_PENDING,runtime_refs_but_zero_rows,low,0,9,0,1,0,0,0,,text,
loyalty_ledger,reward_id,KEEP_KEY,key_constraint,low,0,9,0,1,0,1,0,,uuid,
loyalty_ledger,dedupe_key,KEEP_PENDING,runtime_refs_but_zero_rows,low,0,9,0,1,0,0,0,,text,
loyalty_ledger,note,KEEP_PENDING,runtime_refs_but_zero_rows,low,0,9,0,1,0,0,0,,text,
loyalty_ledger,expires_at,KEEP_PENDING,runtime_refs_but_zero_rows,low,0,9,0,1,0,0,0,,timestamp with time zone,
loyalty_ledger,created_at,KEEP_PENDING,runtime_refs_but_zero_rows,low,0,9,0,1,0,0,0,,timestamp with time zone,CURRENT_TIMESTAMP
loyalty_ledger,env,KEEP_PENDING,runtime_refs_but_zero_rows,low,0,9,0,1,0,0,0,,text,'prod'::text
loyalty_programs,id,KEEP_KEY,key_constraint,low,0,9,0,0,1,0,0,,uuid,gen_random_uuid()
loyalty_programs,organization_id,KEEP_KEY,key_constraint,low,0,9,0,0,0,1,0,,integer,
loyalty_programs,status,KEEP_PENDING,runtime_refs_but_zero_rows,low,0,9,0,0,0,0,0,,USER-DEFINED,"'ACTIVE'::app_v3.""LoyaltyProgramStatus"""
loyalty_programs,name,KEEP_PENDING,runtime_refs_but_zero_rows,low,0,9,0,0,0,0,0,,text,'Pontos ORYA'::text
loyalty_programs,pointsName,KEEP_PENDING,runtime_refs_but_zero_rows,low,0,9,0,0,0,0,0,,text,'Pontos'::text
loyalty_programs,points_expiry_days,KEEP_PENDING,runtime_refs_but_zero_rows,low,0,9,0,0,0,0,0,,integer,
loyalty_programs,terms_url,KEEP_PENDING,runtime_refs_but_zero_rows,low,0,9,0,0,0,0,0,,text,
loyalty_programs,created_at,KEEP_PENDING,runtime_refs_but_zero_rows,low,0,9,0,0,0,0,0,,timestamp with time zone,CURRENT_TIMESTAMP
loyalty_programs,updated_at,KEEP_PENDING,runtime_refs_but_zero_rows,low,0,9,0,0,0,0,0,,timestamp with time zone,CURRENT_TIMESTAMP
loyalty_programs,env,KEEP_PENDING,runtime_refs_but_zero_rows,low,0,9,0,0,0,0,0,,text,'prod'::text
loyalty_rewards,id,KEEP_KEY,key_constraint,low,0,5,0,0,1,0,0,,uuid,gen_random_uuid()
loyalty_rewards,program_id,KEEP_KEY,key_constraint,low,0,5,0,0,0,1,0,,uuid,
loyalty_rewards,name,KEEP_PENDING,runtime_refs_but_zero_rows,low,0,5,0,0,0,0,0,,text,
loyalty_rewards,type,KEEP_PENDING,runtime_refs_but_zero_rows,low,0,5,0,0,0,0,0,,USER-DEFINED,
loyalty_rewards,points_cost,KEEP_PENDING,runtime_refs_but_zero_rows,low,0,5,0,0,0,0,0,,integer,
loyalty_rewards,stock,KEEP_PENDING,runtime_refs_but_zero_rows,low,0,5,0,0,0,0,0,,integer,
loyalty_rewards,payload,KEEP_PENDING,runtime_refs_but_zero_rows,low,0,5,0,0,0,0,0,,jsonb,'{}'::jsonb
loyalty_rewards,is_active,KEEP_PENDING,runtime_refs_but_zero_rows,low,0,5,0,0,0,0,0,,boolean,true
loyalty_rewards,created_at,KEEP_PENDING,runtime_refs_but_zero_rows,low,0,5,0,0,0,0,0,,timestamp with time zone,CURRENT_TIMESTAMP
loyalty_rewards,updated_at,KEEP_PENDING,runtime_refs_but_zero_rows,low,0,5,0,0,0,0,0,,timestamp with time zone,CURRENT_TIMESTAMP
loyalty_rewards,env,KEEP_PENDING,runtime_refs_but_zero_rows,low,0,5,0,0,0,0,0,,text,'prod'::text
loyalty_rules,id,KEEP_KEY,key_constraint,low,0,3,0,0,1,0,0,,uuid,gen_random_uuid()
loyalty_rules,program_id,KEEP_KEY,key_constraint,low,0,3,0,0,0,1,0,,uuid,
loyalty_rules,name,KEEP_PENDING,runtime_refs_but_zero_rows,low,0,3,0,0,0,0,0,,text,
loyalty_rules,trigger,KEEP_PENDING,runtime_refs_but_zero_rows,low,0,3,0,0,0,0,0,,USER-DEFINED,
loyalty_rules,points,KEEP_PENDING,runtime_refs_but_zero_rows,low,0,3,0,0,0,0,0,,integer,
loyalty_rules,max_points_per_day,KEEP_PENDING,runtime_refs_but_zero_rows,low,0,3,0,0,0,0,0,,integer,
loyalty_rules,max_points_per_user,KEEP_PENDING,runtime_refs_but_zero_rows,low,0,3,0,0,0,0,0,,integer,
loyalty_rules,conditions,KEEP_PENDING,runtime_refs_but_zero_rows,low,0,3,0,0,0,0,0,,jsonb,'{}'::jsonb
loyalty_rules,is_active,KEEP_PENDING,runtime_refs_but_zero_rows,low,0,3,0,0,0,0,0,,boolean,true
loyalty_rules,created_at,KEEP_PENDING,runtime_refs_but_zero_rows,low,0,3,0,0,0,0,0,,timestamp with time zone,CURRENT_TIMESTAMP
loyalty_rules,updated_at,KEEP_PENDING,runtime_refs_but_zero_rows,low,0,3,0,0,0,0,0,,timestamp with time zone,CURRENT_TIMESTAMP
loyalty_rules,env,KEEP_PENDING,runtime_refs_but_zero_rows,low,0,3,0,0,0,0,0,,text,'prod'::text
match_notifications,id,KEEP_KEY,key_constraint,low,0,1,0,0,1,0,0,,integer,nextval('app_v3.match_notifications_id_seq'::regclass)
match_notifications,match_id,KEEP_PENDING,runtime_refs_but_zero_rows,low,0,1,0,0,0,0,0,,integer,
match_notifications,dedupe_key,KEEP_KEY,key_constraint,low,0,1,0,0,0,0,1,,text,
match_notifications,created_at,KEEP_PENDING,runtime_refs_but_zero_rows,low,0,1,0,0,0,0,0,,timestamp with time zone,now()
match_notifications,payload,KEEP_PENDING,runtime_refs_but_zero_rows,low,0,1,0,0,0,0,0,,jsonb,
match_notifications,env,KEEP_PENDING,runtime_refs_but_zero_rows,low,0,1,0,0,0,0,0,,text,'prod'::text
media_assets,env,KEEP,default_keep,low,13,11,3,0,0,0,0,,text,'prod'::text
media_assets,id,KEEP_KEY,key_constraint,low,13,11,3,0,1,0,0,,uuid,gen_random_uuid()
media_assets,organization_id,KEEP_KEY,key_constraint,low,13,11,3,0,0,1,0,,integer,
media_assets,owner_type,KEEP,default_keep,low,13,11,3,0,0,0,0,,USER-DEFINED,
media_assets,owner_id,KEEP,default_keep,low,13,11,3,0,0,0,0,,text,
media_assets,uploaded_by_user_id,KEEP,default_keep,low,13,11,3,0,0,0,0,,uuid,
media_assets,scope,KEEP,default_keep,low,13,11,3,0,0,0,0,,text,
media_assets,bucket,KEEP,default_keep,low,13,11,3,0,0,0,0,,text,
media_assets,object_path,KEEP,default_keep,low,13,11,3,0,0,0,0,,text,
media_assets,mime_type,KEEP,default_keep,low,13,11,3,0,0,0,0,,text,
media_assets,size_bytes,KEEP,default_keep,low,13,11,3,0,0,0,0,,integer,
media_assets,checksum_sha256,KEEP,default_keep,low,13,11,3,0,0,0,0,,text,
media_assets,original_filename,KEEP,default_keep,low,13,11,3,0,0,0,0,,text,
media_assets,is_public,KEEP,default_keep,low,13,11,3,0,0,0,0,,boolean,false
media_assets,created_at,KEEP,default_keep,low,13,11,3,0,0,0,0,,timestamp with time zone,now()
media_assets,deleted_at,KEEP,default_keep,low,13,11,3,0,0,0,0,,timestamp with time zone,
notification_mutes,env,KEEP_PENDING,runtime_refs_but_zero_rows,low,0,4,0,0,0,0,0,,text,'prod'::text
notification_mutes,id,KEEP_KEY,key_constraint,low,0,4,0,0,1,0,0,,uuid,gen_random_uuid()
notification_mutes,user_id,KEEP_KEY,key_constraint,low,0,4,0,0,0,1,1,,uuid,
notification_mutes,organization_id,KEEP_KEY,key_constraint,low,0,4,0,0,0,1,1,,integer,
notification_mutes,event_id,KEEP_KEY,key_constraint,low,0,4,0,0,0,1,1,,integer,
notification_mutes,created_at,KEEP_PENDING,runtime_refs_but_zero_rows,low,0,4,0,0,0,0,0,,timestamp with time zone,now()
notification_outbox,id,KEEP_KEY,key_constraint,low,146,10,2,18,1,0,0,0,uuid,gen_random_uuid()
notification_outbox,user_id,KEEP,default_keep,low,146,10,2,18,0,0,0,0,uuid,
notification_outbox,notification_type,KEEP,default_keep,low,146,10,2,18,0,0,0,0,text,
notification_outbox,template_version,KEEP,default_keep,low,146,10,2,18,0,0,0,0.195804,text,
notification_outbox,dedupe_key,KEEP,default_keep,low,146,10,2,18,0,0,0,0,text,
notification_outbox,status,KEEP,default_keep,low,146,10,2,18,0,0,0,0,text,'PENDING'::text
notification_outbox,payload,KEEP,default_keep,low,146,10,2,18,0,0,0,0,jsonb,'{}'::jsonb
notification_outbox,retries,KEEP,default_keep,low,146,10,2,18,0,0,0,0,integer,0
notification_outbox,last_error,REVIEW_COLUMN,always_null_with_data,medium,146,10,2,18,0,0,0,1,text,
notification_outbox,created_at,KEEP,default_keep,low,146,10,2,18,0,0,0,0,timestamp with time zone,now()
notification_outbox,sent_at,KEEP,default_keep,low,146,10,2,18,0,0,0,0,timestamp with time zone,
notification_outbox,next_attempt_at,REVIEW_COLUMN,always_null_with_data,medium,146,10,2,18,0,0,0,1,timestamp with time zone,
notification_outbox,env,KEEP,default_keep,low,146,10,2,18,0,0,0,0,text,'prod'::text
notification_preferences,userId,KEEP_KEY,key_constraint,low,85,9,0,0,1,0,0,0,uuid,
notification_preferences,allow_email_notifications,KEEP,default_keep,low,85,9,0,0,0,0,0,0,boolean,true
notification_preferences,allow_event_reminders,KEEP,default_keep,low,85,9,0,0,0,0,0,0,boolean,true
notification_preferences,allow_follow_requests,KEEP,default_keep,low,85,9,0,0,0,0,0,0,boolean,true
notification_preferences,allow_sales_alerts,KEEP,default_keep,low,85,9,0,0,0,0,0,0,boolean,true
notification_preferences,allow_system_announcements,KEEP,default_keep,low,85,9,0,0,0,0,0,0,boolean,true
notification_preferences,created_at,KEEP,default_keep,low,85,9,0,0,0,0,0,0,timestamp with time zone,now()
notification_preferences,updated_at,KEEP,default_keep,low,85,9,0,0,0,0,0,0,timestamp with time zone,now()
notification_preferences,allow_marketing_campaigns,KEEP,default_keep,low,85,9,0,0,0,0,0,0,boolean,true
notification_preferences,env,KEEP,default_keep,low,85,9,0,0,0,0,0,0,text,'prod'::text
notification_preferences,allow_social_notifications,KEEP,default_keep,low,85,9,0,0,0,0,0,0,boolean,true
notification_preferences,allow_event_notifications,KEEP,default_keep,low,85,9,0,0,0,0,0,0,boolean,true
notification_preferences,allow_system_notifications,KEEP,default_keep,low,85,9,0,0,0,0,0,0,boolean,true
notification_preferences,allow_marketing_notifications,KEEP,default_keep,low,85,9,0,0,0,0,0,0,boolean,true
notifications,id,KEEP_KEY,key_constraint,low,146,17,0,1,1,0,0,0,uuid,gen_random_uuid()
notifications,user_id,KEEP_KEY,key_constraint,low,146,17,0,1,0,1,0,0,uuid,
notifications,type,KEEP,default_keep,low,146,17,0,1,0,0,0,0,USER-DEFINED,
notifications,title,KEEP,default_keep,low,146,17,0,1,0,0,0,0,text,
notifications,body,KEEP,default_keep,low,146,17,0,1,0,0,0,0,text,
notifications,payload,KEEP,default_keep,low,146,17,0,1,0,0,0,0,jsonb,'{}'::jsonb
notifications,cta_url,KEEP,default_keep,low,146,17,0,1,0,0,0,0,text,
notifications,cta_label,KEEP,default_keep,low,146,17,0,1,0,0,0,0,text,
notifications,priority,KEEP,default_keep,low,146,17,0,1,0,0,0,0,USER-DEFINED,"'NORMAL'::app_v3.""NotificationPriority"""
notifications,from_user_id,KEEP_KEY,key_constraint,low,146,17,0,1,0,1,0,0.965753,uuid,
notifications,organization_id,KEEP_KEY,key_constraint,low,146,17,0,1,0,1,0,0.253425,integer,
notifications,event_id,KEEP_KEY,key_constraint,low,146,17,0,1,0,1,0,1,integer,
notifications,ticket_id,KEEP_KEY,key_constraint,low,146,17,0,1,0,1,0,1,text,
notifications,invite_id,KEEP_KEY,key_constraint,low,146,17,0,1,0,1,0,1,uuid,
notifications,is_read,KEEP,default_keep,low,146,17,0,1,0,0,0,0,boolean,false
notifications,read_at,KEEP,default_keep,low,146,17,0,1,0,0,0,0.945205,timestamp with time zone,
notifications,expires_at,REVIEW_COLUMN,always_null_with_data,medium,146,17,0,1,0,0,0,1,timestamp with time zone,
notifications,created_at,KEEP,default_keep,low,146,17,0,1,0,0,0,0,timestamp with time zone,now()
notifications,source_event_id,KEEP,default_keep,low,146,17,0,1,0,0,0,0,text,
notifications,env,KEEP,default_keep,low,146,17,0,1,0,0,0,0,text,'prod'::text
operations,id,KEEP_KEY,key_constraint,low,422,27,0,9,1,0,0,0,integer,nextval('app_v3.operations_id_seq'::regclass)
operations,operation_type,KEEP,default_keep,low,422,27,0,9,0,0,0,0,text,
operations,dedupe_key,KEEP_KEY,key_constraint,low,422,27,0,9,0,0,1,0,text,
operations,status,KEEP,default_keep,low,422,27,0,9,0,0,0,0,USER-DEFINED,"'PENDING'::app_v3.""OperationStatus"""
operations,attempts,KEEP,default_keep,low,422,27,0,9,0,0,0,0,integer,0
operations,last_error,KEEP,default_keep,low,422,27,0,9,0,0,0,0.985472,text,
operations,locked_at,REVIEW_COLUMN,always_null_with_data,medium,422,27,0,9,0,0,0,1,timestamp with time zone,
operations,next_retry_at,REVIEW_COLUMN,always_null_with_data,medium,422,27,0,9,0,0,0,1,timestamp with time zone,
operations,payload,KEEP,default_keep,low,422,27,0,9,0,0,0,0,jsonb,'{}'::jsonb
operations,purchase_id,KEEP,default_keep,low,422,27,0,9,0,0,0,0.985472,text,
operations,payment_intent_id,KEEP,default_keep,low,422,27,0,9,0,0,0,0.997579,text,
operations,stripe_event_id,REVIEW_COLUMN,always_null_with_data,medium,422,27,0,9,0,0,0,1,text,
operations,event_id,KEEP,default_keep,low,422,27,0,9,0,0,0,0.987893,integer,
operations,organization_id,REVIEW_COLUMN,always_null_with_data,medium,422,27,0,9,0,0,0,1,integer,
operations,pairing_id,REVIEW_COLUMN,always_null_with_data,medium,422,27,0,9,0,0,0,1,integer,
operations,created_at,KEEP,default_keep,low,422,27,0,9,0,0,0,0,timestamp with time zone,now()
operations,updated_at,KEEP,default_keep,low,422,27,0,9,0,0,0,0,timestamp with time zone,now()
operations,env,KEEP,default_keep,low,422,27,0,9,0,0,0,0,text,'prod'::text
operations,reason_code,KEEP,default_keep,low,422,27,0,9,0,0,0,0.985472,text,
operations,error_class,KEEP,default_keep,low,422,27,0,9,0,0,0,0.985472,text,
operations,error_stack,KEEP,default_keep,low,422,27,0,9,0,0,0,0.985472,text,
operations,first_seen_at,KEEP,default_keep,low,422,27,0,9,0,0,0,0.985472,timestamp with time zone,
operations,last_seen_at,KEEP,default_keep,low,422,27,0,9,0,0,0,0.985472,timestamp with time zone,
organization_audit_logs,id,KEEP_KEY,key_constraint,low,43,6,0,3,1,0,0,0,uuid,gen_random_uuid()
organization_audit_logs,organization_id,KEEP,default_keep,low,43,6,0,3,0,0,0,0,integer,
organization_audit_logs,actor_user_id,KEEP,default_keep,low,43,6,0,3,0,0,0,0,uuid,
organization_audit_logs,action,KEEP,default_keep,low,43,6,0,3,0,0,0,0,text,
organization_audit_logs,from_user_id,REVIEW_COLUMN,always_null_with_data,medium,43,6,0,3,0,0,0,1,uuid,
organization_audit_logs,to_user_id,KEEP,default_keep,low,43,6,0,3,0,0,0,0.769231,uuid,
organization_audit_logs,metadata,KEEP,default_keep,low,43,6,0,3,0,0,0,0,jsonb,'{}'::jsonb
organization_audit_logs,ip,KEEP,default_keep,low,43,6,0,3,0,0,0,0.153846,text,
organization_audit_logs,user_agent,KEEP,default_keep,low,43,6,0,3,0,0,0,0.153846,text,
organization_audit_logs,created_at,KEEP,default_keep,low,43,6,0,3,0,0,0,0,timestamp with time zone,now()
organization_audit_logs,group_id,KEEP,default_keep,low,43,6,0,3,0,0,0,0.769231,integer,
organization_audit_logs,entity_type,KEEP,default_keep,low,43,6,0,3,0,0,0,0.538462,text,
organization_audit_logs,entity_id,KEEP,default_keep,low,43,6,0,3,0,0,0,0.538462,text,
organization_audit_logs,correlation_id,KEEP,default_keep,low,43,6,0,3,0,0,0,0.538462,text,
organization_audit_logs,env,KEEP,default_keep,low,43,6,0,3,0,0,0,0,text,'prod'::text
organization_follows,id,KEEP_KEY,key_constraint,low,1023,15,0,0,1,0,0,0,integer,nextval('app_v3.organization_follows_id_seq'::regclass)
organization_follows,follower_id,KEEP_KEY,key_constraint,low,1023,15,0,0,0,1,0,0,uuid,
organization_follows,organization_id,KEEP_KEY,key_constraint,low,1023,15,0,0,0,1,0,0,integer,
organization_follows,created_at,KEEP,default_keep,low,1023,15,0,0,0,0,0,0,timestamp with time zone,now()
organization_follows,env,KEEP,default_keep,low,1023,15,0,0,0,0,0,0,text,'prod'::text
organization_form_fields,id,KEEP_KEY,key_constraint,low,77,3,0,0,1,0,0,0,integer,nextval('app_v3.organization_form_fields_id_seq'::regclass)
organization_form_fields,form_id,KEEP_KEY,key_constraint,low,77,3,0,0,0,1,0,0,integer,
organization_form_fields,label,KEEP,default_keep,low,77,3,0,0,0,0,0,0,text,
organization_form_fields,field_type,KEEP,default_keep,low,77,3,0,0,0,0,0,0,USER-DEFINED,
organization_form_fields,required,KEEP,default_keep,low,77,3,0,0,0,0,0,0,boolean,false
organization_form_fields,help_text,REVIEW_COLUMN,always_null_with_data,medium,77,3,0,0,0,0,0,1,text,
organization_form_fields,placeholder,KEEP,default_keep,low,77,3,0,0,0,0,0,0.272727,text,
organization_form_fields,options,KEEP,default_keep,low,77,3,0,0,0,0,0,0.818182,jsonb,
organization_form_fields,order,KEEP,default_keep,low,77,3,0,0,0,0,0,0,integer,0
organization_form_fields,created_at,KEEP,default_keep,low,77,3,0,0,0,0,0,0,timestamp with time zone,now()
organization_form_fields,updated_at,KEEP,default_keep,low,77,3,0,0,0,0,0,0,timestamp with time zone,now()
organization_form_fields,env,KEEP,default_keep,low,77,3,0,0,0,0,0,0,text,'prod'::text
organization_form_submissions,id,KEEP_KEY,key_constraint,low,0,14,0,0,1,0,0,,integer,nextval('app_v3.organization_form_submissions_id_seq'::regclass)
organization_form_submissions,form_id,KEEP_KEY,key_constraint,low,0,14,0,0,0,1,0,,integer,
organization_form_submissions,user_id,KEEP_KEY,key_constraint,low,0,14,0,0,0,1,0,,uuid,
organization_form_submissions,guest_email,KEEP_PENDING,runtime_refs_but_zero_rows,low,0,14,0,0,0,0,0,,text,
organization_form_submissions,status,KEEP_PENDING,runtime_refs_but_zero_rows,low,0,14,0,0,0,0,0,,USER-DEFINED,"'SUBMITTED'::app_v3.""OrganizationFormSubmissionStatus"""
organization_form_submissions,answers,KEEP_PENDING,runtime_refs_but_zero_rows,low,0,14,0,0,0,0,0,,jsonb,'{}'::jsonb
organization_form_submissions,created_at,KEEP_PENDING,runtime_refs_but_zero_rows,low,0,14,0,0,0,0,0,,timestamp with time zone,now()
organization_form_submissions,updated_at,KEEP_PENDING,runtime_refs_but_zero_rows,low,0,14,0,0,0,0,0,,timestamp with time zone,now()
organization_form_submissions,env,KEEP_PENDING,runtime_refs_but_zero_rows,low,0,14,0,0,0,0,0,,text,'prod'::text
organization_forms,id,KEEP_KEY,key_constraint,low,14,14,0,0,1,0,0,0,integer,nextval('app_v3.organization_forms_id_seq'::regclass)
organization_forms,organization_id,KEEP_KEY,key_constraint,low,14,14,0,0,0,1,0,0,integer,
organization_forms,title,KEEP,default_keep,low,14,14,0,0,0,0,0,0,text,
organization_forms,description,KEEP,default_keep,low,14,14,0,0,0,0,0,0,text,
organization_forms,status,KEEP,default_keep,low,14,14,0,0,0,0,0,0,USER-DEFINED,"'DRAFT'::app_v3.""OrganizationFormStatus"""
organization_forms,capacity,KEEP,default_keep,low,14,14,0,0,0,0,0,0.5,integer,
organization_forms,waitlist_enabled,KEEP,default_keep,low,14,14,0,0,0,0,0,0,boolean,true
organization_forms,start_at,KEEP,default_keep,low,14,14,0,0,0,0,0,0,timestamp with time zone,
organization_forms,end_at,KEEP,default_keep,low,14,14,0,0,0,0,0,0,timestamp with time zone,
organization_forms,created_at,KEEP,default_keep,low,14,14,0,0,0,0,0,0,timestamp with time zone,now()
organization_forms,updated_at,KEEP,default_keep,low,14,14,0,0,0,0,0,0,timestamp with time zone,now()
organization_forms,env,KEEP,default_keep,low,14,14,0,0,0,0,0,0,text,'prod'::text
organization_group_members,id,KEEP_KEY,key_constraint,low,193,27,1,12,1,0,0,0,uuid,gen_random_uuid()
organization_group_members,group_id,KEEP_KEY,key_constraint,low,193,27,1,12,0,1,0,0,integer,
organization_group_members,user_id,KEEP_KEY,key_constraint,low,193,27,1,12,0,1,0,0,uuid,
organization_group_members,role,KEEP,default_keep,low,193,27,1,12,0,0,0,0,USER-DEFINED,
organization_group_members,role_pack,REVIEW_COLUMN,always_null_with_data,medium,193,27,1,12,0,0,0,1,USER-DEFINED,
organization_group_members,scope_all_orgs,KEEP,default_keep,low,193,27,1,12,0,0,0,0,boolean,false
organization_group_members,scope_org_ids,KEEP,default_keep,low,193,27,1,12,0,0,0,0,ARRAY,'{}'::integer[]
organization_group_members,created_at,KEEP,default_keep,low,193,27,1,12,0,0,0,0,timestamp with time zone,now()
organization_group_members,updated_at,KEEP,default_keep,low,193,27,1,12,0,0,0,0,timestamp with time zone,now()
organization_group_members,env,KEEP,default_keep,low,193,27,1,12,0,0,0,0,text,'prod'::text
organization_group_members,is_governance,KEEP,default_keep,low,193,27,1,12,0,0,0,0,boolean,false
organization_group_owner_transfers,id,KEEP_KEY,key_constraint,low,0,9,0,4,1,0,0,,uuid,gen_random_uuid()
organization_group_owner_transfers,env,KEEP_PENDING,runtime_refs_but_zero_rows,low,0,9,0,4,0,0,0,,text,'prod'::text
organization_group_owner_transfers,group_id,KEEP_KEY,key_constraint,low,0,9,0,4,0,1,0,,integer,
organization_group_owner_transfers,from_user_id,KEEP_KEY,key_constraint,low,0,9,0,4,0,1,0,,uuid,
organization_group_owner_transfers,to_user_id,KEEP_KEY,key_constraint,low,0,9,0,4,0,1,0,,uuid,
organization_group_owner_transfers,status,KEEP_PENDING,runtime_refs_but_zero_rows,low,0,9,0,4,0,0,0,,USER-DEFINED,"'PENDING'::app_v3.""GroupOwnerTransferStatus"""
organization_group_owner_transfers,token,KEEP_KEY,key_constraint,low,0,9,0,4,0,0,1,,text,
organization_group_owner_transfers,expires_at,KEEP_PENDING,runtime_refs_but_zero_rows,low,0,9,0,4,0,0,0,,timestamp with time zone,
organization_group_owner_transfers,created_at,KEEP_PENDING,runtime_refs_but_zero_rows,low,0,9,0,4,0,0,0,,timestamp with time zone,now()
organization_group_owner_transfers,confirmed_at,KEEP_PENDING,runtime_refs_but_zero_rows,low,0,9,0,4,0,0,0,,timestamp with time zone,
organization_group_owner_transfers,cancelled_at,KEEP_PENDING,runtime_refs_but_zero_rows,low,0,9,0,4,0,0,0,,timestamp with time zone,
organization_groups,id,KEEP_KEY,key_constraint,low,14,20,0,11,1,0,0,0,integer,
organization_groups,created_at,KEEP,default_keep,low,14,20,0,11,0,0,0,0,timestamp with time zone,now()
organization_groups,updated_at,KEEP,default_keep,low,14,20,0,11,0,0,0,0,timestamp with time zone,now()
organization_groups,env,KEEP,default_keep,low,14,20,0,11,0,0,0,0,text,'prod'::text
organization_groups,owner_user_id,KEEP_KEY,key_constraint,low,14,20,0,11,0,1,0,0,uuid,
organization_groups,name,KEEP,default_keep,low,14,20,0,11,0,0,0,,text,
organization_member_invites,id,KEEP_KEY,key_constraint,low,2,18,0,0,1,0,0,,uuid,gen_random_uuid()
organization_member_invites,organization_id,KEEP_KEY,key_constraint,low,2,18,0,0,0,1,0,,integer,
organization_member_invites,invited_by_user_id,KEEP_KEY,key_constraint,low,2,18,0,0,0,1,0,,uuid,
organization_member_invites,target_identifier,KEEP,default_keep,low,2,18,0,0,0,0,0,,USER-DEFINED,
organization_member_invites,target_user_id,KEEP,default_keep,low,2,18,0,0,0,0,0,,uuid,
organization_member_invites,role,KEEP,default_keep,low,2,18,0,0,0,0,0,,USER-DEFINED,
organization_member_invites,token,KEEP_KEY,key_constraint,low,2,18,0,0,0,0,1,,uuid,
organization_member_invites,expires_at,KEEP,default_keep,low,2,18,0,0,0,0,0,,timestamp with time zone,
organization_member_invites,accepted_at,KEEP,default_keep,low,2,18,0,0,0,0,0,,timestamp with time zone,
organization_member_invites,declined_at,KEEP,default_keep,low,2,18,0,0,0,0,0,,timestamp with time zone,
organization_member_invites,cancelled_at,KEEP,default_keep,low,2,18,0,0,0,0,0,,timestamp with time zone,
organization_member_invites,created_at,KEEP,default_keep,low,2,18,0,0,0,0,0,,timestamp with time zone,now()
organization_member_invites,updated_at,KEEP,default_keep,low,2,18,0,0,0,0,0,,timestamp with time zone,now()
organization_member_invites,role_pack,KEEP,default_keep,low,2,18,0,0,0,0,0,,USER-DEFINED,
organization_member_invites,env,KEEP,default_keep,low,2,18,0,0,0,0,0,,text,'prod'::text
organization_member_overrides,id,KEEP_KEY,key_constraint,low,0,17,1,8,1,0,0,,uuid,gen_random_uuid()
organization_member_overrides,group_member_id,KEEP_KEY,key_constraint,low,0,17,1,8,0,1,0,,uuid,
organization_member_overrides,organization_id,KEEP_KEY,key_constraint,low,0,17,1,8,0,1,0,,integer,
organization_member_overrides,role_override,KEEP_PENDING,runtime_refs_but_zero_rows,low,0,17,1,8,0,0,0,,USER-DEFINED,
organization_member_overrides,revoked_at,KEEP_PENDING,runtime_refs_but_zero_rows,low,0,17,1,8,0,0,0,,timestamp with time zone,
organization_member_overrides,created_at,KEEP_PENDING,runtime_refs_but_zero_rows,low,0,17,1,8,0,0,0,,timestamp with time zone,now()
organization_member_overrides,updated_at,KEEP_PENDING,runtime_refs_but_zero_rows,low,0,17,1,8,0,0,0,,timestamp with time zone,now()
organization_member_overrides,env,KEEP_PENDING,runtime_refs_but_zero_rows,low,0,17,1,8,0,0,0,,text,'prod'::text
organization_member_permissions,id,KEEP_KEY,key_constraint,low,0,1,0,6,1,0,0,0,integer,nextval('app_v3.organization_member_permissions_id_seq'::regclass)
organization_member_permissions,organization_id,KEEP_KEY,key_constraint,low,0,1,0,6,0,1,0,0,integer,
organization_member_permissions,user_id,KEEP_KEY,key_constraint,low,0,1,0,6,0,1,0,0,uuid,
organization_member_permissions,module_key,KEEP_PENDING,runtime_refs_but_zero_rows,low,0,1,0,6,0,0,0,0,USER-DEFINED,
organization_member_permissions,access_level,KEEP_PENDING,runtime_refs_but_zero_rows,low,0,1,0,6,0,0,0,0,USER-DEFINED,"'VIEW'::app_v3.""OrganizationPermissionLevel"""
organization_member_permissions,scope_type,KEEP_PENDING,runtime_refs_but_zero_rows,low,0,1,0,6,0,0,0,1,text,
organization_member_permissions,scope_id,KEEP_PENDING,runtime_refs_but_zero_rows,low,0,1,0,6,0,0,0,1,text,
organization_member_permissions,created_at,KEEP_PENDING,runtime_refs_but_zero_rows,low,0,1,0,6,0,0,0,0,timestamp with time zone,now()
organization_member_permissions,updated_at,KEEP_PENDING,runtime_refs_but_zero_rows,low,0,1,0,6,0,0,0,0,timestamp with time zone,now()
organization_member_permissions,env,KEEP_PENDING,runtime_refs_but_zero_rows,low,0,1,0,6,0,0,0,0,text,'prod'::text
organization_modules,organization_id,KEEP_KEY,key_constraint,low,212,18,1,14,1,1,0,0,integer,
organization_modules,module_key,KEEP_KEY,key_constraint,low,212,18,1,14,1,0,0,0,USER-DEFINED,
organization_modules,enabled,KEEP,default_keep,low,212,18,1,14,0,0,0,0,boolean,true
organization_modules,env,KEEP,default_keep,low,212,18,1,14,0,0,0,0,text,'prod'::text
organization_official_email_requests,id,KEEP_KEY,key_constraint,low,0,11,0,10,1,0,0,,integer,nextval('app_v3.organization_official_email_requests_id_seq'::regclass)
organization_official_email_requests,organization_id,KEEP_KEY,key_constraint,low,0,11,0,10,0,1,0,,integer,
organization_official_email_requests,requested_by_user_id,KEEP_PENDING,runtime_refs_but_zero_rows,low,0,11,0,10,0,0,0,,uuid,
organization_official_email_requests,new_email,KEEP_PENDING,runtime_refs_but_zero_rows,low,0,11,0,10,0,0,0,,text,
organization_official_email_requests,token,KEEP_KEY,key_constraint,low,0,11,0,10,0,0,1,,text,
organization_official_email_requests,status,KEEP_PENDING,runtime_refs_but_zero_rows,low,0,11,0,10,0,0,0,,text,'PENDING'::text
organization_official_email_requests,expires_at,KEEP_PENDING,runtime_refs_but_zero_rows,low,0,11,0,10,0,0,0,,timestamp with time zone,
organization_official_email_requests,created_at,KEEP_PENDING,runtime_refs_but_zero_rows,low,0,11,0,10,0,0,0,,timestamp with time zone,now()
organization_official_email_requests,confirmed_at,KEEP_PENDING,runtime_refs_but_zero_rows,low,0,11,0,10,0,0,0,,timestamp with time zone,
organization_official_email_requests,cancelled_at,KEEP_PENDING,runtime_refs_but_zero_rows,low,0,11,0,10,0,0,0,,timestamp with time zone,
organization_official_email_requests,env,KEEP_PENDING,runtime_refs_but_zero_rows,low,0,11,0,10,0,0,0,,text,'prod'::text
organization_owner_transfers,id,KEEP_KEY,key_constraint,low,0,2,0,0,1,0,0,,uuid,gen_random_uuid()
organization_owner_transfers,organization_id,KEEP_PENDING,runtime_refs_but_zero_rows,low,0,2,0,0,0,0,0,,integer,
organization_owner_transfers,from_user_id,KEEP_PENDING,runtime_refs_but_zero_rows,low,0,2,0,0,0,0,0,,uuid,
organization_owner_transfers,to_user_id,KEEP_PENDING,runtime_refs_but_zero_rows,low,0,2,0,0,0,0,0,,uuid,
organization_owner_transfers,status,KEEP_PENDING,runtime_refs_but_zero_rows,low,0,2,0,0,0,0,0,,USER-DEFINED,"'PENDING'::app_v3.""OrganizationOwnerTransferStatus"""
organization_owner_transfers,token,KEEP_KEY,key_constraint,low,0,2,0,0,0,0,1,,text,
organization_owner_transfers,expires_at,KEEP_PENDING,runtime_refs_but_zero_rows,low,0,2,0,0,0,0,0,,timestamp with time zone,
organization_owner_transfers,created_at,KEEP_PENDING,runtime_refs_but_zero_rows,low,0,2,0,0,0,0,0,,timestamp with time zone,now()
organization_owner_transfers,confirmed_at,KEEP_PENDING,runtime_refs_but_zero_rows,low,0,2,0,0,0,0,0,,timestamp with time zone,
organization_owner_transfers,cancelled_at,KEEP_PENDING,runtime_refs_but_zero_rows,low,0,2,0,0,0,0,0,,timestamp with time zone,
organization_owner_transfers,env,KEEP_PENDING,runtime_refs_but_zero_rows,low,0,2,0,0,0,0,0,,text,'prod'::text
organization_policies,id,KEEP_KEY,key_constraint,low,18,17,0,0,1,0,0,0,integer,nextval('app_v3.organization_policies_id_seq'::regclass)
organization_policies,organization_id,KEEP_KEY,key_constraint,low,18,17,0,0,0,1,0,0,integer,
organization_policies,name,KEEP,default_keep,low,18,17,0,0,0,0,0,0,text,
organization_policies,policy_type,KEEP,default_keep,low,18,17,0,0,0,0,0,0,USER-DEFINED,
organization_policies,cancellation_window_minutes,KEEP,default_keep,low,18,17,0,0,0,0,0,0,integer,
organization_policies,created_at,KEEP,default_keep,low,18,17,0,0,0,0,0,0,timestamp with time zone,CURRENT_TIMESTAMP
organization_policies,updated_at,KEEP,default_keep,low,18,17,0,0,0,0,0,0,timestamp with time zone,CURRENT_TIMESTAMP
organization_policies,guest_booking_allowed,KEEP,default_keep,low,18,17,0,0,0,0,0,0,boolean,false
organization_policies,no_show_fee_cents,KEEP,default_keep,low,18,17,0,0,0,0,0,0,integer,0
organization_policies,env,KEEP,default_keep,low,18,17,0,0,0,0,0,0,text,'prod'::text
organization_policies,allow_cancellation,KEEP,default_keep,low,18,17,0,0,0,0,0,0,boolean,true
organization_policies,cancellation_penalty_bps,KEEP,default_keep,low,18,17,0,0,0,0,0,0,integer,0
organization_policies,allow_reschedule,KEEP,default_keep,low,18,17,0,0,0,0,0,0,boolean,true
organization_policies,reschedule_window_minutes,KEEP,default_keep,low,18,17,0,0,0,0,0,0,integer,
organization_settings,organization_id,KEEP_KEY,key_constraint,low,8,15,0,13,1,1,0,,integer,
organization_settings,invoicing_mode,KEEP,default_keep,low,8,15,0,13,0,0,0,,USER-DEFINED,
organization_settings,invoicing_software_name,KEEP,default_keep,low,8,15,0,13,0,0,0,,text,
organization_settings,invoicing_notes,KEEP,default_keep,low,8,15,0,13,0,0,0,,text,
organization_settings,invoicing_acknowledged_at,KEEP,default_keep,low,8,15,0,13,0,0,0,,timestamp with time zone,
organization_settings,invoicing_acknowledged_by_identity_id,KEEP_KEY,key_constraint,low,8,15,0,13,0,1,0,,uuid,
organization_settings,created_at,KEEP,default_keep,low,8,15,0,13,0,0,0,,timestamp with time zone,now()
organization_settings,updated_at,KEEP,default_keep,low,8,15,0,13,0,0,0,,timestamp with time zone,now()
organization_settings,env,KEEP,default_keep,low,8,15,0,13,0,0,0,,text,'prod'::text
organization_settings,support_email,KEEP,default_keep,low,8,15,0,13,0,0,0,,text,
organization_settings,support_phone,KEEP,default_keep,low,8,15,0,13,0,0,0,,text,
organization_settings,store_return_policy_mode,KEEP,default_keep,low,8,15,0,13,0,0,0,,text,
organization_settings,store_return_window_days,KEEP,default_keep,low,8,15,0,13,0,0,0,,integer,
organization_settings,booking_grid_minutes,KEEP,default_keep,low,8,15,0,13,0,0,0,,integer,30
organization_settings,booking_allowed_durations,KEEP,default_keep,low,8,15,0,13,0,0,0,,ARRAY,"ARRAY[60, 90]"
organization_settings,booking_allow_custom_duration,KEEP,default_keep,low,8,15,0,13,0,0,0,,boolean,false
organization_step_up_challenges,env,KEEP_PENDING,runtime_refs_but_zero_rows,low,0,6,0,0,0,0,0,,text,'prod'::text
organization_step_up_challenges,id,KEEP_KEY,key_constraint,low,0,6,0,0,1,0,0,,uuid,gen_random_uuid()
organization_step_up_challenges,organization_id,KEEP_KEY,key_constraint,low,0,6,0,0,0,1,0,,integer,
organization_step_up_challenges,user_id,KEEP_PENDING,runtime_refs_but_zero_rows,low,0,6,0,0,0,0,0,,uuid,
organization_step_up_challenges,action,KEEP_PENDING,runtime_refs_but_zero_rows,low,0,6,0,0,0,0,0,,USER-DEFINED,
organization_step_up_challenges,code_hash,KEEP_PENDING,runtime_refs_but_zero_rows,low,0,6,0,0,0,0,0,,text,
organization_step_up_challenges,expires_at,KEEP_PENDING,runtime_refs_but_zero_rows,low,0,6,0,0,0,0,0,,timestamp with time zone,
organization_step_up_challenges,attempt_count,KEEP_PENDING,runtime_refs_but_zero_rows,low,0,6,0,0,0,0,0,,integer,0
organization_step_up_challenges,lockout_until,KEEP_PENDING,runtime_refs_but_zero_rows,low,0,6,0,0,0,0,0,,timestamp with time zone,
organization_step_up_challenges,consumed_at,KEEP_PENDING,runtime_refs_but_zero_rows,low,0,6,0,0,0,0,0,,timestamp with time zone,
organization_step_up_challenges,last_sent_at,KEEP_PENDING,runtime_refs_but_zero_rows,low,0,6,0,0,0,0,0,,timestamp with time zone,
organization_step_up_challenges,metadata,KEEP_PENDING,runtime_refs_but_zero_rows,low,0,6,0,0,0,0,0,,jsonb,'{}'::jsonb
organization_step_up_challenges,created_at,KEEP_PENDING,runtime_refs_but_zero_rows,low,0,6,0,0,0,0,0,,timestamp with time zone,now()
organization_step_up_challenges,updated_at,KEEP_PENDING,runtime_refs_but_zero_rows,low,0,6,0,0,0,0,0,,timestamp with time zone,now()
organizations,id,KEEP_KEY,key_constraint,low,20,121,3,54,1,0,0,0,integer,nextval('app_v3.organizations_id_seq'::regclass)
organizations,stripe_account_id,KEEP,default_keep,low,20,121,3,54,0,0,0,0,text,
organizations,status,KEEP,default_keep,low,20,121,3,54,0,0,0,0,USER-DEFINED,"'PENDING'::app_v3.""OrganizationStatus"""
organizations,created_at,KEEP,default_keep,low,20,121,3,54,0,0,0,0,timestamp without time zone,CURRENT_TIMESTAMP
organizations,updated_at,KEEP,default_keep,low,20,121,3,54,0,0,0,0,timestamp without time zone,now()
organizations,fee_mode,KEEP,default_keep,low,20,121,3,54,0,0,0,0,USER-DEFINED,"'ADDED'::app_v3.""FeeMode"""
organizations,platform_fee_bps,KEEP,default_keep,low,20,121,3,54,0,0,0,0,integer,200
organizations,platform_fee_fixed_cents,KEEP,default_keep,low,20,121,3,54,0,0,0,0,integer,0
organizations,stripe_charges_enabled,KEEP,default_keep,low,20,121,3,54,0,0,0,0,boolean,false
organizations,stripe_payouts_enabled,KEEP,default_keep,low,20,121,3,54,0,0,0,0,boolean,false
organizations,entity_type,REVIEW_COLUMN,always_null_with_data,medium,20,121,3,54,0,0,0,1,text,
organizations,business_name,KEEP,default_keep,low,20,121,3,54,0,0,0,0.466667,text,
organizations,payout_iban,REVIEW_COLUMN,always_null_with_data,medium,20,121,3,54,0,0,0,1,text,
organizations,username,KEEP,default_keep,low,20,121,3,54,0,0,0,0,USER-DEFINED,
organizations,language,KEEP,default_keep,low,20,121,3,54,0,0,0,0,text,'pt'::text
organizations,alerts_email,KEEP,default_keep,low,20,121,3,54,0,0,0,0.933333,text,
organizations,alerts_sales_enabled,KEEP,default_keep,low,20,121,3,54,0,0,0,0,boolean,true
organizations,alerts_payout_enabled,KEEP,default_keep,low,20,121,3,54,0,0,0,0,boolean,false
organizations,branding_avatar_url,KEEP,default_keep,low,20,121,3,54,0,0,0,0.933333,text,
organizations,branding_primary_color,KEEP,default_keep,low,20,121,3,54,0,0,0,0.933333,text,
organizations,branding_secondary_color,KEEP,default_keep,low,20,121,3,54,0,0,0,0.933333,text,
organizations,organization_kind,KEEP,default_keep,low,20,121,3,54,0,0,0,0,USER-DEFINED,"'PESSOA_SINGULAR'::app_v3.""OrganizationKind"""
organizations,padel_default_short_name,REVIEW_COLUMN,always_null_with_data,medium,20,121,3,54,0,0,0,1,text,
organizations,padel_default_courts,KEEP,default_keep,low,20,121,3,54,0,0,0,0,integer,0
organizations,padel_default_hours,REVIEW_COLUMN,always_null_with_data,medium,20,121,3,54,0,0,0,1,text,
organizations,padel_default_rule_set_id,KEEP_KEY,key_constraint,low,20,121,3,54,0,1,0,1,integer,
organizations,padel_favorite_categories,KEEP,default_keep,low,20,121,3,54,0,0,0,0,ARRAY,'{}'::integer[]
organizations,public_name,KEEP,default_keep,low,20,121,3,54,0,0,0,0,text,
organizations,show_address_publicly,KEEP,default_keep,low,20,121,3,54,0,0,0,0,boolean,false
organizations,org_type,KEEP,default_keep,low,20,121,3,54,0,0,0,0,USER-DEFINED,"'EXTERNAL'::app_v3.""OrgType"""
organizations,official_email,KEEP,default_keep,low,20,121,3,54,0,0,0,0,text,
organizations,official_email_verified_at,KEEP,default_keep,low,20,121,3,54,0,0,0,0,timestamp with time zone,
organizations,public_website,KEEP,default_keep,low,20,121,3,54,0,0,0,0.466667,text,
organizations,public_description,KEEP,default_keep,low,20,121,3,54,0,0,0,0.466667,text,
organizations,public_hours,KEEP,default_keep,low,20,121,3,54,0,0,0,0.466667,text,
organizations,info_rules,KEEP,default_keep,low,20,121,3,54,0,0,0,0.533333,text,
organizations,info_requirements,KEEP,default_keep,low,20,121,3,54,0,0,0,0.533333,text,
organizations,info_policies,KEEP,default_keep,low,20,121,3,54,0,0,0,0.533333,text,
organizations,info_location_notes,KEEP,default_keep,low,20,121,3,54,0,0,0,0.466667,text,
organizations,public_instagram,KEEP,default_keep,low,20,121,3,54,0,0,0,0.466667,text,
organizations,public_youtube,KEEP,default_keep,low,20,121,3,54,0,0,0,0.933333,text,
organizations,branding_cover_url,KEEP,default_keep,low,20,121,3,54,0,0,0,0.933333,text,
organizations,timezone,KEEP,default_keep,low,20,121,3,54,0,0,0,0,text,'Europe/Lisbon'::text
organizations,reservation_assignment_mode,KEEP,default_keep,low,20,121,3,54,0,0,0,0,USER-DEFINED,"'PROFESSIONAL_ONLY'::app_v3.""ReservationAssignmentMode"""
organizations,primary_module,KEEP,default_keep,low,20,121,3,54,0,0,0,0,USER-DEFINED,"'EVENTOS'::app_v3.""OrganizationModule"""
organizations,group_id,KEEP_KEY,key_constraint,low,20,121,3,54,0,1,0,0,integer,
organizations,env,KEEP,default_keep,low,20,121,3,54,0,0,0,0,text,'prod'::text
organizations,address_id,KEEP,default_keep,low,20,121,3,54,0,0,0,0.466667,uuid,
organizations,public_tiktok,KEEP,default_keep,low,20,121,3,54,0,0,0,0.933333,text,
organizations,public_linkedin,KEEP,default_keep,low,20,121,3,54,0,0,0,0.933333,text,
organizations,org_reschedule_window_minutes,KEEP,default_keep,low,20,121,3,54,0,0,0,0,integer,240
outbox_events,event_id,KEEP_KEY,key_constraint,low,416,29,3,19,1,0,0,0,uuid,
outbox_events,event_type,KEEP,default_keep,low,416,29,3,19,0,0,0,0,text,
outbox_events,payload,KEEP,default_keep,low,416,29,3,19,0,0,0,0,jsonb,'{}'::jsonb
outbox_events,created_at,KEEP,default_keep,low,416,29,3,19,0,0,0,0,timestamp with time zone,now()
outbox_events,published_at,KEEP,default_keep,low,416,29,3,19,0,0,0,0.00242718,timestamp with time zone,
outbox_events,attempts,KEEP,default_keep,low,416,29,3,19,0,0,0,0,integer,0
outbox_events,next_attempt_at,KEEP,default_keep,low,416,29,3,19,0,0,0,0.997573,timestamp with time zone,
outbox_events,causation_id,KEEP,default_keep,low,416,29,3,19,0,0,0,0.0339806,text,
outbox_events,correlation_id,KEEP,default_keep,low,416,29,3,19,0,0,0,0,text,
outbox_events,dead_lettered_at,REVIEW_COLUMN,always_null_with_data,medium,416,29,3,19,0,0,0,1,timestamp with time zone,
outbox_events,dedupe_key,KEEP,default_keep,low,416,29,3,19,0,0,0,0,text,
outbox_events,claimed_at,KEEP,default_keep,low,416,29,3,19,0,0,0,0,timestamp with time zone,
outbox_events,processing_token,KEEP,default_keep,low,416,29,3,19,0,0,0,0,uuid,
outbox_events,env,KEEP,default_keep,low,416,29,3,19,0,0,0,0,text,'prod'::text
outbox_events,reason_code,REVIEW_COLUMN,always_null_with_data,medium,416,29,3,19,0,0,0,1,text,
outbox_events,error_class,REVIEW_COLUMN,always_null_with_data,medium,416,29,3,19,0,0,0,1,text,
outbox_events,error_stack,REVIEW_COLUMN,always_null_with_data,medium,416,29,3,19,0,0,0,1,text,
outbox_events,first_seen_at,REVIEW_COLUMN,always_null_with_data,medium,416,29,3,19,0,0,0,1,timestamp with time zone,
outbox_events,last_seen_at,REVIEW_COLUMN,always_null_with_data,medium,416,29,3,19,0,0,0,1,timestamp with time zone,
padel_availabilities,id,KEEP_KEY,key_constraint,low,0,13,0,6,1,0,0,,integer,nextval('app_v3.padel_availabilities_id_seq'::regclass)
padel_availabilities,organization_id,KEEP_KEY,key_constraint,low,0,13,0,6,0,1,0,,integer,
padel_availabilities,event_id,KEEP_KEY,key_constraint,low,0,13,0,6,0,1,0,,integer,
padel_availabilities,player_profile_id,KEEP_KEY,key_constraint,low,0,13,0,6,0,1,0,,integer,
padel_availabilities,player_name,KEEP_PENDING,runtime_refs_but_zero_rows,low,0,13,0,6,0,0,0,,text,
padel_availabilities,player_email,KEEP_PENDING,runtime_refs_but_zero_rows,low,0,13,0,6,0,0,0,,text,
padel_availabilities,start_at,KEEP_PENDING,runtime_refs_but_zero_rows,low,0,13,0,6,0,0,0,,timestamp with time zone,
padel_availabilities,end_at,KEEP_PENDING,runtime_refs_but_zero_rows,low,0,13,0,6,0,0,0,,timestamp with time zone,
padel_availabilities,note,KEEP_PENDING,runtime_refs_but_zero_rows,low,0,13,0,6,0,0,0,,text,
padel_availabilities,created_at,KEEP_PENDING,runtime_refs_but_zero_rows,low,0,13,0,6,0,0,0,,timestamp with time zone,now()
padel_availabilities,updated_at,KEEP_PENDING,runtime_refs_but_zero_rows,low,0,13,0,6,0,0,0,,timestamp with time zone,now()
padel_availabilities,env,KEEP_PENDING,runtime_refs_but_zero_rows,low,0,13,0,6,0,0,0,,text,'prod'::text
padel_categories,id,KEEP_KEY,key_constraint,low,48,23,0,24,1,0,0,0,integer,nextval('app_v3.padel_categories_id_seq'::regclass)
padel_categories,organization_id,KEEP_KEY,key_constraint,low,48,23,0,24,0,1,0,0,integer,
padel_categories,label,KEEP,default_keep,low,48,23,0,24,0,0,0,0,text,
padel_categories,gender_restriction,KEEP,default_keep,low,48,23,0,24,0,0,0,0.5,text,
padel_categories,min_level,KEEP,default_keep,low,48,23,0,24,0,0,0,0,text,
padel_categories,max_level,KEEP,default_keep,low,48,23,0,24,0,0,0,0,text,
padel_categories,is_default,KEEP,default_keep,low,48,23,0,24,0,0,0,0,boolean,false
padel_categories,is_active,KEEP,default_keep,low,48,23,0,24,0,0,0,0,boolean,true
padel_categories,season,KEEP,default_keep,low,48,23,0,24,0,0,0,0,text,
padel_categories,year,KEEP,default_keep,low,48,23,0,24,0,0,0,0,integer,
padel_categories,created_at,KEEP,default_keep,low,48,23,0,24,0,0,0,0,timestamp with time zone,now()
padel_categories,updated_at,KEEP,default_keep,low,48,23,0,24,0,0,0,0,timestamp with time zone,now()
padel_categories,env,KEEP,default_keep,low,48,23,0,24,0,0,0,0,text,'prod'::text
padel_club_courts,id,KEEP_KEY,key_constraint,low,48,44,0,9,1,0,0,0,integer,nextval('app_v3.padel_club_courts_id_seq'::regclass)
padel_club_courts,padel_club_id,KEEP_KEY,key_constraint,low,48,44,0,9,0,1,0,0,integer,
padel_club_courts,name,KEEP,default_keep,low,48,44,0,9,0,0,0,0,text,
padel_club_courts,description,KEEP,default_keep,low,48,44,0,9,0,0,0,0,text,
padel_club_courts,surface,KEEP,default_keep,low,48,44,0,9,0,0,0,0,text,
padel_club_courts,indoor,KEEP,default_keep,low,48,44,0,9,0,0,0,0,boolean,false
padel_club_courts,is_active,KEEP,default_keep,low,48,44,0,9,0,0,0,0,boolean,true
padel_club_courts,display_order,KEEP,default_keep,low,48,44,0,9,0,0,0,0,integer,0
padel_club_courts,created_at,KEEP,default_keep,low,48,44,0,9,0,0,0,0,timestamp with time zone,now()
padel_club_courts,updated_at,KEEP,default_keep,low,48,44,0,9,0,0,0,0,timestamp with time zone,now()
padel_club_courts,env,KEEP,default_keep,low,48,44,0,9,0,0,0,0,text,'prod'::text
padel_club_courts,deleted_at,REVIEW_COLUMN,always_null_with_data,medium,48,44,0,9,0,0,0,1,timestamp with time zone,
padel_club_staff,id,KEEP_KEY,key_constraint,low,48,19,0,4,1,0,0,0,integer,nextval('app_v3.padel_club_staff_id_seq'::regclass)
padel_club_staff,padel_club_id,KEEP_KEY,key_constraint,low,48,19,0,4,0,1,0,0,integer,
padel_club_staff,user_id,KEEP,default_keep,low,48,19,0,4,0,0,0,0,uuid,
padel_club_staff,role,KEEP,default_keep,low,48,19,0,4,0,0,0,0,USER-DEFINED,
padel_club_staff,inherit_to_events,KEEP,default_keep,low,48,19,0,4,0,0,0,0,boolean,true
padel_club_staff,created_at,KEEP,default_keep,low,48,19,0,4,0,0,0,0,timestamp with time zone,now()
padel_club_staff,updated_at,KEEP,default_keep,low,48,19,0,4,0,0,0,0,timestamp with time zone,now()
padel_club_staff,is_active,KEEP,default_keep,low,48,19,0,4,0,0,0,0,boolean,true
padel_club_staff,deleted_at,REVIEW_COLUMN,always_null_with_data,medium,48,19,0,4,0,0,0,1,timestamp with time zone,
padel_club_staff,env,KEEP,default_keep,low,48,19,0,4,0,0,0,0,text,'prod'::text
padel_club_staff_invites,id,KEEP_KEY,key_constraint,low,0,14,0,0,1,0,0,,uuid,gen_random_uuid()
padel_club_staff_invites,env,KEEP_PENDING,runtime_refs_but_zero_rows,low,0,14,0,0,0,0,0,,text,'prod'::text
padel_club_staff_invites,organization_id,KEEP_KEY,key_constraint,low,0,14,0,0,0,1,0,,integer,
padel_club_staff_invites,padel_club_id,KEEP_KEY,key_constraint,low,0,14,0,0,0,1,0,,integer,
padel_club_staff_invites,invited_by_user_id,KEEP_KEY,key_constraint,low,0,14,0,0,0,1,0,,uuid,
padel_club_staff_invites,target_identifier,KEEP_PENDING,runtime_refs_but_zero_rows,low,0,14,0,0,0,0,0,,USER-DEFINED,
padel_club_staff_invites,target_user_id,KEEP_KEY,key_constraint,low,0,14,0,0,0,1,0,,uuid,
padel_club_staff_invites,role,KEEP_PENDING,runtime_refs_but_zero_rows,low,0,14,0,0,0,0,0,,USER-DEFINED,
padel_club_staff_invites,inherit_to_events,KEEP_PENDING,runtime_refs_but_zero_rows,low,0,14,0,0,0,0,0,,boolean,true
padel_club_staff_invites,token,KEEP_KEY,key_constraint,low,0,14,0,0,0,0,1,,uuid,
padel_club_staff_invites,expires_at,KEEP_PENDING,runtime_refs_but_zero_rows,low,0,14,0,0,0,0,0,,timestamp with time zone,
padel_club_staff_invites,accepted_at,KEEP_PENDING,runtime_refs_but_zero_rows,low,0,14,0,0,0,0,0,,timestamp with time zone,
padel_club_staff_invites,declined_at,KEEP_PENDING,runtime_refs_but_zero_rows,low,0,14,0,0,0,0,0,,timestamp with time zone,
padel_club_staff_invites,cancelled_at,KEEP_PENDING,runtime_refs_but_zero_rows,low,0,14,0,0,0,0,0,,timestamp with time zone,
padel_club_staff_invites,created_at,KEEP_PENDING,runtime_refs_but_zero_rows,low,0,14,0,0,0,0,0,,timestamp with time zone,now()
padel_club_staff_invites,updated_at,KEEP_PENDING,runtime_refs_but_zero_rows,low,0,14,0,0,0,0,0,,timestamp with time zone,now()
padel_clubs,id,KEEP_KEY,key_constraint,low,12,36,1,12,1,0,0,0,integer,nextval('app_v3.padel_clubs_id_seq'::regclass)
padel_clubs,organization_id,KEEP_KEY,key_constraint,low,12,36,1,12,0,1,0,0,integer,
padel_clubs,name,KEEP,default_keep,low,12,36,1,12,0,0,0,0,text,
padel_clubs,short_name,KEEP,default_keep,low,12,36,1,12,0,0,0,0,text,
padel_clubs,courts_count,KEEP,default_keep,low,12,36,1,12,0,0,0,0,integer,1
padel_clubs,hours,KEEP,default_keep,low,12,36,1,12,0,0,0,0,text,
padel_clubs,favorite_category_ids,KEEP,default_keep,low,12,36,1,12,0,0,0,0,ARRAY,'{}'::integer[]
padel_clubs,slug,KEEP_KEY,key_constraint,low,12,36,1,12,0,0,1,0,text,
padel_clubs,is_active,KEEP,default_keep,low,12,36,1,12,0,0,0,0,boolean,true
padel_clubs,created_at,KEEP,default_keep,low,12,36,1,12,0,0,0,0,timestamp with time zone,now()
padel_clubs,updated_at,KEEP,default_keep,low,12,36,1,12,0,0,0,0,timestamp with time zone,now()
padel_clubs,is_default,KEEP,default_keep,low,12,36,1,12,0,0,0,0,boolean,false
padel_clubs,deleted_at,REVIEW_COLUMN,always_null_with_data,medium,12,36,1,12,0,0,0,1,timestamp with time zone,
padel_clubs,kind,KEEP,default_keep,low,12,36,1,12,0,0,0,0,USER-DEFINED,"'OWN'::app_v3.""PadelClubKind"""
padel_clubs,source_club_id,REVIEW_COLUMN,always_null_with_data,medium,12,36,1,12,0,0,0,1,integer,
padel_clubs,env,KEEP,default_keep,low,12,36,1,12,0,0,0,0,text,'prod'::text
padel_clubs,address_id,KEEP_KEY,key_constraint,low,12,36,1,12,0,1,0,0,uuid,
padel_community_comments,id,KEEP_KEY,key_constraint,low,0,2,0,0,1,0,0,,integer,nextval('app_v3.padel_community_comments_id_seq'::regclass)
padel_community_comments,env,KEEP_PENDING,runtime_refs_but_zero_rows,low,0,2,0,0,0,0,0,,text,'prod'::text
padel_community_comments,post_id,KEEP_KEY,key_constraint,low,0,2,0,0,0,1,0,,integer,
padel_community_comments,author_user_id,KEEP_KEY,key_constraint,low,0,2,0,0,0,1,0,,uuid,
padel_community_comments,body,KEEP_PENDING,runtime_refs_but_zero_rows,low,0,2,0,0,0,0,0,,text,
padel_community_comments,created_at,KEEP_PENDING,runtime_refs_but_zero_rows,low,0,2,0,0,0,0,0,,timestamp with time zone,now()
padel_community_comments,updated_at,KEEP_PENDING,runtime_refs_but_zero_rows,low,0,2,0,0,0,0,0,,timestamp with time zone,now()
padel_community_posts,id,KEEP_KEY,key_constraint,low,0,4,0,0,1,0,0,,integer,nextval('app_v3.padel_community_posts_id_seq'::regclass)
padel_community_posts,env,KEEP_PENDING,runtime_refs_but_zero_rows,low,0,4,0,0,0,0,0,,text,'prod'::text
padel_community_posts,organization_id,KEEP_KEY,key_constraint,low,0,4,0,0,0,1,0,,integer,
padel_community_posts,padel_club_id,KEEP_KEY,key_constraint,low,0,4,0,0,0,1,0,,integer,
padel_community_posts,author_user_id,KEEP_KEY,key_constraint,low,0,4,0,0,0,1,0,,uuid,
padel_community_posts,title,KEEP_PENDING,runtime_refs_but_zero_rows,low,0,4,0,0,0,0,0,,text,
padel_community_posts,body,KEEP_PENDING,runtime_refs_but_zero_rows,low,0,4,0,0,0,0,0,,text,
padel_community_posts,kind,KEEP_PENDING,runtime_refs_but_zero_rows,low,0,4,0,0,0,0,0,,USER-DEFINED,"'ANNOUNCEMENT'::app_v3.""PadelCommunityPostKind"""
padel_community_posts,visibility,KEEP_PENDING,runtime_refs_but_zero_rows,low,0,4,0,0,0,0,0,,USER-DEFINED,"'CLUB_MEMBERS'::app_v3.""PadelCommunityVisibility"""
padel_community_posts,is_pinned,KEEP_PENDING,runtime_refs_but_zero_rows,low,0,4,0,0,0,0,0,,boolean,false
padel_community_posts,created_at,KEEP_PENDING,runtime_refs_but_zero_rows,low,0,4,0,0,0,0,0,,timestamp with time zone,now()
padel_community_posts,updated_at,KEEP_PENDING,runtime_refs_but_zero_rows,low,0,4,0,0,0,0,0,,timestamp with time zone,now()
padel_community_reactions,id,KEEP_KEY,key_constraint,low,0,2,0,0,1,0,0,,integer,nextval('app_v3.padel_community_reactions_id_seq'::regclass)
padel_community_reactions,env,KEEP_PENDING,runtime_refs_but_zero_rows,low,0,2,0,0,0,0,0,,text,'prod'::text
padel_community_reactions,post_id,KEEP_KEY,key_constraint,low,0,2,0,0,0,1,0,,integer,
padel_community_reactions,user_id,KEEP_KEY,key_constraint,low,0,2,0,0,0,1,0,,uuid,
padel_community_reactions,reaction,KEEP_PENDING,runtime_refs_but_zero_rows,low,0,2,0,0,0,0,0,,text,
padel_community_reactions,created_at,KEEP_PENDING,runtime_refs_but_zero_rows,low,0,2,0,0,0,0,0,,timestamp with time zone,now()
padel_court_blocks,id,KEEP_KEY,key_constraint,low,0,26,0,7,1,0,0,,integer,nextval('app_v3.padel_court_blocks_id_seq'::regclass)
padel_court_blocks,organization_id,KEEP_KEY,key_constraint,low,0,26,0,7,0,1,0,,integer,
padel_court_blocks,event_id,KEEP_KEY,key_constraint,low,0,26,0,7,0,1,0,,integer,
padel_court_blocks,padel_club_id,KEEP_KEY,key_constraint,low,0,26,0,7,0,1,0,,integer,
padel_court_blocks,court_id,KEEP_KEY,key_constraint,low,0,26,0,7,0,1,0,,integer,
padel_court_blocks,start_at,KEEP_PENDING,runtime_refs_but_zero_rows,low,0,26,0,7,0,0,0,,timestamp with time zone,
padel_court_blocks,end_at,KEEP_PENDING,runtime_refs_but_zero_rows,low,0,26,0,7,0,0,0,,timestamp with time zone,
padel_court_blocks,label,KEEP_PENDING,runtime_refs_but_zero_rows,low,0,26,0,7,0,0,0,,text,
padel_court_blocks,kind,KEEP_PENDING,runtime_refs_but_zero_rows,low,0,26,0,7,0,0,0,,text,'BLOCK'::text
padel_court_blocks,note,KEEP_PENDING,runtime_refs_but_zero_rows,low,0,26,0,7,0,0,0,,text,
padel_court_blocks,created_at,KEEP_PENDING,runtime_refs_but_zero_rows,low,0,26,0,7,0,0,0,,timestamp with time zone,now()
padel_court_blocks,updated_at,KEEP_PENDING,runtime_refs_but_zero_rows,low,0,26,0,7,0,0,0,,timestamp with time zone,now()
padel_court_blocks,env,KEEP_PENDING,runtime_refs_but_zero_rows,low,0,26,0,7,0,0,0,,text,'prod'::text
padel_event_category_links,id,KEEP_KEY,key_constraint,low,20,27,0,13,1,0,0,0,integer,nextval('app_v3.padel_event_category_links_id_seq'::regclass)
padel_event_category_links,event_id,KEEP_KEY,key_constraint,low,20,27,0,13,0,1,0,0,integer,
padel_event_category_links,padel_category_id,KEEP_KEY,key_constraint,low,20,27,0,13,0,1,0,0,integer,
padel_event_category_links,format,KEEP,default_keep,low,20,27,0,13,0,0,0,0,USER-DEFINED,
padel_event_category_links,capacity_teams,KEEP,default_keep,low,20,27,0,13,0,0,0,0,integer,
padel_event_category_links,capacity_players,KEEP,default_keep,low,20,27,0,13,0,0,0,0,integer,
padel_event_category_links,is_enabled,KEEP,default_keep,low,20,27,0,13,0,0,0,0,boolean,true
padel_event_category_links,is_hidden,KEEP,default_keep,low,20,27,0,13,0,0,0,0,boolean,false
padel_event_category_links,created_at,KEEP,default_keep,low,20,27,0,13,0,0,0,0,timestamp with time zone,now()
padel_event_category_links,updated_at,KEEP,default_keep,low,20,27,0,13,0,0,0,0,timestamp with time zone,now()
padel_event_category_links,env,KEEP,default_keep,low,20,27,0,13,0,0,0,0,text,'prod'::text
padel_event_category_links,price_per_player_cents,KEEP,default_keep,low,20,27,0,13,0,0,0,0,integer,0
padel_event_category_links,currency,KEEP,default_keep,low,20,27,0,13,0,0,0,0,text,'EUR'::text
padel_match_participants,id,KEEP_KEY,key_constraint,low,436,12,0,0,1,0,0,0,integer,nextval('app_v3.padel_match_participants_id_seq'::regclass)
padel_match_participants,env,KEEP,default_keep,low,436,12,0,0,0,0,0,0,text,'prod'::text
padel_match_participants,match_id,KEEP_KEY,key_constraint,low,436,12,0,0,0,1,0,0,integer,
padel_match_participants,participant_id,KEEP_KEY,key_constraint,low,436,12,0,0,0,1,0,0,integer,
padel_match_participants,side,KEEP,default_keep,low,436,12,0,0,0,0,0,0,USER-DEFINED,
padel_match_participants,slot_order,KEEP,default_keep,low,436,12,0,0,0,0,0,0,integer,0
padel_match_participants,created_at,KEEP,default_keep,low,436,12,0,0,0,0,0,0,timestamp with time zone,now()
padel_match_result_cards,env,KEEP_PENDING,runtime_refs_but_zero_rows,low,0,7,0,1,0,0,0,,text,'prod'::text
padel_match_result_cards,id,KEEP_KEY,key_constraint,low,0,7,0,1,1,0,0,,uuid,gen_random_uuid()
padel_match_result_cards,match_id,KEEP_KEY,key_constraint,low,0,7,0,1,0,1,0,,integer,
padel_match_result_cards,organization_id,KEEP_PENDING,runtime_refs_but_zero_rows,low,0,7,0,1,0,0,0,,integer,
padel_match_result_cards,event_id,KEEP_PENDING,runtime_refs_but_zero_rows,low,0,7,0,1,0,0,0,,integer,
padel_match_result_cards,submitted_by_user_id,KEEP_PENDING,runtime_refs_but_zero_rows,low,0,7,0,1,0,0,0,,uuid,
padel_match_result_cards,payload,KEEP_PENDING,runtime_refs_but_zero_rows,low,0,7,0,1,0,0,0,,jsonb,
padel_match_result_cards,payload_hash,KEEP_PENDING,runtime_refs_but_zero_rows,low,0,7,0,1,0,0,0,,text,
padel_match_result_cards,status,KEEP_PENDING,runtime_refs_but_zero_rows,low,0,7,0,1,0,0,0,,USER-DEFINED,"'PENDING_SIGNATURES'::app_v3.""PadelMatchResultCardStatus"""
padel_match_result_cards,confirmed_at,KEEP_PENDING,runtime_refs_but_zero_rows,low,0,7,0,1,0,0,0,,timestamp with time zone,
padel_match_result_cards,conflict_at,KEEP_PENDING,runtime_refs_but_zero_rows,low,0,7,0,1,0,0,0,,timestamp with time zone,
padel_match_result_cards,cancelled_at,KEEP_PENDING,runtime_refs_but_zero_rows,low,0,7,0,1,0,0,0,,timestamp with time zone,
padel_match_result_cards,applied_at,KEEP_PENDING,runtime_refs_but_zero_rows,low,0,7,0,1,0,0,0,,timestamp with time zone,
padel_match_result_cards,created_at,KEEP_PENDING,runtime_refs_but_zero_rows,low,0,7,0,1,0,0,0,,timestamp with time zone,now()
padel_match_result_cards,updated_at,KEEP_PENDING,runtime_refs_but_zero_rows,low,0,7,0,1,0,0,0,,timestamp with time zone,now()
padel_match_result_signatures,env,KEEP_PENDING,runtime_refs_but_zero_rows,low,0,3,0,0,0,0,0,,text,'prod'::text
padel_match_result_signatures,id,KEEP_KEY,key_constraint,low,0,3,0,0,1,0,0,,integer,
padel_match_result_signatures,result_card_id,KEEP_KEY,key_constraint,low,0,3,0,0,0,1,1,,uuid,
padel_match_result_signatures,side,KEEP_KEY,key_constraint,low,0,3,0,0,0,0,1,,USER-DEFINED,
padel_match_result_signatures,user_id,KEEP_KEY,key_constraint,low,0,3,0,0,0,0,1,,uuid,
padel_match_result_signatures,created_at,KEEP_PENDING,runtime_refs_but_zero_rows,low,0,3,0,0,0,0,0,,timestamp with time zone,now()
padel_matches,id,KEEP_KEY,key_constraint,low,109,104,0,51,1,0,0,0,integer,nextval('app_v3.padel_matches_id_seq'::regclass)
padel_matches,event_id,KEEP_KEY,key_constraint,low,109,104,0,51,0,1,0,0,integer,
padel_matches,category_id,KEEP_KEY,key_constraint,low,109,104,0,51,0,1,0,0,integer,
padel_matches,court_number,KEEP,default_keep,low,109,104,0,51,0,0,0,0,integer,
padel_matches,start_time,KEEP,default_keep,low,109,104,0,51,0,0,0,0,timestamp with time zone,
padel_matches,round_label,KEEP,default_keep,low,109,104,0,51,0,0,0,0,text,
padel_matches,score,KEEP,default_keep,low,109,104,0,51,0,0,0,0,jsonb,'{}'::jsonb
padel_matches,status,KEEP,default_keep,low,109,104,0,51,0,0,0,0,USER-DEFINED,'PENDING'::app_v3.padel_match_status
padel_matches,created_at,KEEP,default_keep,low,109,104,0,51,0,0,0,0,timestamp with time zone,now()
padel_matches,updated_at,KEEP,default_keep,low,109,104,0,51,0,0,0,0,timestamp with time zone,now()
padel_matches,pairing_a_id,KEEP_KEY,key_constraint,low,109,104,0,51,0,1,0,0,integer,
padel_matches,pairing_b_id,KEEP_KEY,key_constraint,low,109,104,0,51,0,1,0,0,integer,
padel_matches,group_label,KEEP,default_keep,low,109,104,0,51,0,0,0,0,text,
padel_matches,round_type,KEEP,default_keep,low,109,104,0,51,0,0,0,0,text,
padel_matches,winner_pairing_id,KEEP_KEY,key_constraint,low,109,104,0,51,0,1,0,0,integer,
padel_matches,score_sets,KEEP,default_keep,low,109,104,0,51,0,0,0,0,jsonb,
padel_matches,court_name,KEEP,default_keep,low,109,104,0,51,0,0,0,0,text,
padel_matches,court_id,KEEP_KEY,key_constraint,low,109,104,0,51,0,1,0,0.135135,integer,
padel_matches,planned_start_at,KEEP,default_keep,low,109,104,0,51,0,0,0,0,timestamp with time zone,
padel_matches,planned_end_at,KEEP,default_keep,low,109,104,0,51,0,0,0,0,timestamp with time zone,
padel_matches,planned_duration_minutes,KEEP,default_keep,low,109,104,0,51,0,0,0,0,integer,
padel_matches,actual_start_at,KEEP,default_keep,low,109,104,0,51,0,0,0,0,timestamp with time zone,
padel_matches,actual_end_at,KEEP,default_keep,low,109,104,0,51,0,0,0,0,timestamp with time zone,
padel_matches,env,KEEP,default_keep,low,109,104,0,51,0,0,0,0,text,'prod'::text
padel_matches,winner_side,KEEP,default_keep,low,109,104,0,51,0,0,0,0,USER-DEFINED,
padel_matches,round_id,KEEP_KEY,key_constraint,low,109,104,0,51,0,1,0,0,integer,
padel_matches,winner_participant_id,KEEP_KEY,key_constraint,low,109,104,0,51,0,1,0,0,integer,
padel_matches,score_mode,KEEP,default_keep,low,109,104,0,51,0,0,0,0,USER-DEFINED,"'SETS'::app_v3.""PadelScoreMode"""
padel_pairing_holds,id,KEEP_KEY,key_constraint,low,1,12,0,2,1,0,0,0,integer,nextval('app_v3.padel_pairing_holds_id_seq'::regclass)
padel_pairing_holds,pairing_id,KEEP,default_keep,low,1,12,0,2,0,0,0,0,integer,
padel_pairing_holds,event_id,KEEP,default_keep,low,1,12,0,2,0,0,0,0,integer,
padel_pairing_holds,holds,KEEP,default_keep,low,1,12,0,2,0,0,0,0,integer,2
padel_pairing_holds,status,KEEP,default_keep,low,1,12,0,2,0,0,0,0,USER-DEFINED,"'ACTIVE'::app_v3.""PadelPairingHoldStatus"""
padel_pairing_holds,expires_at,KEEP,default_keep,low,1,12,0,2,0,0,0,0,timestamp with time zone,
padel_pairing_holds,created_at,KEEP,default_keep,low,1,12,0,2,0,0,0,0,timestamp with time zone,now()
padel_pairing_holds,updated_at,KEEP,default_keep,low,1,12,0,2,0,0,0,0,timestamp with time zone,now()
padel_pairing_holds,env,KEEP,default_keep,low,1,12,0,2,0,0,0,,text,'prod'::text
padel_pairing_slots,id,KEEP_KEY,key_constraint,low,502,26,0,11,1,0,0,0,integer,nextval('app_v3.padel_pairing_slots_id_seq'::regclass)
padel_pairing_slots,pairing_id,KEEP_KEY,key_constraint,low,502,26,0,11,0,1,0,0,integer,
padel_pairing_slots,profile_id,KEEP_KEY,key_constraint,low,502,26,0,11,0,1,0,0.0481172,uuid,
padel_pairing_slots,slot_role,KEEP,default_keep,low,502,26,0,11,0,0,0,0,USER-DEFINED,
padel_pairing_slots,slot_status,KEEP,default_keep,low,502,26,0,11,0,0,0,0,USER-DEFINED,"'PENDING'::app_v3.""PadelPairingSlotStatus"""
padel_pairing_slots,payment_status,KEEP,default_keep,low,502,26,0,11,0,0,0,0,USER-DEFINED,"'UNPAID'::app_v3.""PadelPairingPaymentStatus"""
padel_pairing_slots,invited_contact,REVIEW_COLUMN,always_null_with_data,medium,502,26,0,11,0,0,0,1,text,
padel_pairing_slots,is_public_open,KEEP,default_keep,low,502,26,0,11,0,0,0,0,boolean,false
padel_pairing_slots,created_at,KEEP,default_keep,low,502,26,0,11,0,0,0,0,timestamp with time zone,now()
padel_pairing_slots,updated_at,KEEP,default_keep,low,502,26,0,11,0,0,0,0,timestamp with time zone,now()
padel_pairing_slots,player_profile_id,KEEP_KEY,key_constraint,low,502,26,0,11,0,1,0,0.0481172,integer,
padel_pairing_slots,invited_user_id,KEEP_KEY,key_constraint,low,502,26,0,11,0,1,0,1,uuid,
padel_pairing_slots,env,KEEP,default_keep,low,502,26,0,11,0,0,0,0,text,'prod'::text
padel_pairings,id,KEEP_KEY,key_constraint,low,251,109,0,25,1,0,0,0,integer,nextval('app_v3.padel_pairings_id_seq'::regclass)
padel_pairings,event_id,KEEP_KEY,key_constraint,low,251,109,0,25,0,1,0,0,integer,
padel_pairings,organization_id,KEEP_KEY,key_constraint,low,251,109,0,25,0,1,0,0,integer,
padel_pairings,category_id,KEEP_KEY,key_constraint,low,251,109,0,25,0,1,0,0,integer,
padel_pairings,payment_mode,KEEP,default_keep,low,251,109,0,25,0,0,0,0,USER-DEFINED,
padel_pairings,pairing_status,KEEP,default_keep,low,251,109,0,25,0,0,0,0,USER-DEFINED,"'INCOMPLETE'::app_v3.""PadelPairingStatus"""
padel_pairings,created_by_user_id,KEEP,default_keep,low,251,109,0,25,0,0,0,0,uuid,
padel_pairings,invite_token,KEEP_KEY,key_constraint,low,251,109,0,25,0,0,1,1,text,
padel_pairings,invite_expires_at,REVIEW_COLUMN,always_null_with_data,medium,251,109,0,25,0,0,0,1,timestamp with time zone,
padel_pairings,locked_until,REVIEW_COLUMN,always_null_with_data,medium,251,109,0,25,0,0,0,1,timestamp with time zone,
padel_pairings,is_public_open,KEEP,default_keep,low,251,109,0,25,0,0,0,0,boolean,false
padel_pairings,created_at,KEEP,default_keep,low,251,109,0,25,0,0,0,0,timestamp with time zone,now()
padel_pairings,updated_at,KEEP,default_keep,low,251,109,0,25,0,0,0,0,timestamp with time zone,now()
padel_pairings,player1_user_id,KEEP,default_keep,low,251,109,0,25,0,0,0,0,uuid,
padel_pairings,player2_user_id,KEEP,default_keep,low,251,109,0,25,0,0,0,0.0996016,uuid,
padel_pairings,pairing_join_mode,KEEP,default_keep,low,251,109,0,25,0,0,0,0,USER-DEFINED,"'INVITE_PARTNER'::app_v3.""PadelPairingJoinMode"""
padel_pairings,partner_invite_used_at,REVIEW_COLUMN,always_null_with_data,medium,251,109,0,25,0,0,0,1,timestamp with time zone,
padel_pairings,partner_link_token,REVIEW_COLUMN,always_null_with_data,medium,251,109,0,25,0,0,0,1,text,
padel_pairings,deadline_at,KEEP,default_keep,low,251,109,0,25,0,0,0,0,timestamp with time zone,
padel_pairings,partner_swap_allowed_until_at,REVIEW_COLUMN,always_null_with_data,medium,251,109,0,25,0,0,0,1,timestamp with time zone,
padel_pairings,grace_until_at,REVIEW_COLUMN,always_null_with_data,medium,251,109,0,25,0,0,0,1,timestamp with time zone,
padel_pairings,partner_invited_at,REVIEW_COLUMN,always_null_with_data,medium,251,109,0,25,0,0,0,1,timestamp with time zone,
padel_pairings,partner_accepted_at,KEEP,default_keep,low,251,109,0,25,0,0,0,0.0996016,timestamp with time zone,
padel_pairings,partner_paid_at,KEEP,default_keep,low,251,109,0,25,0,0,0,0.0996016,timestamp with time zone,
padel_pairings,captain_second_charged_at,REVIEW_COLUMN,always_null_with_data,medium,251,109,0,25,0,0,0,1,timestamp with time zone,
padel_pairings,guarantee_status,KEEP,default_keep,low,251,109,0,25,0,0,0,0,USER-DEFINED,"'NONE'::app_v3.""PadelPairingGuaranteeStatus"""
padel_pairings,payment_method_id,REVIEW_COLUMN,always_null_with_data,medium,251,109,0,25,0,0,0,1,text,
padel_pairings,second_charge_payment_intent_id,REVIEW_COLUMN,always_null_with_data,medium,251,109,0,25,0,0,0,1,text,
padel_pairings,env,KEEP,default_keep,low,251,109,0,25,0,0,0,0,text,'prod'::text
padel_partner_court_snapshots,id,KEEP_KEY,key_constraint,low,0,5,0,0,1,0,0,,integer,nextval('app_v3.padel_partner_court_snapshots_id_seq'::regclass)
padel_partner_court_snapshots,env,KEEP_PENDING,runtime_refs_but_zero_rows,low,0,5,0,0,0,0,0,,text,'prod'::text
padel_partner_court_snapshots,partner_organization_id,KEEP_KEY,key_constraint,low,0,5,0,0,0,1,0,,integer,
padel_partner_court_snapshots,partner_club_id,KEEP_KEY,key_constraint,low,0,5,0,0,0,1,0,,integer,
padel_partner_court_snapshots,source_club_id,KEEP_KEY,key_constraint,low,0,5,0,0,0,1,0,,integer,
padel_partner_court_snapshots,source_court_id,KEEP_PENDING,runtime_refs_but_zero_rows,low,0,5,0,0,0,0,0,,integer,
padel_partner_court_snapshots,local_court_id,KEEP_KEY,key_constraint,low,0,5,0,0,0,1,0,,integer,
padel_partner_court_snapshots,name,KEEP_PENDING,runtime_refs_but_zero_rows,low,0,5,0,0,0,0,0,,text,
padel_partner_court_snapshots,surface,KEEP_PENDING,runtime_refs_but_zero_rows,low,0,5,0,0,0,0,0,,text,
padel_partner_court_snapshots,indoor,KEEP_PENDING,runtime_refs_but_zero_rows,low,0,5,0,0,0,0,0,,boolean,false
padel_partner_court_snapshots,display_order,KEEP_PENDING,runtime_refs_but_zero_rows,low,0,5,0,0,0,0,0,,integer,0
padel_partner_court_snapshots,source_updated_at,KEEP_PENDING,runtime_refs_but_zero_rows,low,0,5,0,0,0,0,0,,timestamp with time zone,
padel_partner_court_snapshots,synced_at,KEEP_PENDING,runtime_refs_but_zero_rows,low,0,5,0,0,0,0,0,,timestamp with time zone,now()
padel_partner_court_snapshots,ttl_at,KEEP_PENDING,runtime_refs_but_zero_rows,low,0,5,0,0,0,0,0,,timestamp with time zone,
padel_partner_court_snapshots,version,KEEP_PENDING,runtime_refs_but_zero_rows,low,0,5,0,0,0,0,0,,integer,1
padel_partner_court_snapshots,is_active,KEEP_PENDING,runtime_refs_but_zero_rows,low,0,5,0,0,0,0,0,,boolean,true
padel_partner_role_grants,id,KEEP_KEY,key_constraint,low,0,11,0,0,1,0,0,,integer,nextval('app_v3.padel_partner_role_grants_id_seq'::regclass)
padel_partner_role_grants,env,KEEP_PENDING,runtime_refs_but_zero_rows,low,0,11,0,0,0,0,0,,text,'prod'::text
padel_partner_role_grants,agreement_id,KEEP_KEY,key_constraint,low,0,11,0,0,0,1,0,,integer,
padel_partner_role_grants,partner_organization_id,KEEP_KEY,key_constraint,low,0,11,0,0,0,1,0,,integer,
padel_partner_role_grants,event_id,KEEP_KEY,key_constraint,low,0,11,0,0,0,1,0,,integer,
padel_partner_role_grants,user_id,KEEP_PENDING,runtime_refs_but_zero_rows,low,0,11,0,0,0,0,0,,uuid,
padel_partner_role_grants,role,KEEP_PENDING,runtime_refs_but_zero_rows,low,0,11,0,0,0,0,0,,USER-DEFINED,
padel_partner_role_grants,starts_at,KEEP_PENDING,runtime_refs_but_zero_rows,low,0,11,0,0,0,0,0,,timestamp with time zone,
padel_partner_role_grants,expires_at,KEEP_PENDING,runtime_refs_but_zero_rows,low,0,11,0,0,0,0,0,,timestamp with time zone,
padel_partner_role_grants,auto_revoke,KEEP_PENDING,runtime_refs_but_zero_rows,low,0,11,0,0,0,0,0,,boolean,true
padel_partner_role_grants,is_active,KEEP_PENDING,runtime_refs_but_zero_rows,low,0,11,0,0,0,0,0,,boolean,true
padel_partner_role_grants,granted_by_user_id,KEEP_PENDING,runtime_refs_but_zero_rows,low,0,11,0,0,0,0,0,,uuid,
padel_partner_role_grants,revoked_by_user_id,KEEP_PENDING,runtime_refs_but_zero_rows,low,0,11,0,0,0,0,0,,uuid,
padel_partner_role_grants,revoked_at,KEEP_PENDING,runtime_refs_but_zero_rows,low,0,11,0,0,0,0,0,,timestamp with time zone,
padel_partner_role_grants,scope,KEEP_PENDING,runtime_refs_but_zero_rows,low,0,11,0,0,0,0,0,,jsonb,'{}'::jsonb
padel_partner_role_grants,created_at,KEEP_PENDING,runtime_refs_but_zero_rows,low,0,11,0,0,0,0,0,,timestamp with time zone,now()
padel_partner_role_grants,updated_at,KEEP_PENDING,runtime_refs_but_zero_rows,low,0,11,0,0,0,0,0,,timestamp with time zone,now()
padel_partnership_agreements,id,KEEP_KEY,key_constraint,low,0,20,0,1,1,0,0,,integer,nextval('app_v3.padel_partnership_agreements_id_seq'::regclass)
padel_partnership_agreements,env,KEEP_PENDING,runtime_refs_but_zero_rows,low,0,20,0,1,0,0,0,,text,'prod'::text
padel_partnership_agreements,owner_organization_id,KEEP_KEY,key_constraint,low,0,20,0,1,0,1,0,,integer,
padel_partnership_agreements,partner_organization_id,KEEP_KEY,key_constraint,low,0,20,0,1,0,1,0,,integer,
padel_partnership_agreements,owner_club_id,KEEP_KEY,key_constraint,low,0,20,0,1,0,1,0,,integer,
padel_partnership_agreements,partner_club_id,KEEP_KEY,key_constraint,low,0,20,0,1,0,1,0,,integer,
padel_partnership_agreements,status,KEEP_PENDING,runtime_refs_but_zero_rows,low,0,20,0,1,0,0,0,,USER-DEFINED,"'PENDING'::app_v3.""PadelPartnershipStatus"""
padel_partnership_agreements,starts_at,KEEP_PENDING,runtime_refs_but_zero_rows,low,0,20,0,1,0,0,0,,timestamp with time zone,
padel_partnership_agreements,ends_at,KEEP_PENDING,runtime_refs_but_zero_rows,low,0,20,0,1,0,0,0,,timestamp with time zone,
padel_partnership_agreements,requested_by_user_id,KEEP_PENDING,runtime_refs_but_zero_rows,low,0,20,0,1,0,0,0,,uuid,
padel_partnership_agreements,approved_by_user_id,KEEP_PENDING,runtime_refs_but_zero_rows,low,0,20,0,1,0,0,0,,uuid,
padel_partnership_agreements,approved_at,KEEP_PENDING,runtime_refs_but_zero_rows,low,0,20,0,1,0,0,0,,timestamp with time zone,
padel_partnership_agreements,revoked_by_user_id,KEEP_PENDING,runtime_refs_but_zero_rows,low,0,20,0,1,0,0,0,,uuid,
padel_partnership_agreements,revoked_at,KEEP_PENDING,runtime_refs_but_zero_rows,low,0,20,0,1,0,0,0,,timestamp with time zone,
padel_partnership_agreements,notes,KEEP_PENDING,runtime_refs_but_zero_rows,low,0,20,0,1,0,0,0,,text,
padel_partnership_agreements,created_at,KEEP_PENDING,runtime_refs_but_zero_rows,low,0,20,0,1,0,0,0,,timestamp with time zone,now()
padel_partnership_agreements,updated_at,KEEP_PENDING,runtime_refs_but_zero_rows,low,0,20,0,1,0,0,0,,timestamp with time zone,now()
padel_partnership_booking_policies,id,KEEP_KEY,key_constraint,low,0,4,0,0,1,0,0,,integer,nextval('app_v3.padel_partnership_booking_policies_id_seq'::regclass)
padel_partnership_booking_policies,env,KEEP_PENDING,runtime_refs_but_zero_rows,low,0,4,0,0,0,0,0,,text,'prod'::text
padel_partnership_booking_policies,agreement_id,KEEP_KEY,key_constraint,low,0,4,0,0,0,1,0,,integer,
padel_partnership_booking_policies,priority_mode,KEEP_PENDING,runtime_refs_but_zero_rows,low,0,4,0,0,0,0,0,,USER-DEFINED,"'FIRST_CONFIRMED_WITH_OWNER_OVERRIDE'::app_v3.""PadelPartnershipPriorityMode"""
padel_partnership_booking_policies,owner_override_allowed,KEEP_PENDING,runtime_refs_but_zero_rows,low,0,4,0,0,0,0,0,,boolean,true
padel_partnership_booking_policies,owner_override_requires_audit,KEEP_PENDING,runtime_refs_but_zero_rows,low,0,4,0,0,0,0,0,,boolean,true
padel_partnership_booking_policies,auto_compensation_on_override,KEEP_PENDING,runtime_refs_but_zero_rows,low,0,4,0,0,0,0,0,,boolean,true
padel_partnership_booking_policies,protect_external_reservations,KEEP_PENDING,runtime_refs_but_zero_rows,low,0,4,0,0,0,0,0,,boolean,true
padel_partnership_booking_policies,hard_stop_minutes_before_booking,KEEP_PENDING,runtime_refs_but_zero_rows,low,0,4,0,0,0,0,0,,integer,30
padel_partnership_booking_policies,created_at,KEEP_PENDING,runtime_refs_but_zero_rows,low,0,4,0,0,0,0,0,,timestamp with time zone,now()
padel_partnership_booking_policies,updated_at,KEEP_PENDING,runtime_refs_but_zero_rows,low,0,4,0,0,0,0,0,,timestamp with time zone,now()
padel_partnership_compensation_cases,id,KEEP_KEY,key_constraint,low,0,8,0,1,1,0,0,,integer,nextval('app_v3.padel_partnership_compensation_cases_id_seq'::regclass)
padel_partnership_compensation_cases,env,KEEP_PENDING,runtime_refs_but_zero_rows,low,0,8,0,1,0,0,0,,text,'prod'::text
padel_partnership_compensation_cases,agreement_id,KEEP_KEY,key_constraint,low,0,8,0,1,0,1,0,,integer,
padel_partnership_compensation_cases,override_id,KEEP_KEY,key_constraint,low,0,8,0,1,0,1,0,,integer,
padel_partnership_compensation_cases,owner_organization_id,KEEP_KEY,key_constraint,low,0,8,0,1,0,1,0,,integer,
padel_partnership_compensation_cases,partner_organization_id,KEEP_KEY,key_constraint,low,0,8,0,1,0,1,0,,integer,
padel_partnership_compensation_cases,event_id,KEEP_KEY,key_constraint,low,0,8,0,1,0,1,0,,integer,
padel_partnership_compensation_cases,status,KEEP_PENDING,runtime_refs_but_zero_rows,low,0,8,0,1,0,0,0,,USER-DEFINED,"'OPEN'::app_v3.""PadelPartnershipCompensationStatus"""
padel_partnership_compensation_cases,reason_code,KEEP_PENDING,runtime_refs_but_zero_rows,low,0,8,0,1,0,0,0,,text,
padel_partnership_compensation_cases,window_start,KEEP_PENDING,runtime_refs_but_zero_rows,low,0,8,0,1,0,0,0,,timestamp with time zone,
padel_partnership_compensation_cases,window_end,KEEP_PENDING,runtime_refs_but_zero_rows,low,0,8,0,1,0,0,0,,timestamp with time zone,
padel_partnership_compensation_cases,metadata,KEEP_PENDING,runtime_refs_but_zero_rows,low,0,8,0,1,0,0,0,,jsonb,'{}'::jsonb
padel_partnership_compensation_cases,created_by_user_id,KEEP_PENDING,runtime_refs_but_zero_rows,low,0,8,0,1,0,0,0,,uuid,
padel_partnership_compensation_cases,resolved_by_user_id,KEEP_PENDING,runtime_refs_but_zero_rows,low,0,8,0,1,0,0,0,,uuid,
padel_partnership_compensation_cases,resolved_at,KEEP_PENDING,runtime_refs_but_zero_rows,low,0,8,0,1,0,0,0,,timestamp with time zone,
padel_partnership_compensation_cases,created_at,KEEP_PENDING,runtime_refs_but_zero_rows,low,0,8,0,1,0,0,0,,timestamp with time zone,now()
padel_partnership_compensation_cases,updated_at,KEEP_PENDING,runtime_refs_but_zero_rows,low,0,8,0,1,0,0,0,,timestamp with time zone,now()
padel_partnership_overrides,id,KEEP_KEY,key_constraint,low,0,10,0,1,1,0,0,,integer,nextval('app_v3.padel_partnership_overrides_id_seq'::regclass)
padel_partnership_overrides,env,KEEP_PENDING,runtime_refs_but_zero_rows,low,0,10,0,1,0,0,0,,text,'prod'::text
padel_partnership_overrides,agreement_id,KEEP_KEY,key_constraint,low,0,10,0,1,0,1,0,,integer,
padel_partnership_overrides,owner_organization_id,KEEP_KEY,key_constraint,low,0,10,0,1,0,1,0,,integer,
padel_partnership_overrides,partner_organization_id,KEEP_KEY,key_constraint,low,0,10,0,1,0,1,0,,integer,
padel_partnership_overrides,event_id,KEEP_KEY,key_constraint,low,0,10,0,1,0,1,0,,integer,
padel_partnership_overrides,target_type,KEEP_PENDING,runtime_refs_but_zero_rows,low,0,10,0,1,0,0,0,,text,
padel_partnership_overrides,target_source_id,KEEP_PENDING,runtime_refs_but_zero_rows,low,0,10,0,1,0,0,0,,text,
padel_partnership_overrides,court_id,KEEP_KEY,key_constraint,low,0,10,0,1,0,1,0,,integer,
padel_partnership_overrides,starts_at,KEEP_PENDING,runtime_refs_but_zero_rows,low,0,10,0,1,0,0,0,,timestamp with time zone,
padel_partnership_overrides,ends_at,KEEP_PENDING,runtime_refs_but_zero_rows,low,0,10,0,1,0,0,0,,timestamp with time zone,
padel_partnership_overrides,reason,KEEP_PENDING,runtime_refs_but_zero_rows,low,0,10,0,1,0,0,0,,text,
padel_partnership_overrides,impact,KEEP_PENDING,runtime_refs_but_zero_rows,low,0,10,0,1,0,0,0,,jsonb,'{}'::jsonb
padel_partnership_overrides,created_by_user_id,KEEP_PENDING,runtime_refs_but_zero_rows,low,0,10,0,1,0,0,0,,uuid,
padel_partnership_overrides,created_at,KEEP_PENDING,runtime_refs_but_zero_rows,low,0,10,0,1,0,0,0,,timestamp with time zone,now()
padel_partnership_overrides,reason_code,KEEP_PENDING,runtime_refs_but_zero_rows,low,0,10,0,1,0,0,0,,text,'UNSPECIFIED'::text
padel_partnership_overrides,executed_by_user_id,KEEP_PENDING,runtime_refs_but_zero_rows,low,0,10,0,1,0,0,0,,uuid,
padel_partnership_overrides,executed_at,KEEP_PENDING,runtime_refs_but_zero_rows,low,0,10,0,1,0,0,0,,timestamp with time zone,
padel_partnership_overrides,execution_status,KEEP_PENDING,runtime_refs_but_zero_rows,low,0,10,0,1,0,0,0,,text,
padel_partnership_tournament_requests,id,KEEP_KEY,key_constraint,low,0,0,0,0,1,0,0,,integer,nextval('app_v3.padel_partnership_tournament_requests_id_seq'::regclass)
padel_partnership_tournament_requests,env,REVIEW_TABLE_COLUMN,table_zero_rows_no_refs,medium,0,0,0,0,0,0,0,,text,'prod'::text
padel_partnership_tournament_requests,agreement_id,REVIEW_TABLE_COLUMN,table_zero_rows_no_refs,medium,0,0,0,0,0,0,0,,integer,
padel_partnership_tournament_requests,owner_organization_id,REVIEW_TABLE_COLUMN,table_zero_rows_no_refs,medium,0,0,0,0,0,0,0,,integer,
padel_partnership_tournament_requests,partner_organization_id,REVIEW_TABLE_COLUMN,table_zero_rows_no_refs,medium,0,0,0,0,0,0,0,,integer,
padel_partnership_tournament_requests,owner_club_id,REVIEW_TABLE_COLUMN,table_zero_rows_no_refs,medium,0,0,0,0,0,0,0,,integer,
padel_partnership_tournament_requests,partner_club_id,REVIEW_TABLE_COLUMN,table_zero_rows_no_refs,medium,0,0,0,0,0,0,0,,integer,
padel_partnership_tournament_requests,title,REVIEW_TABLE_COLUMN,table_zero_rows_no_refs,medium,0,0,0,0,0,0,0,,text,
padel_partnership_tournament_requests,starts_at,REVIEW_TABLE_COLUMN,table_zero_rows_no_refs,medium,0,0,0,0,0,0,0,,timestamp with time zone,
padel_partnership_tournament_requests,ends_at,REVIEW_TABLE_COLUMN,table_zero_rows_no_refs,medium,0,0,0,0,0,0,0,,timestamp with time zone,
padel_partnership_tournament_requests,requested_payload,REVIEW_TABLE_COLUMN,table_zero_rows_no_refs,medium,0,0,0,0,0,0,0,,jsonb,'{}'::jsonb
padel_partnership_tournament_requests,requested_by_user_id,REVIEW_TABLE_COLUMN,table_zero_rows_no_refs,medium,0,0,0,0,0,0,0,,uuid,
padel_partnership_tournament_requests,reviewed_by_user_id,REVIEW_TABLE_COLUMN,table_zero_rows_no_refs,medium,0,0,0,0,0,0,0,,uuid,
padel_partnership_tournament_requests,reviewed_at,REVIEW_TABLE_COLUMN,table_zero_rows_no_refs,medium,0,0,0,0,0,0,0,,timestamp with time zone,
padel_partnership_tournament_requests,status,REVIEW_TABLE_COLUMN,table_zero_rows_no_refs,medium,0,0,0,0,0,0,0,,USER-DEFINED,"'PENDING'::app_v3.""PadelPartnershipTournamentRequestStatus"""
padel_partnership_tournament_requests,event_id,REVIEW_TABLE_COLUMN,table_zero_rows_no_refs,medium,0,0,0,0,0,0,0,,integer,
padel_partnership_tournament_requests,expires_at,REVIEW_TABLE_COLUMN,table_zero_rows_no_refs,medium,0,0,0,0,0,0,0,,timestamp with time zone,
padel_partnership_tournament_requests,created_at,REVIEW_TABLE_COLUMN,table_zero_rows_no_refs,medium,0,0,0,0,0,0,0,,timestamp with time zone,now()
padel_partnership_tournament_requests,updated_at,REVIEW_TABLE_COLUMN,table_zero_rows_no_refs,medium,0,0,0,0,0,0,0,,timestamp with time zone,now()
padel_partnership_windows,id,KEEP_KEY,key_constraint,low,0,13,0,1,1,0,0,,integer,nextval('app_v3.padel_partnership_windows_id_seq'::regclass)
padel_partnership_windows,env,KEEP_PENDING,runtime_refs_but_zero_rows,low,0,13,0,1,0,0,0,,text,'prod'::text
padel_partnership_windows,agreement_id,KEEP_KEY,key_constraint,low,0,13,0,1,0,1,0,,integer,
padel_partnership_windows,owner_club_id,KEEP_KEY,key_constraint,low,0,13,0,1,0,1,0,,integer,
padel_partnership_windows,owner_court_id,KEEP_KEY,key_constraint,low,0,13,0,1,0,1,0,,integer,
padel_partnership_windows,weekday_mask,KEEP_PENDING,runtime_refs_but_zero_rows,low,0,13,0,1,0,0,0,,integer,127
padel_partnership_windows,start_minute,KEEP_PENDING,runtime_refs_but_zero_rows,low,0,13,0,1,0,0,0,,integer,
padel_partnership_windows,end_minute,KEEP_PENDING,runtime_refs_but_zero_rows,low,0,13,0,1,0,0,0,,integer,
padel_partnership_windows,timezone,KEEP_PENDING,runtime_refs_but_zero_rows,low,0,13,0,1,0,0,0,,text,'Europe/Lisbon'::text
padel_partnership_windows,starts_at,KEEP_PENDING,runtime_refs_but_zero_rows,low,0,13,0,1,0,0,0,,timestamp with time zone,
padel_partnership_windows,ends_at,KEEP_PENDING,runtime_refs_but_zero_rows,low,0,13,0,1,0,0,0,,timestamp with time zone,
padel_partnership_windows,requires_approval,KEEP_PENDING,runtime_refs_but_zero_rows,low,0,13,0,1,0,0,0,,boolean,false
padel_partnership_windows,capacity_parallel_slots,KEEP_PENDING,runtime_refs_but_zero_rows,low,0,13,0,1,0,0,0,,integer,1
padel_partnership_windows,is_active,KEEP_PENDING,runtime_refs_but_zero_rows,low,0,13,0,1,0,0,0,,boolean,true
padel_partnership_windows,created_at,KEEP_PENDING,runtime_refs_but_zero_rows,low,0,13,0,1,0,0,0,,timestamp with time zone,now()
padel_partnership_windows,updated_at,KEEP_PENDING,runtime_refs_but_zero_rows,low,0,13,0,1,0,0,0,,timestamp with time zone,now()
padel_player_history_projection,id,KEEP_KEY,key_constraint,low,0,5,0,6,1,0,0,,integer,nextval('app_v3.padel_player_history_projection_id_seq'::regclass)
padel_player_history_projection,env,KEEP_PENDING,runtime_refs_but_zero_rows,low,0,5,0,6,0,0,0,,text,'prod'::text
padel_player_history_projection,organization_id,KEEP_KEY,key_constraint,low,0,5,0,6,0,1,0,,integer,
padel_player_history_projection,event_id,KEEP_KEY,key_constraint,low,0,5,0,6,0,1,0,,integer,
padel_player_history_projection,category_id,KEEP_KEY,key_constraint,low,0,5,0,6,0,1,0,,integer,
padel_player_history_projection,player_profile_id,KEEP_KEY,key_constraint,low,0,5,0,6,0,1,0,,integer,
padel_player_history_projection,partner_player_profile_id,KEEP_KEY,key_constraint,low,0,5,0,6,0,1,0,,integer,
padel_player_history_projection,final_position,KEEP_PENDING,runtime_refs_but_zero_rows,low,0,5,0,6,0,0,0,,integer,
padel_player_history_projection,won_title,KEEP_PENDING,runtime_refs_but_zero_rows,low,0,5,0,6,0,0,0,,boolean,false
padel_player_history_projection,bracket_snapshot,KEEP_PENDING,runtime_refs_but_zero_rows,low,0,5,0,6,0,0,0,,jsonb,
padel_player_history_projection,computed_at,KEEP_PENDING,runtime_refs_but_zero_rows,low,0,5,0,6,0,0,0,,timestamp with time zone,now()
padel_player_history_projection,created_at,KEEP_PENDING,runtime_refs_but_zero_rows,low,0,5,0,6,0,0,0,,timestamp with time zone,now()
padel_player_history_projection,updated_at,KEEP_PENDING,runtime_refs_but_zero_rows,low,0,5,0,6,0,0,0,,timestamp with time zone,now()
padel_player_profiles,id,KEEP_KEY,key_constraint,low,695,36,0,17,1,0,0,0,integer,nextval('app_v3.padel_player_profiles_id_seq'::regclass)
padel_player_profiles,organization_id,KEEP_KEY,key_constraint,low,695,36,0,17,0,1,1,0,integer,
padel_player_profiles,user_id,KEEP_KEY,key_constraint,low,695,36,0,17,0,1,1,0.00143885,uuid,
padel_player_profiles,full_name,KEEP,default_keep,low,695,36,0,17,0,0,0,0,text,
padel_player_profiles,email,KEEP,default_keep,low,695,36,0,17,0,0,0,0.00143885,USER-DEFINED,
padel_player_profiles,phone,KEEP,default_keep,low,695,36,0,17,0,0,0,0.998561,text,
padel_player_profiles,gender,KEEP,default_keep,low,695,36,0,17,0,0,0,0.00143885,text,
padel_player_profiles,level,KEEP,default_keep,low,695,36,0,17,0,0,0,0.00143885,text,
padel_player_profiles,is_active,KEEP,default_keep,low,695,36,0,17,0,0,0,0,boolean,true
padel_player_profiles,notes,REVIEW_COLUMN,always_null_with_data,medium,695,36,0,17,0,0,0,1,text,
padel_player_profiles,created_at,KEEP,default_keep,low,695,36,0,17,0,0,0,0,timestamp with time zone,now()
padel_player_profiles,updated_at,KEEP,default_keep,low,695,36,0,17,0,0,0,0,timestamp with time zone,now()
padel_player_profiles,display_name,KEEP,default_keep,low,695,36,0,17,0,0,0,0.00143885,text,
padel_player_profiles,preferred_side,KEEP,default_keep,low,695,36,0,17,0,0,0,0.00143885,USER-DEFINED,
padel_player_profiles,club_name,KEEP,default_keep,low,695,36,0,17,0,0,0,0.854676,text,
padel_player_profiles,birth_date,REVIEW_COLUMN,always_null_with_data,medium,695,36,0,17,0,0,0,1,timestamp without time zone,
padel_player_profiles,env,KEEP,default_keep,low,695,36,0,17,0,0,0,0,text,'prod'::text
padel_player_profiles,crm_contact_id,KEEP_KEY,key_constraint,low,695,36,0,17,0,1,0,1,uuid,
padel_ranking_entries,id,KEEP_KEY,key_constraint,low,80,8,0,7,1,0,0,0,integer,nextval('app_v3.padel_ranking_entries_id_seq'::regclass)
padel_ranking_entries,organization_id,KEEP_KEY,key_constraint,low,80,8,0,7,0,1,0,0,integer,
padel_ranking_entries,player_id,KEEP_KEY,key_constraint,low,80,8,0,7,0,1,0,0,integer,
padel_ranking_entries,event_id,KEEP_KEY,key_constraint,low,80,8,0,7,0,1,0,0,integer,
padel_ranking_entries,points,KEEP,default_keep,low,80,8,0,7,0,0,0,0,integer,0
padel_ranking_entries,position,KEEP,default_keep,low,80,8,0,7,0,0,0,0,integer,
padel_ranking_entries,level,KEEP,default_keep,low,80,8,0,7,0,0,0,0,text,
padel_ranking_entries,season,KEEP,default_keep,low,80,8,0,7,0,0,0,0,text,
padel_ranking_entries,year,KEEP,default_keep,low,80,8,0,7,0,0,0,0,integer,
padel_ranking_entries,created_at,KEEP,default_keep,low,80,8,0,7,0,0,0,0,timestamp with time zone,now()
padel_ranking_entries,env,KEEP,default_keep,low,80,8,0,7,0,0,0,0,text,'prod'::text
padel_rating_events,id,KEEP_KEY,key_constraint,low,256,9,0,10,1,0,0,0,integer,nextval('app_v3.padel_rating_events_id_seq'::regclass)
padel_rating_events,env,KEEP,default_keep,low,256,9,0,10,0,0,0,0,text,'prod'::text
padel_rating_events,organization_id,KEEP_KEY,key_constraint,low,256,9,0,10,0,1,0,0,integer,
padel_rating_events,event_id,KEEP_KEY,key_constraint,low,256,9,0,10,0,1,0,0,integer,
padel_rating_events,match_id,KEEP_KEY,key_constraint,low,256,9,0,10,0,1,0,0,integer,
padel_rating_events,player_id,KEEP_KEY,key_constraint,low,256,9,0,10,0,1,0,0,integer,
padel_rating_events,opponent_avg_rating,KEEP,default_keep,low,256,9,0,10,0,0,0,0,double precision,
padel_rating_events,pre_rating,KEEP,default_keep,low,256,9,0,10,0,0,0,0,double precision,
padel_rating_events,pre_rd,KEEP,default_keep,low,256,9,0,10,0,0,0,0,double precision,
padel_rating_events,pre_sigma,KEEP,default_keep,low,256,9,0,10,0,0,0,0,double precision,
padel_rating_events,post_rating,KEEP,default_keep,low,256,9,0,10,0,0,0,0,double precision,
padel_rating_events,post_rd,KEEP,default_keep,low,256,9,0,10,0,0,0,0,double precision,
padel_rating_events,post_sigma,KEEP,default_keep,low,256,9,0,10,0,0,0,0,double precision,
padel_rating_events,expected_score,KEEP,default_keep,low,256,9,0,10,0,0,0,0,double precision,
padel_rating_events,actual_score,KEEP,default_keep,low,256,9,0,10,0,0,0,0,double precision,
padel_rating_events,games_for,KEEP,default_keep,low,256,9,0,10,0,0,0,0,integer,
padel_rating_events,games_against,KEEP,default_keep,low,256,9,0,10,0,0,0,0,integer,
padel_rating_events,tier_multiplier,KEEP,default_keep,low,256,9,0,10,0,0,0,0,double precision,1
padel_rating_events,carry_multiplier,KEEP,default_keep,low,256,9,0,10,0,0,0,0,double precision,1
padel_rating_events,metadata,KEEP,default_keep,low,256,9,0,10,0,0,0,0,jsonb,'{}'::jsonb
padel_rating_events,created_at,KEEP,default_keep,low,256,9,0,10,0,0,0,0,timestamp with time zone,now()
padel_rating_events,tier,KEEP,default_keep,low,256,9,0,10,0,0,0,0,text,
padel_rating_events,club_id,KEEP_KEY,key_constraint,low,256,9,0,10,0,1,0,0,integer,
padel_rating_events,city,KEEP,default_keep,low,256,9,0,10,0,0,0,0,text,
padel_rating_profiles,id,KEEP_KEY,key_constraint,low,103,23,0,7,1,0,0,0,integer,nextval('app_v3.padel_rating_profiles_id_seq'::regclass)
padel_rating_profiles,env,KEEP,default_keep,low,103,23,0,7,0,0,0,0,text,'prod'::text
padel_rating_profiles,organization_id,KEEP_KEY,key_constraint,low,103,23,0,7,0,1,0,0,integer,
padel_rating_profiles,player_id,KEEP_KEY,key_constraint,low,103,23,0,7,0,1,0,0,integer,
padel_rating_profiles,rating,KEEP,default_keep,low,103,23,0,7,0,0,0,0,double precision,1200
padel_rating_profiles,rd,KEEP,default_keep,low,103,23,0,7,0,0,0,0,double precision,350
padel_rating_profiles,sigma,KEEP,default_keep,low,103,23,0,7,0,0,0,0,double precision,0.06
padel_rating_profiles,tau,KEEP,default_keep,low,103,23,0,7,0,0,0,0,double precision,0.5
padel_rating_profiles,matches_played,KEEP,default_keep,low,103,23,0,7,0,0,0,0,integer,0
padel_rating_profiles,level_visual,KEEP,default_keep,low,103,23,0,7,0,0,0,0,numeric,
padel_rating_profiles,leaderboard_eligible,KEEP,default_keep,low,103,23,0,7,0,0,0,0,boolean,true
padel_rating_profiles,blocked_new_matches,KEEP,default_keep,low,103,23,0,7,0,0,0,0,boolean,false
padel_rating_profiles,suspension_ends_at,REVIEW_COLUMN,always_null_with_data,medium,103,23,0,7,0,0,0,1,timestamp with time zone,
padel_rating_profiles,last_match_at,KEEP,default_keep,low,103,23,0,7,0,0,0,0.0776699,timestamp with time zone,
padel_rating_profiles,last_activity_at,KEEP,default_keep,low,103,23,0,7,0,0,0,0.0776699,timestamp with time zone,
padel_rating_profiles,last_rebuild_at,KEEP,default_keep,low,103,23,0,7,0,0,0,0,timestamp with time zone,
padel_rating_profiles,metadata,KEEP,default_keep,low,103,23,0,7,0,0,0,0,jsonb,'{}'::jsonb
padel_rating_profiles,created_at,KEEP,default_keep,low,103,23,0,7,0,0,0,0,timestamp with time zone,now()
padel_rating_profiles,updated_at,KEEP,default_keep,low,103,23,0,7,0,0,0,0,timestamp with time zone,now()
padel_rating_sanctions,id,KEEP_KEY,key_constraint,low,0,8,0,7,1,0,0,,integer,nextval('app_v3.padel_rating_sanctions_id_seq'::regclass)
padel_rating_sanctions,env,KEEP_PENDING,runtime_refs_but_zero_rows,low,0,8,0,7,0,0,0,,text,'prod'::text
padel_rating_sanctions,organization_id,KEEP_KEY,key_constraint,low,0,8,0,7,0,1,0,,integer,
padel_rating_sanctions,player_id,KEEP_KEY,key_constraint,low,0,8,0,7,0,1,0,,integer,
padel_rating_sanctions,type,KEEP_PENDING,runtime_refs_but_zero_rows,low,0,8,0,7,0,0,0,,USER-DEFINED,
padel_rating_sanctions,status,KEEP_PENDING,runtime_refs_but_zero_rows,low,0,8,0,7,0,0,0,,USER-DEFINED,"'ACTIVE'::app_v3.""PadelRatingSanctionStatus"""
padel_rating_sanctions,reason_code,KEEP_PENDING,runtime_refs_but_zero_rows,low,0,8,0,7,0,0,0,,text,
padel_rating_sanctions,reason,KEEP_PENDING,runtime_refs_but_zero_rows,low,0,8,0,7,0,0,0,,text,
padel_rating_sanctions,starts_at,KEEP_PENDING,runtime_refs_but_zero_rows,low,0,8,0,7,0,0,0,,timestamp with time zone,now()
padel_rating_sanctions,ends_at,KEEP_PENDING,runtime_refs_but_zero_rows,low,0,8,0,7,0,0,0,,timestamp with time zone,
padel_rating_sanctions,metadata,KEEP_PENDING,runtime_refs_but_zero_rows,low,0,8,0,7,0,0,0,,jsonb,'{}'::jsonb
padel_rating_sanctions,created_by_user_id,KEEP_PENDING,runtime_refs_but_zero_rows,low,0,8,0,7,0,0,0,,uuid,
padel_rating_sanctions,resolved_by_user_id,KEEP_PENDING,runtime_refs_but_zero_rows,low,0,8,0,7,0,0,0,,uuid,
padel_rating_sanctions,resolved_at,KEEP_PENDING,runtime_refs_but_zero_rows,low,0,8,0,7,0,0,0,,timestamp with time zone,
padel_rating_sanctions,created_at,KEEP_PENDING,runtime_refs_but_zero_rows,low,0,8,0,7,0,0,0,,timestamp with time zone,now()
padel_rating_sanctions,updated_at,KEEP_PENDING,runtime_refs_but_zero_rows,low,0,8,0,7,0,0,0,,timestamp with time zone,now()
padel_registration_lines,id,KEEP_KEY,key_constraint,low,0,7,0,0,1,0,0,,integer,nextval('app_v3.padel_registration_lines_id_seq'::regclass)
padel_registration_lines,padel_registration_id,KEEP_KEY,key_constraint,low,0,7,0,0,0,1,0,,uuid,
padel_registration_lines,label,KEEP_PENDING,runtime_refs_but_zero_rows,low,0,7,0,0,0,0,0,,text,
padel_registration_lines,qty,KEEP_PENDING,runtime_refs_but_zero_rows,low,0,7,0,0,0,0,0,,integer,
padel_registration_lines,unit_amount,KEEP_PENDING,runtime_refs_but_zero_rows,low,0,7,0,0,0,0,0,,integer,
padel_registration_lines,total_amount,KEEP_PENDING,runtime_refs_but_zero_rows,low,0,7,0,0,0,0,0,,integer,
padel_registration_lines,env,KEEP_PENDING,runtime_refs_but_zero_rows,low,0,7,0,0,0,0,0,,text,'prod'::text
padel_registration_lines,pairing_slot_id,KEEP_PENDING,runtime_refs_but_zero_rows,low,0,7,0,0,0,0,0,,integer,
padel_registrations,id,KEEP_KEY,key_constraint,low,0,28,0,3,1,0,0,,uuid,gen_random_uuid()
padel_registrations,organization_id,KEEP_KEY,key_constraint,low,0,28,0,3,0,1,0,,integer,
padel_registrations,event_id,KEEP_KEY,key_constraint,low,0,28,0,3,0,1,0,,integer,
padel_registrations,buyer_identity_id,KEEP_PENDING,runtime_refs_but_zero_rows,low,0,28,0,3,0,0,0,,uuid,
padel_registrations,currency,KEEP_PENDING,runtime_refs_but_zero_rows,low,0,28,0,3,0,0,0,,text,'EUR'::text
padel_registrations,status,KEEP_PENDING,runtime_refs_but_zero_rows,low,0,28,0,3,0,0,0,,USER-DEFINED,"'PENDING_PARTNER'::app_v3.""PadelRegistrationStatus"""
padel_registrations,created_at,KEEP_PENDING,runtime_refs_but_zero_rows,low,0,28,0,3,0,0,0,,timestamp with time zone,now()
padel_registrations,updated_at,KEEP_PENDING,runtime_refs_but_zero_rows,low,0,28,0,3,0,0,0,,timestamp with time zone,now()
padel_registrations,pairing_id,KEEP_KEY,key_constraint,low,0,28,0,3,0,1,0,,integer,
padel_registrations,env,KEEP_PENDING,runtime_refs_but_zero_rows,low,0,28,0,3,0,0,0,,text,'prod'::text
padel_rounds,id,KEEP_KEY,key_constraint,low,20,2,0,0,1,0,0,0,integer,nextval('app_v3.padel_rounds_id_seq'::regclass)
padel_rounds,env,KEEP,default_keep,low,20,2,0,0,0,0,0,0,text,'prod'::text
padel_rounds,event_id,KEEP_KEY,key_constraint,low,20,2,0,0,0,1,0,0,integer,
padel_rounds,category_id,KEEP_KEY,key_constraint,low,20,2,0,0,0,1,0,0,integer,
padel_rounds,organization_id,KEEP_KEY,key_constraint,low,20,2,0,0,0,1,0,0,integer,
padel_rounds,round_key,KEEP,default_keep,low,20,2,0,0,0,0,0,0,text,
padel_rounds,phase,KEEP,default_keep,low,20,2,0,0,0,0,0,0,USER-DEFINED,
padel_rounds,round_number,KEEP,default_keep,low,20,2,0,0,0,0,0,0,integer,1
padel_rounds,group_label,KEEP,default_keep,low,20,2,0,0,0,0,0,0,text,
padel_rounds,state,KEEP,default_keep,low,20,2,0,0,0,0,0,0,USER-DEFINED,"'PENDING'::app_v3.""PadelRoundState"""
padel_rounds,score_mode,KEEP,default_keep,low,20,2,0,0,0,0,0,0,USER-DEFINED,"'SETS'::app_v3.""PadelScoreMode"""
padel_rounds,duration_seconds,REVIEW_COLUMN,always_null_with_data,medium,20,2,0,0,0,0,0,1,integer,
padel_rounds,starts_at,KEEP,default_keep,low,20,2,0,0,0,0,0,0,timestamp with time zone,
padel_rounds,ends_at,KEEP,default_keep,low,20,2,0,0,0,0,0,0,timestamp with time zone,
padel_rounds,timer_state,KEEP,default_keep,low,20,2,0,0,0,0,0,0,USER-DEFINED,"'IDLE'::app_v3.""PadelRoundTimerState"""
padel_rounds,created_at,KEEP,default_keep,low,20,2,0,0,0,0,0,0,timestamp with time zone,now()
padel_rounds,updated_at,KEEP,default_keep,low,20,2,0,0,0,0,0,0,timestamp with time zone,now()
padel_rule_set_versions,env,KEEP_PENDING,runtime_refs_but_zero_rows,low,0,3,0,0,0,0,0,,text,'prod'::text
padel_rule_set_versions,id,KEEP_KEY,key_constraint,low,0,3,0,0,1,0,0,,integer,nextval('app_v3.padel_rule_set_versions_id_seq'::regclass)
padel_rule_set_versions,tournament_config_id,KEEP_KEY,key_constraint,low,0,3,0,0,0,1,1,,integer,
padel_rule_set_versions,version,KEEP_KEY,key_constraint,low,0,3,0,0,0,0,1,,integer,1
padel_rule_set_versions,source_rule_set_id,KEEP_KEY,key_constraint,low,0,3,0,0,0,1,0,,integer,
padel_rule_set_versions,name,KEEP_PENDING,runtime_refs_but_zero_rows,low,0,3,0,0,0,0,0,,text,
padel_rule_set_versions,tie_break_rules,KEEP_PENDING,runtime_refs_but_zero_rows,low,0,3,0,0,0,0,0,,jsonb,'{}'::jsonb
padel_rule_set_versions,points_table,KEEP_PENDING,runtime_refs_but_zero_rows,low,0,3,0,0,0,0,0,,jsonb,'{}'::jsonb
padel_rule_set_versions,enabled_formats,KEEP_PENDING,runtime_refs_but_zero_rows,low,0,3,0,0,0,0,0,,ARRAY,"ARRAY['TODOS_CONTRA_TODOS'::text, 'QUADRO_ELIMINATORIO'::text]"
padel_rule_set_versions,season,KEEP_PENDING,runtime_refs_but_zero_rows,low,0,3,0,0,0,0,0,,text,
padel_rule_set_versions,year,KEEP_PENDING,runtime_refs_but_zero_rows,low,0,3,0,0,0,0,0,,integer,
padel_rule_set_versions,created_at,KEEP_PENDING,runtime_refs_but_zero_rows,low,0,3,0,0,0,0,0,,timestamp with time zone,now()
padel_rule_set_versions,created_by_user_id,KEEP_PENDING,runtime_refs_but_zero_rows,low,0,3,0,0,0,0,0,,uuid,
padel_rule_sets,id,KEEP_KEY,key_constraint,low,0,5,0,0,1,0,0,,integer,nextval('app_v3.padel_rule_sets_id_seq'::regclass)
padel_rule_sets,organization_id,KEEP_KEY,key_constraint,low,0,5,0,0,0,1,0,,integer,
padel_rule_sets,name,KEEP_PENDING,runtime_refs_but_zero_rows,low,0,5,0,0,0,0,0,,text,
padel_rule_sets,tie_break_rules,KEEP_PENDING,runtime_refs_but_zero_rows,low,0,5,0,0,0,0,0,,jsonb,'{}'::jsonb
padel_rule_sets,points_table,KEEP_PENDING,runtime_refs_but_zero_rows,low,0,5,0,0,0,0,0,,jsonb,'{}'::jsonb
padel_rule_sets,enabled_formats,KEEP_PENDING,runtime_refs_but_zero_rows,low,0,5,0,0,0,0,0,,ARRAY,"ARRAY['TODOS_CONTRA_TODOS'::text, 'QUADRO_ELIMINATORIO'::text]"
padel_rule_sets,season,KEEP_PENDING,runtime_refs_but_zero_rows,low,0,5,0,0,0,0,0,,text,
padel_rule_sets,year,KEEP_PENDING,runtime_refs_but_zero_rows,low,0,5,0,0,0,0,0,,integer,
padel_rule_sets,created_at,KEEP_PENDING,runtime_refs_but_zero_rows,low,0,5,0,0,0,0,0,,timestamp with time zone,now()
padel_rule_sets,updated_at,KEEP_PENDING,runtime_refs_but_zero_rows,low,0,5,0,0,0,0,0,,timestamp with time zone,now()
padel_rule_sets,env,KEEP_PENDING,runtime_refs_but_zero_rows,low,0,5,0,0,0,0,0,,text,'prod'::text
padel_schedule_run_decisions,env,KEEP_PENDING,runtime_refs_but_zero_rows,low,0,3,0,3,0,0,0,,text,'prod'::text
padel_schedule_run_decisions,id,KEEP_KEY,key_constraint,low,0,3,0,3,1,0,0,,integer,nextval('app_v3.padel_schedule_run_decisions_id_seq'::regclass)
padel_schedule_run_decisions,run_id,KEEP_KEY,key_constraint,low,0,3,0,3,0,1,0,,uuid,
padel_schedule_run_decisions,event_id,KEEP_KEY,key_constraint,low,0,3,0,3,0,1,0,,integer,
padel_schedule_run_decisions,organization_id,KEEP_KEY,key_constraint,low,0,3,0,3,0,1,0,,integer,
padel_schedule_run_decisions,match_id,KEEP_PENDING,runtime_refs_but_zero_rows,low,0,3,0,3,0,0,0,,integer,
padel_schedule_run_decisions,category_id,KEEP_PENDING,runtime_refs_but_zero_rows,low,0,3,0,3,0,0,0,,integer,
padel_schedule_run_decisions,decision_type,KEEP_PENDING,runtime_refs_but_zero_rows,low,0,3,0,3,0,0,0,,text,
padel_schedule_run_decisions,reason,KEEP_PENDING,runtime_refs_but_zero_rows,low,0,3,0,3,0,0,0,,text,
padel_schedule_run_decisions,court_id,KEEP_PENDING,runtime_refs_but_zero_rows,low,0,3,0,3,0,0,0,,integer,
padel_schedule_run_decisions,starts_at,KEEP_PENDING,runtime_refs_but_zero_rows,low,0,3,0,3,0,0,0,,timestamp with time zone,
padel_schedule_run_decisions,ends_at,KEEP_PENDING,runtime_refs_but_zero_rows,low,0,3,0,3,0,0,0,,timestamp with time zone,
padel_schedule_run_decisions,details,KEEP_PENDING,runtime_refs_but_zero_rows,low,0,3,0,3,0,0,0,,jsonb,
padel_schedule_run_decisions,created_at,KEEP_PENDING,runtime_refs_but_zero_rows,low,0,3,0,3,0,0,0,,timestamp with time zone,now()
padel_schedule_runs,env,KEEP_PENDING,runtime_refs_but_zero_rows,low,0,11,0,11,0,0,0,,text,'prod'::text
padel_schedule_runs,id,KEEP_KEY,key_constraint,low,0,11,0,11,1,0,0,,uuid,gen_random_uuid()
padel_schedule_runs,event_id,KEEP_KEY,key_constraint,low,0,11,0,11,0,1,0,,integer,
padel_schedule_runs,organization_id,KEEP_KEY,key_constraint,low,0,11,0,11,0,1,0,,integer,
padel_schedule_runs,status,KEEP_PENDING,runtime_refs_but_zero_rows,low,0,11,0,11,0,0,0,,text,'QUEUED'::text
padel_schedule_runs,strategy,KEEP_PENDING,runtime_refs_but_zero_rows,low,0,11,0,11,0,0,0,,text,'BALANCED_BY_CATEGORY'::text
padel_schedule_runs,partial_mode,KEEP_PENDING,runtime_refs_but_zero_rows,low,0,11,0,11,0,0,0,,text,'ALLOW_PARTIAL'::text
padel_schedule_runs,execution_mode,KEEP_PENDING,runtime_refs_but_zero_rows,low,0,11,0,11,0,0,0,,text,'SYNC'::text
padel_schedule_runs,dry_run,KEEP_PENDING,runtime_refs_but_zero_rows,low,0,11,0,11,0,0,0,,boolean,false
padel_schedule_runs,scheduled_count,KEEP_PENDING,runtime_refs_but_zero_rows,low,0,11,0,11,0,0,0,,integer,0
padel_schedule_runs,skipped_count,KEEP_PENDING,runtime_refs_but_zero_rows,low,0,11,0,11,0,0,0,,integer,0
padel_schedule_runs,unscheduled_by_reason,KEEP_PENDING,runtime_refs_but_zero_rows,low,0,11,0,11,0,0,0,,jsonb,
padel_schedule_runs,by_category,KEEP_PENDING,runtime_refs_but_zero_rows,low,0,11,0,11,0,0,0,,jsonb,
padel_schedule_runs,warnings,KEEP_PENDING,runtime_refs_but_zero_rows,low,0,11,0,11,0,0,0,,jsonb,
padel_schedule_runs,error_code,KEEP_PENDING,runtime_refs_but_zero_rows,low,0,11,0,11,0,0,0,,text,
padel_schedule_runs,requested_by_user_id,KEEP_PENDING,runtime_refs_but_zero_rows,low,0,11,0,11,0,0,0,,uuid,
padel_schedule_runs,requested_at,KEEP_PENDING,runtime_refs_but_zero_rows,low,0,11,0,11,0,0,0,,timestamp with time zone,now()
padel_schedule_runs,started_at,KEEP_PENDING,runtime_refs_but_zero_rows,low,0,11,0,11,0,0,0,,timestamp with time zone,
padel_schedule_runs,finished_at,KEEP_PENDING,runtime_refs_but_zero_rows,low,0,11,0,11,0,0,0,,timestamp with time zone,
padel_schedule_runs,applied,KEEP_PENDING,runtime_refs_but_zero_rows,low,0,11,0,11,0,0,0,,boolean,false
padel_schedule_runs,queued,KEEP_PENDING,runtime_refs_but_zero_rows,low,0,11,0,11,0,0,0,,boolean,false
padel_schedule_runs,outbox_event_id,KEEP_KEY,key_constraint,low,0,11,0,11,0,0,1,,text,
padel_schedule_runs,category_ids,KEEP_PENDING,runtime_refs_but_zero_rows,low,0,11,0,11,0,0,0,,jsonb,
padel_schedule_runs,match_ids,KEEP_PENDING,runtime_refs_but_zero_rows,low,0,11,0,11,0,0,0,,jsonb,
padel_schedule_runs,request_meta,KEEP_PENDING,runtime_refs_but_zero_rows,low,0,11,0,11,0,0,0,,jsonb,
padel_schedule_runs,created_at,KEEP_PENDING,runtime_refs_but_zero_rows,low,0,11,0,11,0,0,0,,timestamp with time zone,now()
padel_schedule_runs,updated_at,KEEP_PENDING,runtime_refs_but_zero_rows,low,0,11,0,11,0,0,0,,timestamp with time zone,now()
padel_team_entries,id,KEEP_KEY,key_constraint,low,2,4,0,0,1,0,0,,integer,nextval('app_v3.padel_team_entries_id_seq'::regclass)
padel_team_entries,env,KEEP,default_keep,low,2,4,0,0,0,0,0,,text,'prod'::text
padel_team_entries,event_id,KEEP_KEY,key_constraint,low,2,4,0,0,0,1,0,,integer,
padel_team_entries,team_id,KEEP_KEY,key_constraint,low,2,4,0,0,0,1,0,,integer,
padel_team_entries,category_id,KEEP_KEY,key_constraint,low,2,4,0,0,0,1,0,,integer,
padel_team_entries,status,KEEP,default_keep,low,2,4,0,0,0,0,0,,USER-DEFINED,"'PENDING'::app_v3.""PadelTeamEntryStatus"""
padel_team_entries,created_at,KEEP,default_keep,low,2,4,0,0,0,0,0,,timestamp with time zone,now()
padel_team_entries,updated_at,KEEP,default_keep,low,2,4,0,0,0,0,0,,timestamp with time zone,now()
padel_team_member_invites,id,KEEP_KEY,key_constraint,low,0,14,0,0,1,0,0,,uuid,gen_random_uuid()
padel_team_member_invites,env,KEEP_PENDING,runtime_refs_but_zero_rows,low,0,14,0,0,0,0,0,,text,'prod'::text
padel_team_member_invites,organization_id,KEEP_KEY,key_constraint,low,0,14,0,0,0,1,0,,integer,
padel_team_member_invites,team_id,KEEP_KEY,key_constraint,low,0,14,0,0,0,1,0,,integer,
padel_team_member_invites,invited_by_user_id,KEEP_KEY,key_constraint,low,0,14,0,0,0,1,0,,uuid,
padel_team_member_invites,target_identifier,KEEP_PENDING,runtime_refs_but_zero_rows,low,0,14,0,0,0,0,0,,USER-DEFINED,
padel_team_member_invites,target_user_id,KEEP_KEY,key_constraint,low,0,14,0,0,0,1,0,,uuid,
padel_team_member_invites,role,KEEP_PENDING,runtime_refs_but_zero_rows,low,0,14,0,0,0,0,0,,USER-DEFINED,"'PLAYER'::app_v3.""PadelTeamRole"""
padel_team_member_invites,token,KEEP_KEY,key_constraint,low,0,14,0,0,0,0,1,,uuid,
padel_team_member_invites,expires_at,KEEP_PENDING,runtime_refs_but_zero_rows,low,0,14,0,0,0,0,0,,timestamp with time zone,
padel_team_member_invites,accepted_at,KEEP_PENDING,runtime_refs_but_zero_rows,low,0,14,0,0,0,0,0,,timestamp with time zone,
padel_team_member_invites,declined_at,KEEP_PENDING,runtime_refs_but_zero_rows,low,0,14,0,0,0,0,0,,timestamp with time zone,
padel_team_member_invites,cancelled_at,KEEP_PENDING,runtime_refs_but_zero_rows,low,0,14,0,0,0,0,0,,timestamp with time zone,
padel_team_member_invites,created_at,KEEP_PENDING,runtime_refs_but_zero_rows,low,0,14,0,0,0,0,0,,timestamp with time zone,now()
padel_team_member_invites,updated_at,KEEP_PENDING,runtime_refs_but_zero_rows,low,0,14,0,0,0,0,0,,timestamp with time zone,now()
padel_team_members,id,KEEP_KEY,key_constraint,low,2,3,0,0,1,0,0,,integer,nextval('app_v3.padel_team_members_id_seq'::regclass)
padel_team_members,env,KEEP,default_keep,low,2,3,0,0,0,0,0,,text,'prod'::text
padel_team_members,team_id,KEEP_KEY,key_constraint,low,2,3,0,0,0,1,0,,integer,
padel_team_members,user_id,KEEP_KEY,key_constraint,low,2,3,0,0,0,1,0,,uuid,
padel_team_members,role,KEEP,default_keep,low,2,3,0,0,0,0,0,,USER-DEFINED,"'PLAYER'::app_v3.""PadelTeamRole"""
padel_team_members,status,KEEP,default_keep,low,2,3,0,0,0,0,0,,USER-DEFINED,"'ACTIVE'::app_v3.""PadelTeamMemberStatus"""
padel_team_members,joined_at,KEEP,default_keep,low,2,3,0,0,0,0,0,,timestamp with time zone,
padel_team_members,created_at,KEEP,default_keep,low,2,3,0,0,0,0,0,,timestamp with time zone,now()
padel_team_members,updated_at,KEEP,default_keep,low,2,3,0,0,0,0,0,,timestamp with time zone,now()
padel_teams,id,KEEP_KEY,key_constraint,low,2,7,0,8,1,0,0,,integer,nextval('app_v3.padel_teams_id_seq'::regclass)
padel_teams,env,KEEP,default_keep,low,2,7,0,8,0,0,0,,text,'prod'::text
padel_teams,organization_id,KEEP_KEY,key_constraint,low,2,7,0,8,0,1,0,,integer,
padel_teams,padel_club_id,KEEP_KEY,key_constraint,low,2,7,0,8,0,1,0,,integer,
padel_teams,category_id,KEEP_KEY,key_constraint,low,2,7,0,8,0,1,0,,integer,
padel_teams,name,KEEP,default_keep,low,2,7,0,8,0,0,0,,text,
padel_teams,level,KEEP,default_keep,low,2,7,0,8,0,0,0,,text,
padel_teams,is_active,KEEP,default_keep,low,2,7,0,8,0,0,0,,boolean,true
padel_teams,created_at,KEEP,default_keep,low,2,7,0,8,0,0,0,,timestamp with time zone,now()
padel_teams,updated_at,KEEP,default_keep,low,2,7,0,8,0,0,0,,timestamp with time zone,now()
padel_tournament_configs,id,KEEP_KEY,key_constraint,low,22,50,0,33,1,0,0,0,integer,nextval('app_v3.padel_tournament_configs_id_seq'::regclass)
padel_tournament_configs,event_id,KEEP_KEY,key_constraint,low,22,50,0,33,0,1,1,0,integer,
padel_tournament_configs,organization_id,KEEP_KEY,key_constraint,low,22,50,0,33,0,1,0,0,integer,
padel_tournament_configs,format,KEEP,default_keep,low,22,50,0,33,0,0,0,0,USER-DEFINED,
padel_tournament_configs,number_of_courts,KEEP,default_keep,low,22,50,0,33,0,0,0,0,integer,1
padel_tournament_configs,rule_set_id,KEEP_KEY,key_constraint,low,22,50,0,33,0,1,0,1,integer,
padel_tournament_configs,default_category_id,KEEP_KEY,key_constraint,low,22,50,0,33,0,1,0,0,integer,
padel_tournament_configs,enabled_formats,KEEP,default_keep,low,22,50,0,33,0,0,0,0,ARRAY,ARRAY[]::text[]
padel_tournament_configs,created_at,KEEP,default_keep,low,22,50,0,33,0,0,0,0,timestamp with time zone,now()
padel_tournament_configs,updated_at,KEEP,default_keep,low,22,50,0,33,0,0,0,0,timestamp with time zone,now()
padel_tournament_configs,padel_v2_enabled,KEEP,default_keep,low,22,50,0,33,0,0,0,0,boolean,false
padel_tournament_configs,split_deadline_hours,KEEP,default_keep,low,22,50,0,33,0,0,0,0,integer,
padel_tournament_configs,padel_club_id,KEEP_KEY,key_constraint,low,22,50,0,33,0,1,0,0,integer,
padel_tournament_configs,partner_club_ids,KEEP,default_keep,low,22,50,0,33,0,0,0,0,ARRAY,'{}'::integer[]
padel_tournament_configs,advanced_settings,KEEP,default_keep,low,22,50,0,33,0,0,0,0,jsonb,
padel_tournament_configs,eligibility_type,KEEP,default_keep,low,22,50,0,33,0,0,0,0,USER-DEFINED,"'OPEN'::app_v3.""PadelEligibilityType"""
padel_tournament_configs,env,KEEP,default_keep,low,22,50,0,33,0,0,0,0,text,'prod'::text
padel_tournament_configs,is_interclub,KEEP,default_keep,low,22,50,0,33,0,0,0,0,boolean,false
padel_tournament_configs,rule_set_version_id,REVIEW_COLUMN,always_null_with_data,medium,22,50,0,33,0,0,0,1,integer,
padel_tournament_configs,team_size,REVIEW_COLUMN,always_null_with_data,medium,22,50,0,33,0,0,0,1,integer,
padel_tournament_configs,lifecycle_status,KEEP,default_keep,low,22,50,0,33,0,0,0,0,USER-DEFINED,"'DRAFT'::app_v3.""PadelTournamentLifecycleStatus"""
padel_tournament_configs,published_at,KEEP,default_keep,low,22,50,0,33,0,0,0,0,timestamp with time zone,
padel_tournament_configs,locked_at,REVIEW_COLUMN,always_null_with_data,medium,22,50,0,33,0,0,0,1,timestamp with time zone,
padel_tournament_configs,completed_at,REVIEW_COLUMN,always_null_with_data,medium,22,50,0,33,0,0,0,1,timestamp with time zone,
padel_tournament_configs,cancelled_at,REVIEW_COLUMN,always_null_with_data,medium,22,50,0,33,0,0,0,1,timestamp with time zone,
padel_tournament_configs,lifecycle_updated_at,KEEP,default_keep,low,22,50,0,33,0,0,0,0,timestamp with time zone,
padel_tournament_configs,result_validation_mode,KEEP,default_keep,low,22,50,0,33,0,0,0,,USER-DEFINED,"'IMMEDIATE_OFFICIAL'::app_v3.""PadelResultValidationMode"""
padel_tournament_configs,pending_confirmation_window_minutes,KEEP,default_keep,low,22,50,0,33,0,0,0,0,integer,15
padel_tournament_configs,player_result_submission_enabled,KEEP,default_keep,low,22,50,0,33,0,0,0,0,boolean,false
padel_tournament_participants,id,KEEP_KEY,key_constraint,low,452,19,0,5,1,0,0,0,integer,nextval('app_v3.padel_tournament_participants_id_seq'::regclass)
padel_tournament_participants,env,KEEP,default_keep,low,452,19,0,5,0,0,0,0,text,'prod'::text
padel_tournament_participants,event_id,KEEP_KEY,key_constraint,low,452,19,0,5,0,1,0,0,integer,
padel_tournament_participants,category_id,KEEP_KEY,key_constraint,low,452,19,0,5,0,1,0,0,integer,
padel_tournament_participants,organization_id,KEEP_KEY,key_constraint,low,452,19,0,5,0,1,0,0,integer,
padel_tournament_participants,player_profile_id,KEEP_KEY,key_constraint,low,452,19,0,5,0,1,0,0,integer,
padel_tournament_participants,source_pairing_id,KEEP_KEY,key_constraint,low,452,19,0,5,0,1,0,0,integer,
padel_tournament_participants,status,KEEP,default_keep,low,452,19,0,5,0,0,0,0,USER-DEFINED,"'ACTIVE'::app_v3.""PadelTournamentParticipantStatus"""
padel_tournament_participants,seed_rank,REVIEW_COLUMN,always_null_with_data,medium,452,19,0,5,0,0,0,1,integer,
padel_tournament_participants,created_at,KEEP,default_keep,low,452,19,0,5,0,0,0,0,timestamp with time zone,now()
padel_tournament_participants,updated_at,KEEP,default_keep,low,452,19,0,5,0,0,0,0,timestamp with time zone,now()
padel_tournament_roles,env,KEEP,default_keep,low,2,10,1,8,0,0,0,,text,'prod'::text
padel_tournament_roles,id,KEEP_KEY,key_constraint,low,2,10,1,8,1,0,0,,integer,
padel_tournament_roles,event_id,KEEP_KEY,key_constraint,low,2,10,1,8,0,1,1,,integer,
padel_tournament_roles,organization_id,KEEP_KEY,key_constraint,low,2,10,1,8,0,1,0,,integer,
padel_tournament_roles,user_id,KEEP_KEY,key_constraint,low,2,10,1,8,0,1,1,,uuid,
padel_tournament_roles,role,KEEP_KEY,key_constraint,low,2,10,1,8,0,0,1,,USER-DEFINED,
padel_tournament_roles,created_at,KEEP,default_keep,low,2,10,1,8,0,0,0,,timestamp with time zone,now()
padel_tournament_roles,updated_at,KEEP,default_keep,low,2,10,1,8,0,0,0,,timestamp with time zone,now()
padel_tournament_tier_approvals,id,KEEP_KEY,key_constraint,low,0,1,0,3,1,0,0,,integer,nextval('app_v3.padel_tournament_tier_approvals_id_seq'::regclass)
padel_tournament_tier_approvals,env,KEEP_PENDING,runtime_refs_but_zero_rows,low,0,1,0,3,0,0,0,,text,'prod'::text
padel_tournament_tier_approvals,organization_id,KEEP_KEY,key_constraint,low,0,1,0,3,0,1,0,,integer,
padel_tournament_tier_approvals,event_id,KEEP_KEY,key_constraint,low,0,1,0,3,0,1,0,,integer,
padel_tournament_tier_approvals,requested_tier,KEEP_PENDING,runtime_refs_but_zero_rows,low,0,1,0,3,0,0,0,,text,
padel_tournament_tier_approvals,approved_tier,KEEP_PENDING,runtime_refs_but_zero_rows,low,0,1,0,3,0,0,0,,text,
padel_tournament_tier_approvals,status,KEEP_PENDING,runtime_refs_but_zero_rows,low,0,1,0,3,0,0,0,,USER-DEFINED,"'PENDING'::app_v3.""PadelTournamentTierApprovalStatus"""
padel_tournament_tier_approvals,reason,KEEP_PENDING,runtime_refs_but_zero_rows,low,0,1,0,3,0,0,0,,text,
padel_tournament_tier_approvals,metadata,KEEP_PENDING,runtime_refs_but_zero_rows,low,0,1,0,3,0,0,0,,jsonb,'{}'::jsonb
padel_tournament_tier_approvals,requested_by_user_id,KEEP_PENDING,runtime_refs_but_zero_rows,low,0,1,0,3,0,0,0,,uuid,
padel_tournament_tier_approvals,approved_by_user_id,KEEP_PENDING,runtime_refs_but_zero_rows,low,0,1,0,3,0,0,0,,uuid,
padel_tournament_tier_approvals,approved_at,KEEP_PENDING,runtime_refs_but_zero_rows,low,0,1,0,3,0,0,0,,timestamp with time zone,
padel_tournament_tier_approvals,created_at,KEEP_PENDING,runtime_refs_but_zero_rows,low,0,1,0,3,0,0,0,,timestamp with time zone,now()
padel_tournament_tier_approvals,updated_at,KEEP_PENDING,runtime_refs_but_zero_rows,low,0,1,0,3,0,0,0,,timestamp with time zone,now()
padel_waitlist_entries,id,KEEP_KEY,key_constraint,low,0,11,0,5,1,0,0,,integer,nextval('app_v3.padel_waitlist_entries_id_seq'::regclass)
padel_waitlist_entries,event_id,KEEP_KEY,key_constraint,low,0,11,0,5,0,1,1,,integer,
padel_waitlist_entries,organization_id,KEEP_KEY,key_constraint,low,0,11,0,5,0,1,0,,integer,
padel_waitlist_entries,category_id,KEEP_KEY,key_constraint,low,0,11,0,5,0,1,1,,integer,
padel_waitlist_entries,user_id,KEEP_KEY,key_constraint,low,0,11,0,5,0,1,1,,uuid,
padel_waitlist_entries,payment_mode,KEEP_PENDING,runtime_refs_but_zero_rows,low,0,11,0,5,0,0,0,,USER-DEFINED,
padel_waitlist_entries,pairing_join_mode,KEEP_PENDING,runtime_refs_but_zero_rows,low,0,11,0,5,0,0,0,,USER-DEFINED,
padel_waitlist_entries,invited_contact,KEEP_PENDING,runtime_refs_but_zero_rows,low,0,11,0,5,0,0,0,,text,
padel_waitlist_entries,status,KEEP_PENDING,runtime_refs_but_zero_rows,low,0,11,0,5,0,0,0,,USER-DEFINED,"'PENDING'::app_v3.""PadelWaitlistStatus"""
padel_waitlist_entries,promoted_pairing_id,KEEP_KEY,key_constraint,low,0,11,0,5,0,1,0,,integer,
padel_waitlist_entries,created_at,KEEP_PENDING,runtime_refs_but_zero_rows,low,0,11,0,5,0,0,0,,timestamp with time zone,now()
padel_waitlist_entries,updated_at,KEEP_PENDING,runtime_refs_but_zero_rows,low,0,11,0,5,0,0,0,,timestamp with time zone,now()
padel_waitlist_entries,env,KEEP_PENDING,runtime_refs_but_zero_rows,low,0,11,0,5,0,0,0,,text,'prod'::text
payment_events,id,KEEP_KEY,key_constraint,low,20,37,8,6,1,0,0,0,integer,nextval('app_v3.payment_events_id_seq'::regclass)
payment_events,status,KEEP,default_keep,low,20,37,8,6,0,0,0,0,text,'PROCESSING'::text
payment_events,event_id,KEEP,default_keep,low,20,37,8,6,0,0,0,0.3,integer,
payment_events,user_id,KEEP,default_keep,low,20,37,8,6,0,0,0,0.6,uuid,
payment_events,amount_cents,KEEP,default_keep,low,20,37,8,6,0,0,0,0,integer,
payment_events,platform_fee_cents,KEEP,default_keep,low,20,37,8,6,0,0,0,0,integer,
payment_events,error_message,KEEP,default_keep,low,20,37,8,6,0,0,0,0.95,text,
payment_events,created_at,KEEP,default_keep,low,20,37,8,6,0,0,0,0,timestamp with time zone,now()
payment_events,updated_at,KEEP,default_keep,low,20,37,8,6,0,0,0,0,timestamp with time zone,now()
payment_events,mode,KEEP,default_keep,low,20,37,8,6,0,0,0,0,USER-DEFINED,"'LIVE'::app_v3.""PaymentMode"""
payment_events,is_test,KEEP,default_keep,low,20,37,8,6,0,0,0,0,boolean,false
payment_events,stripe_fee_cents,KEEP,default_keep,low,20,37,8,6,0,0,0,0.6,integer,
payment_events,stripe_event_id,REVIEW_COLUMN,always_null_with_data,medium,20,37,8,6,0,0,0,1,text,
payment_events,purchase_id,KEEP,default_keep,low,20,37,8,6,0,0,0,0,text,
payment_events,source,KEEP,default_keep,low,20,37,8,6,0,0,0,0,USER-DEFINED,"'WEBHOOK'::app_v3.""PaymentEventSource"""
payment_events,dedupe_key,KEEP,default_keep,low,20,37,8,6,0,0,0,0.45,text,
payment_events,attempt,KEEP,default_keep,low,20,37,8,6,0,0,0,0,integer,1
payment_events,stripe_payment_intent_id,KEEP,default_keep,low,20,37,8,6,0,0,0,0.7,text,
payment_events,env,KEEP,default_keep,low,20,37,8,6,0,0,0,0,text,'prod'::text
payment_snapshots,payment_id,KEEP_KEY,key_constraint,low,167,8,11,1,1,1,0,0,text,
payment_snapshots,organization_id,KEEP,default_keep,low,167,8,11,1,0,0,0,0,integer,
payment_snapshots,source_type,KEEP,default_keep,low,167,8,11,1,0,0,0,0,USER-DEFINED,
payment_snapshots,source_id,KEEP,default_keep,low,167,8,11,1,0,0,0,0,text,
payment_snapshots,status,KEEP,default_keep,low,167,8,11,1,0,0,0,0,USER-DEFINED,
payment_snapshots,currency,KEEP,default_keep,low,167,8,11,1,0,0,0,0,text,
payment_snapshots,gross_cents,KEEP,default_keep,low,167,8,11,1,0,0,0,0,integer,
payment_snapshots,platform_fee_cents,KEEP,default_keep,low,167,8,11,1,0,0,0,0,integer,
payment_snapshots,processor_fees_cents,KEEP,default_keep,low,167,8,11,1,0,0,0,0.0718563,integer,
payment_snapshots,net_to_org_cents,KEEP,default_keep,low,167,8,11,1,0,0,0,0,integer,
payment_snapshots,last_event_id,KEEP,default_keep,low,167,8,11,1,0,0,0,0.389222,text,
payment_snapshots,created_at,KEEP,default_keep,low,167,8,11,1,0,0,0,0,timestamp with time zone,now()
payment_snapshots,updated_at,KEEP,default_keep,low,167,8,11,1,0,0,0,0,timestamp with time zone,now()
payment_snapshots,env,KEEP,default_keep,low,167,8,11,1,0,0,0,0,text,'prod'::text
payments,id,KEEP_KEY,key_constraint,low,174,61,9,11,1,0,0,0,text,
payments,organization_id,KEEP_KEY,key_constraint,low,174,61,9,11,0,1,0,0,integer,
payments,source_type,KEEP,default_keep,low,174,61,9,11,0,0,0,0,USER-DEFINED,
payments,source_id,KEEP,default_keep,low,174,61,9,11,0,0,0,0,text,
payments,customer_identity_id,KEEP,default_keep,low,174,61,9,11,0,0,0,0.0517241,uuid,
payments,status,KEEP,default_keep,low,174,61,9,11,0,0,0,0,USER-DEFINED,"'CREATED'::app_v3.""PaymentStatus"""
payments,fee_policy_version,KEEP,default_keep,low,174,61,9,11,0,0,0,0,text,
payments,pricing_snapshot_json,KEEP,default_keep,low,174,61,9,11,0,0,0,0,jsonb,
payments,pricing_snapshot_hash,KEEP,default_keep,low,174,61,9,11,0,0,0,0.0344828,text,
payments,processor_fees_status,KEEP,default_keep,low,174,61,9,11,0,0,0,0,USER-DEFINED,"'PENDING'::app_v3.""ProcessorFeesStatus"""
payments,processor_fees_actual,KEEP,default_keep,low,174,61,9,11,0,0,0,0.0977011,integer,
payments,idempotency_key,KEEP,default_keep,low,174,61,9,11,0,0,0,0,text,
payments,created_at,KEEP,default_keep,low,174,61,9,11,0,0,0,0,timestamp with time zone,now()
payments,updated_at,KEEP,default_keep,low,174,61,9,11,0,0,0,0,timestamp with time zone,now()
payments,env,KEEP,default_keep,low,174,61,9,11,0,0,0,0,text,'prod'::text
payouts,id,KEEP_KEY,key_constraint,low,13,1,0,1,1,0,0,0,uuid,gen_random_uuid()
payouts,organization_id,KEEP_KEY,key_constraint,low,13,1,0,1,0,1,0,0,integer,
payouts,source_type,KEEP,default_keep,low,13,1,0,1,0,0,0,0,text,
payouts,source_id,KEEP,default_keep,low,13,1,0,1,0,0,0,0,text,
payouts,payment_id,KEEP,default_keep,low,13,1,0,1,0,0,0,0,text,
payouts,payment_intent_id,KEEP,default_keep,low,13,1,0,1,0,0,0,0,text,
payouts,transfer_id,KEEP,default_keep,low,13,1,0,1,0,0,0,0,text,
payouts,currency,KEEP,default_keep,low,13,1,0,1,0,0,0,0,text,'EUR'::text
payouts,gross_amount_cents,KEEP,default_keep,low,13,1,0,1,0,0,0,0,integer,
payouts,platform_fee_cents,KEEP,default_keep,low,13,1,0,1,0,0,0,0,integer,
payouts,fee_mode,KEEP,default_keep,low,13,1,0,1,0,0,0,0,USER-DEFINED,
payouts,amount_cents,KEEP,default_keep,low,13,1,0,1,0,0,0,0,integer,
payouts,status,KEEP,default_keep,low,13,1,0,1,0,0,0,0,USER-DEFINED,"'PENDING'::app_v3.""PayoutStatus"""
payouts,released_at,KEEP,default_keep,low,13,1,0,1,0,0,0,0,timestamp with time zone,
payouts,created_at,KEEP,default_keep,low,13,1,0,1,0,0,0,0,timestamp with time zone,now()
payouts,updated_at,KEEP,default_keep,low,13,1,0,1,0,0,0,0,timestamp with time zone,now()
payouts,env,KEEP,default_keep,low,13,1,0,1,0,0,0,0,text,'prod'::text
platform_settings,id,KEEP_KEY,key_constraint,low,0,5,0,0,1,0,0,,integer,nextval('app_v3.platform_settings_id_seq'::regclass)
platform_settings,key,KEEP_KEY,key_constraint,low,0,5,0,0,0,0,1,,text,
platform_settings,value,KEEP_PENDING,runtime_refs_but_zero_rows,low,0,5,0,0,0,0,0,,text,
platform_settings,created_at,KEEP_PENDING,runtime_refs_but_zero_rows,low,0,5,0,0,0,0,0,,timestamp with time zone,now()
platform_settings,updated_at,KEEP_PENDING,runtime_refs_but_zero_rows,low,0,5,0,0,0,0,0,,timestamp with time zone,now()
platform_settings,env,KEEP_PENDING,runtime_refs_but_zero_rows,low,0,5,0,0,0,0,0,,text,'prod'::text
profiles,id,KEEP_KEY,key_constraint,low,124,242,0,38,1,1,0,0,uuid,
profiles,username,KEEP,default_keep,low,124,242,0,38,0,0,0,0.037037,USER-DEFINED,
profiles,full_name,KEEP,default_keep,low,124,242,0,38,0,0,0,0.037037,text,
profiles,avatar_url,KEEP,default_keep,low,124,242,0,38,0,0,0,0.435185,text,
profiles,bio,REVIEW_COLUMN,always_null_with_data,medium,124,242,0,38,0,0,0,1,text,
profiles,favourite_categories,KEEP,default_keep,low,124,242,0,38,0,0,0,0,ARRAY,ARRAY[]::text[]
profiles,onboarding_done,KEEP,default_keep,low,124,242,0,38,0,0,0,0,boolean,false
profiles,roles,KEEP,default_keep,low,124,242,0,38,0,0,0,0,ARRAY,ARRAY['user'::text]
profiles,created_at,KEEP,default_keep,low,124,242,0,38,0,0,0,0,timestamp without time zone,CURRENT_TIMESTAMP
profiles,updated_at,KEEP,default_keep,low,124,242,0,38,0,0,0,0,timestamp without time zone,CURRENT_TIMESTAMP
profiles,deleted_at,REVIEW_COLUMN,always_null_with_data,medium,124,242,0,38,0,0,0,1,timestamp without time zone,
profiles,is_deleted,KEEP,default_keep,low,124,242,0,38,0,0,0,0,boolean,false
profiles,visibility,KEEP,default_keep,low,124,242,0,38,0,0,0,0,USER-DEFINED,"'PUBLIC'::app_v3.""Visibility"""
profiles,is_verified,KEEP,default_keep,low,124,242,0,38,0,0,0,0,boolean,false
profiles,contact_phone,KEEP,default_keep,low,124,242,0,38,0,0,0,0.990741,text,
profiles,status,KEEP,default_keep,low,124,242,0,38,0,0,0,0,USER-DEFINED,"'ACTIVE'::app_v3.""AccountStatus"""
profiles,deletion_requested_at,REVIEW_COLUMN,always_null_with_data,medium,124,242,0,38,0,0,0,1,timestamp with time zone,
profiles,deletion_scheduled_for,REVIEW_COLUMN,always_null_with_data,medium,124,242,0,38,0,0,0,1,timestamp with time zone,
profiles,deleted_at_final,REVIEW_COLUMN,always_null_with_data,medium,124,242,0,38,0,0,0,1,timestamp with time zone,
profiles,gender,KEEP,default_keep,low,124,242,0,38,0,0,0,0.0648148,USER-DEFINED,
profiles,cover_url,KEEP,default_keep,low,124,242,0,38,0,0,0,0.990741,text,
profiles,padel_level,KEEP,default_keep,low,124,242,0,38,0,0,0,0.981481,text,
profiles,padel_preferred_side,KEEP,default_keep,low,124,242,0,38,0,0,0,0.981481,USER-DEFINED,
profiles,padel_club_name,REVIEW_COLUMN,always_null_with_data,medium,124,242,0,38,0,0,0,1,text,
profiles,active_organization_id,KEEP,default_keep,low,124,242,0,38,0,0,0,0.0555556,integer,
profiles,location_consent,KEEP,default_keep,low,124,242,0,38,0,0,0,0,USER-DEFINED,"'PENDING'::app_v3.""LocationConsent"""
profiles,location_granularity,KEEP,default_keep,low,124,242,0,38,0,0,0,0,USER-DEFINED,"'COARSE'::app_v3.""LocationGranularity"""
profiles,location_source,REVIEW_COLUMN,always_null_with_data,medium,124,242,0,38,0,0,0,1,USER-DEFINED,
profiles,location_updated_at,KEEP,default_keep,low,124,242,0,38,0,0,0,0.972222,timestamp with time zone,
profiles,env,KEEP,default_keep,low,124,242,0,38,0,0,0,0,text,'prod'::text
promo_codes,id,KEEP_KEY,key_constraint,low,4,19,0,0,1,0,0,0,integer,
promo_codes,code,KEEP,default_keep,low,4,19,0,0,0,0,0,0,text,
promo_codes,type,KEEP,default_keep,low,4,19,0,0,0,0,0,0,USER-DEFINED,
promo_codes,value,KEEP,default_keep,low,4,19,0,0,0,0,0,0,integer,
promo_codes,max_uses,KEEP,default_keep,low,4,19,0,0,0,0,0,0,integer,
promo_codes,per_user_limit,KEEP,default_keep,low,4,19,0,0,0,0,0,0,integer,
promo_codes,valid_from,KEEP,default_keep,low,4,19,0,0,0,0,0,0,timestamp with time zone,
promo_codes,valid_until,KEEP,default_keep,low,4,19,0,0,0,0,0,0,timestamp with time zone,
promo_codes,active,KEEP,default_keep,low,4,19,0,0,0,0,0,0,boolean,true
promo_codes,event_id,KEEP_KEY,key_constraint,low,4,19,0,0,0,1,0,1,integer,
promo_codes,created_at,KEEP,default_keep,low,4,19,0,0,0,0,0,0,timestamp with time zone,now()
promo_codes,updated_at,KEEP,default_keep,low,4,19,0,0,0,0,0,0,timestamp with time zone,now()
promo_codes,auto_apply,KEEP,default_keep,low,4,19,0,0,0,0,0,0,boolean,false
promo_codes,min_quantity,REVIEW_COLUMN,always_null_with_data,medium,4,19,0,0,0,0,0,1,integer,
promo_codes,min_total_cents,REVIEW_COLUMN,always_null_with_data,medium,4,19,0,0,0,0,0,1,integer,
promo_codes,organization_id,KEEP_KEY,key_constraint,low,4,19,0,0,0,1,0,0,integer,
promo_codes,promoter_user_id,KEEP_KEY,key_constraint,low,4,19,0,0,0,1,0,0,uuid,
promo_codes,env,KEEP,default_keep,low,4,19,0,0,0,0,0,0,text,'prod'::text
promo_redemptions,id,KEEP_KEY,key_constraint,low,18,12,0,0,1,0,0,0,integer,
promo_redemptions,promo_code_id,KEEP_KEY,key_constraint,low,18,12,0,0,0,1,1,0,integer,
promo_redemptions,user_id,KEEP,default_keep,low,18,12,0,0,0,0,0,0,uuid,
promo_redemptions,guest_email,REVIEW_COLUMN,always_null_with_data,medium,18,12,0,0,0,0,0,1,text,
promo_redemptions,used_at,KEEP,default_keep,low,18,12,0,0,0,0,0,0,timestamp with time zone,now()
promo_redemptions,purchase_id,KEEP_KEY,key_constraint,low,18,12,0,0,0,0,1,0,text,
promo_redemptions,env,KEEP,default_keep,low,18,12,0,0,0,0,0,0,text,'prod'::text
public_api_keys,id,KEEP_KEY,key_constraint,low,0,5,0,0,1,0,0,,uuid,gen_random_uuid()
public_api_keys,organization_id,KEEP_KEY,key_constraint,low,0,5,0,0,0,1,0,,integer,
public_api_keys,key_prefix,KEEP_PENDING,runtime_refs_but_zero_rows,low,0,5,0,0,0,0,0,,text,
public_api_keys,key_hash,KEEP_KEY,key_constraint,low,0,5,0,0,0,0,1,,text,
public_api_keys,scopes,KEEP_PENDING,runtime_refs_but_zero_rows,low,0,5,0,0,0,0,0,,ARRAY,
public_api_keys,revoked_at,KEEP_PENDING,runtime_refs_but_zero_rows,low,0,5,0,0,0,0,0,,timestamp with time zone,
public_api_keys,last_used_at,KEEP_PENDING,runtime_refs_but_zero_rows,low,0,5,0,0,0,0,0,,timestamp with time zone,
public_api_keys,created_at,KEEP_PENDING,runtime_refs_but_zero_rows,low,0,5,0,0,0,0,0,,timestamp with time zone,now()
public_api_keys,env,KEEP_PENDING,runtime_refs_but_zero_rows,low,0,5,0,0,0,0,0,,text,'prod'::text
push_device_tokens,id,KEEP_KEY,key_constraint,low,0,2,0,2,1,0,0,,uuid,gen_random_uuid()
push_device_tokens,user_id,KEEP_KEY,key_constraint,low,0,2,0,2,0,1,0,,uuid,
push_device_tokens,platform,KEEP_PENDING,runtime_refs_but_zero_rows,low,0,2,0,2,0,0,0,,text,
push_device_tokens,token,KEEP_PENDING,runtime_refs_but_zero_rows,low,0,2,0,2,0,0,0,,text,
push_device_tokens,created_at,KEEP_PENDING,runtime_refs_but_zero_rows,low,0,2,0,2,0,0,0,,timestamp with time zone,now()
push_device_tokens,revoked_at,KEEP_PENDING,runtime_refs_but_zero_rows,low,0,2,0,2,0,0,0,,timestamp with time zone,
push_device_tokens,env,KEEP_PENDING,runtime_refs_but_zero_rows,low,0,2,0,2,0,0,0,,text,'prod'::text
refund_policy_versions,env,REVIEW_TABLE_COLUMN,table_zero_rows_nonruntime_refs_only,medium,0,0,1,0,0,0,0,,text,'prod'::text
refund_policy_versions,id,KEEP_KEY,key_constraint,low,0,0,1,0,1,0,0,,integer,
refund_policy_versions,organization_id,KEEP_KEY,key_constraint,low,0,0,1,0,0,1,1,,integer,
refund_policy_versions,event_id,KEEP_KEY,key_constraint,low,0,0,1,0,0,1,1,,integer,
refund_policy_versions,policy_version,KEEP_KEY,key_constraint,low,0,0,1,0,0,0,1,,text,
refund_policy_versions,fee_bps,REVIEW_TABLE_COLUMN,table_zero_rows_nonruntime_refs_only,medium,0,0,1,0,0,0,0,,integer,0
refund_policy_versions,fee_fixed_cents,REVIEW_TABLE_COLUMN,table_zero_rows_nonruntime_refs_only,medium,0,0,1,0,0,0,0,,integer,0
refund_policy_versions,fee_payer,REVIEW_TABLE_COLUMN,table_zero_rows_nonruntime_refs_only,medium,0,0,1,0,0,0,0,,USER-DEFINED,"'CUSTOMER'::app_v3.""RefundFeePayer"""
refund_policy_versions,created_at,REVIEW_TABLE_COLUMN,table_zero_rows_nonruntime_refs_only,medium,0,0,1,0,0,0,0,,timestamp with time zone,now()
refund_policy_versions,created_by_user_id,REVIEW_TABLE_COLUMN,table_zero_rows_nonruntime_refs_only,medium,0,0,1,0,0,0,0,,uuid,
refunds,id,KEEP_KEY,key_constraint,low,10,9,1,4,1,0,0,0,integer,nextval('app_v3.refunds_id_seq'::regclass)
refunds,dedupe_key,KEEP_KEY,key_constraint,low,10,9,1,4,0,0,1,0,text,
refunds,purchase_id,KEEP,default_keep,low,10,9,1,4,0,0,0,0,text,
refunds,payment_intent_id,KEEP,default_keep,low,10,9,1,4,0,0,0,0,text,
refunds,event_id,KEEP,default_keep,low,10,9,1,4,0,0,0,0,integer,
refunds,base_amount_cents,KEEP,default_keep,low,10,9,1,4,0,0,0,0,integer,0
refunds,fees_excluded_cents,KEEP,default_keep,low,10,9,1,4,0,0,0,0,integer,0
refunds,reason,KEEP,default_keep,low,10,9,1,4,0,0,0,0,USER-DEFINED,
refunds,refunded_by,KEEP,default_keep,low,10,9,1,4,0,0,0,0,text,
refunds,refunded_at,KEEP,default_keep,low,10,9,1,4,0,0,0,0,timestamp with time zone,now()
refunds,stripe_refund_id,KEEP,default_keep,low,10,9,1,4,0,0,0,0,text,
refunds,audit_payload,KEEP,default_keep,low,10,9,1,4,0,0,0,0,jsonb,
refunds,created_at,KEEP,default_keep,low,10,9,1,4,0,0,0,0,timestamp with time zone,now()
refunds,updated_at,KEEP,default_keep,low,10,9,1,4,0,0,0,0,timestamp with time zone,now()
refunds,env,KEEP,default_keep,low,10,9,1,4,0,0,0,0,text,'prod'::text
reservation_professionals,id,KEEP_KEY,key_constraint,low,39,55,0,7,1,0,0,0,integer,nextval('app_v3.reservation_professionals_id_seq'::regclass)
reservation_professionals,organization_id,KEEP_KEY,key_constraint,low,39,55,0,7,0,1,0,0,integer,
reservation_professionals,user_id,KEEP_KEY,key_constraint,low,39,55,0,7,0,1,0,0,uuid,
reservation_professionals,name,KEEP,default_keep,low,39,55,0,7,0,0,0,0,text,
reservation_professionals,role_title,KEEP,default_keep,low,39,55,0,7,0,0,0,0,text,
reservation_professionals,is_active,KEEP,default_keep,low,39,55,0,7,0,0,0,0,boolean,true
reservation_professionals,priority,KEEP,default_keep,low,39,55,0,7,0,0,0,0,integer,0
reservation_professionals,created_at,KEEP,default_keep,low,39,55,0,7,0,0,0,0,timestamp with time zone,now()
reservation_professionals,updated_at,KEEP,default_keep,low,39,55,0,7,0,0,0,0,timestamp with time zone,now()
reservation_professionals,env,KEEP,default_keep,low,39,55,0,7,0,0,0,0,text,'prod'::text
reservation_resources,id,KEEP_KEY,key_constraint,low,43,48,0,12,1,0,0,0,integer,nextval('app_v3.reservation_resources_id_seq'::regclass)
reservation_resources,organization_id,KEEP_KEY,key_constraint,low,43,48,0,12,0,1,0,0,integer,
reservation_resources,label,KEEP,default_keep,low,43,48,0,12,0,0,0,0,text,
reservation_resources,capacity,KEEP,default_keep,low,43,48,0,12,0,0,0,0,integer,1
reservation_resources,is_active,KEEP,default_keep,low,43,48,0,12,0,0,0,0,boolean,true
reservation_resources,priority,KEEP,default_keep,low,43,48,0,12,0,0,0,0,integer,0
reservation_resources,created_at,KEEP,default_keep,low,43,48,0,12,0,0,0,0,timestamp with time zone,now()
reservation_resources,updated_at,KEEP,default_keep,low,43,48,0,12,0,0,0,0,timestamp with time zone,now()
reservation_resources,env,KEEP,default_keep,low,43,48,0,12,0,0,0,0,text,'prod'::text
reservation_resources,court_id,KEEP_KEY,key_constraint,low,43,48,0,12,0,1,0,0,integer,
sale_lines,id,KEEP_KEY,key_constraint,low,142,10,2,0,1,0,0,0,integer,nextval('app_v3.sale_lines_id_seq'::regclass)
sale_lines,sale_summary_id,KEEP_KEY,key_constraint,low,142,10,2,0,0,1,0,0,integer,
sale_lines,event_id,KEEP_KEY,key_constraint,low,142,10,2,0,0,1,0,0,integer,
sale_lines,ticket_type_id,KEEP_KEY,key_constraint,low,142,10,2,0,0,1,0,0,integer,
sale_lines,promo_code_id,KEEP_KEY,key_constraint,low,142,10,2,0,0,1,0,0.873239,integer,
sale_lines,promo_code_snapshot,KEEP,default_keep,low,142,10,2,0,0,0,0,0.873239,text,
sale_lines,promo_label_snapshot,KEEP,default_keep,low,142,10,2,0,0,0,0,0.873239,text,
sale_lines,promo_type_snapshot,KEEP,default_keep,low,142,10,2,0,0,0,0,0.873239,USER-DEFINED,
sale_lines,promo_value_snapshot,KEEP,default_keep,low,142,10,2,0,0,0,0,0.873239,integer,
sale_lines,quantity,KEEP,default_keep,low,142,10,2,0,0,0,0,0,integer,1
sale_lines,unit_price_cents,KEEP,default_keep,low,142,10,2,0,0,0,0,0,integer,
sale_lines,discount_per_unit_cents,KEEP,default_keep,low,142,10,2,0,0,0,0,0,integer,
sale_lines,gross_cents,KEEP,default_keep,low,142,10,2,0,0,0,0,0,integer,
sale_lines,net_cents,KEEP,default_keep,low,142,10,2,0,0,0,0,0,integer,
sale_lines,platform_fee_cents,KEEP,default_keep,low,142,10,2,0,0,0,0,0,integer,
sale_lines,created_at,KEEP,default_keep,low,142,10,2,0,0,0,0,0,timestamp with time zone,now()
sale_lines,env,KEEP,default_keep,low,142,10,2,0,0,0,0,0,text,'prod'::text
sale_lines,padel_registration_line_id,REVIEW_COLUMN,always_null_with_data,medium,142,10,2,0,0,0,0,1,integer,
sale_summaries,id,KEEP_KEY,key_constraint,low,142,47,4,5,1,0,0,0,integer,nextval('app_v3.sale_summaries_id_seq'::regclass)
sale_summaries,event_id,KEEP_KEY,key_constraint,low,142,47,4,5,0,1,0,0,integer,
sale_summaries,user_id,KEEP,default_keep,low,142,47,4,5,0,0,0,0,uuid,
sale_summaries,owner_user_id,KEEP,default_keep,low,142,47,4,5,0,0,0,0,uuid,
sale_summaries,owner_identity_id,REVIEW_COLUMN,always_null_with_data,medium,142,47,4,5,0,0,0,1,uuid,
sale_summaries,purchase_id,KEEP_KEY,key_constraint,low,142,47,4,5,0,0,1,0,text,
sale_summaries,payment_intent_id,KEEP_KEY,key_constraint,low,142,47,4,5,0,0,1,0.514085,text,
sale_summaries,promo_code_id,KEEP_KEY,key_constraint,low,142,47,4,5,0,1,0,0.873239,integer,
sale_summaries,promo_code_snapshot,KEEP,default_keep,low,142,47,4,5,0,0,0,0.873239,text,
sale_summaries,promo_label_snapshot,KEEP,default_keep,low,142,47,4,5,0,0,0,0.873239,text,
sale_summaries,promo_type_snapshot,KEEP,default_keep,low,142,47,4,5,0,0,0,0.873239,USER-DEFINED,
sale_summaries,promo_value_snapshot,KEEP,default_keep,low,142,47,4,5,0,0,0,0.873239,integer,
sale_summaries,subtotal_cents,KEEP,default_keep,low,142,47,4,5,0,0,0,0,integer,
sale_summaries,discount_cents,KEEP,default_keep,low,142,47,4,5,0,0,0,0,integer,
sale_summaries,platform_fee_cents,KEEP,default_keep,low,142,47,4,5,0,0,0,0,integer,
sale_summaries,card_platform_fee_cents,KEEP,default_keep,low,142,47,4,5,0,0,0,0,integer,
sale_summaries,stripe_fee_cents,KEEP,default_keep,low,142,47,4,5,0,0,0,0,integer,
sale_summaries,total_cents,KEEP,default_keep,low,142,47,4,5,0,0,0,0,integer,
sale_summaries,net_cents,KEEP,default_keep,low,142,47,4,5,0,0,0,0,integer,
sale_summaries,fee_mode,KEEP,default_keep,low,142,47,4,5,0,0,0,0,USER-DEFINED,
sale_summaries,payment_method,KEEP,default_keep,low,142,47,4,5,0,0,0,0,text,
sale_summaries,currency,KEEP,default_keep,low,142,47,4,5,0,0,0,0,text,'EUR'::text
sale_summaries,status,KEEP,default_keep,low,142,47,4,5,0,0,0,0,USER-DEFINED,"'PAID'::app_v3.""SaleSummaryStatus"""
sale_summaries,created_at,KEEP,default_keep,low,142,47,4,5,0,0,0,0,timestamp with time zone,now()
sale_summaries,updated_at,KEEP,default_keep,low,142,47,4,5,0,0,0,0,timestamp with time zone,now()
sale_summaries,env,KEEP,default_keep,low,142,47,4,5,0,0,0,0,text,'prod'::text
schedule_delays,env,KEEP,default_keep,low,3,4,0,0,0,0,0,,text,'prod'::text
schedule_delays,id,KEEP_KEY,key_constraint,low,3,4,0,0,1,0,0,,integer,
schedule_delays,organization_id,KEEP_KEY,key_constraint,low,3,4,0,0,0,1,0,,integer,
schedule_delays,scope_type,KEEP,default_keep,low,3,4,0,0,0,0,0,,USER-DEFINED,
schedule_delays,scope_id,KEEP,default_keep,low,3,4,0,0,0,0,0,,integer,0
schedule_delays,delay_minutes,KEEP,default_keep,low,3,4,0,0,0,0,0,,integer,0
schedule_delays,reason,KEEP,default_keep,low,3,4,0,0,0,0,0,,text,
schedule_delays,effective_from,KEEP,default_keep,low,3,4,0,0,0,0,0,,timestamp with time zone,now()
schedule_delays,created_by_user_id,KEEP_KEY,key_constraint,low,3,4,0,0,0,1,0,,uuid,
schedule_delays,created_at,KEEP,default_keep,low,3,4,0,0,0,0,0,,timestamp with time zone,now()
schedule_delays,updated_at,KEEP,default_keep,low,3,4,0,0,0,0,0,,timestamp with time zone,now()
search_index_items,id,KEEP_KEY,key_constraint,low,46,11,1,0,1,0,0,0,uuid,gen_random_uuid()
search_index_items,organization_id,KEEP_KEY,key_constraint,low,46,11,1,0,0,1,0,0,integer,
search_index_items,source_type,KEEP,default_keep,low,46,11,1,0,0,0,0,0,USER-DEFINED,
search_index_items,source_id,KEEP,default_keep,low,46,11,1,0,0,0,0,0,text,
search_index_items,slug,KEEP,default_keep,low,46,11,1,0,0,0,0,0,text,
search_index_items,title,KEEP,default_keep,low,46,11,1,0,0,0,0,0,text,
search_index_items,description,KEEP,default_keep,low,46,11,1,0,0,0,0,0,text,
search_index_items,starts_at,KEEP,default_keep,low,46,11,1,0,0,0,0,0,timestamp with time zone,
search_index_items,ends_at,KEEP,default_keep,low,46,11,1,0,0,0,0,0,timestamp with time zone,
search_index_items,template_type,KEEP,default_keep,low,46,11,1,0,0,0,0,0,USER-DEFINED,
search_index_items,pricing_mode,KEEP,default_keep,low,46,11,1,0,0,0,0,0,USER-DEFINED,
search_index_items,is_gratis,KEEP,default_keep,low,46,11,1,0,0,0,0,0,boolean,false
search_index_items,price_from_cents,KEEP,default_keep,low,46,11,1,0,0,0,0,0.434783,integer,
search_index_items,cover_image_url,KEEP,default_keep,low,46,11,1,0,0,0,0,0,text,
search_index_items,host_name,KEEP,default_keep,low,46,11,1,0,0,0,0,0,text,
search_index_items,host_username,KEEP,default_keep,low,46,11,1,0,0,0,0,0,text,
search_index_items,status,KEEP,default_keep,low,46,11,1,0,0,0,0,0,USER-DEFINED,
search_index_items,visibility,KEEP,default_keep,low,46,11,1,0,0,0,0,0,USER-DEFINED,
search_index_items,last_event_id,KEEP,default_keep,low,46,11,1,0,0,0,0,0,uuid,
search_index_items,updated_at,KEEP,default_keep,low,46,11,1,0,0,0,0,0,timestamp with time zone,
search_index_items,env,KEEP,default_keep,low,46,11,1,0,0,0,0,0,text,'prod'::text
search_index_items,address_id,KEEP_KEY,key_constraint,low,46,11,1,0,0,1,0,0,uuid,
search_index_items,interest_tags,KEEP,default_keep,low,46,11,1,0,0,0,0,0,ARRAY,ARRAY[]::text[]
service_addons,env,KEEP,default_keep,low,12,7,0,0,0,0,0,0,text,'prod'::text
service_addons,id,KEEP_KEY,key_constraint,low,12,7,0,0,1,0,0,0,integer,
service_addons,service_id,KEEP_KEY,key_constraint,low,12,7,0,0,0,1,0,0,integer,
service_addons,label,KEEP,default_keep,low,12,7,0,0,0,0,0,0,text,
service_addons,description,KEEP,default_keep,low,12,7,0,0,0,0,0,0,text,
service_addons,delta_minutes,KEEP,default_keep,low,12,7,0,0,0,0,0,0,integer,0
service_addons,delta_price_cents,KEEP,default_keep,low,12,7,0,0,0,0,0,0,integer,0
service_addons,max_qty,KEEP,default_keep,low,12,7,0,0,0,0,0,0,integer,
service_addons,category,KEEP,default_keep,low,12,7,0,0,0,0,0,0,text,
service_addons,sort_order,KEEP,default_keep,low,12,7,0,0,0,0,0,0,integer,0
service_addons,is_active,KEEP,default_keep,low,12,7,0,0,0,0,0,0,boolean,true
service_addons,created_at,KEEP,default_keep,low,12,7,0,0,0,0,0,0,timestamp with time zone,now()
service_addons,updated_at,KEEP,default_keep,low,12,7,0,0,0,0,0,0,timestamp with time zone,now()
service_credit_balances,id,KEEP_KEY,key_constraint,low,0,8,0,0,1,0,0,,integer,nextval('app_v3.service_credit_balances_id_seq'::regclass)
service_credit_balances,user_id,KEEP_KEY,key_constraint,low,0,8,0,0,0,1,1,,uuid,
service_credit_balances,service_id,KEEP_KEY,key_constraint,low,0,8,0,0,0,1,1,,integer,
service_credit_balances,remaining_units,KEEP_PENDING,runtime_refs_but_zero_rows,low,0,8,0,0,0,0,0,,integer,
service_credit_balances,expires_at,KEEP_PENDING,runtime_refs_but_zero_rows,low,0,8,0,0,0,0,0,,timestamp with time zone,
service_credit_balances,status,KEEP_PENDING,runtime_refs_but_zero_rows,low,0,8,0,0,0,0,0,,USER-DEFINED,"'ACTIVE'::app_v3.""ServiceCreditBalanceStatus"""
service_credit_balances,created_at,KEEP_PENDING,runtime_refs_but_zero_rows,low,0,8,0,0,0,0,0,,timestamp with time zone,now()
service_credit_balances,updated_at,KEEP_PENDING,runtime_refs_but_zero_rows,low,0,8,0,0,0,0,0,,timestamp with time zone,now()
service_credit_balances,env,KEEP_PENDING,runtime_refs_but_zero_rows,low,0,8,0,0,0,0,0,,text,'prod'::text
service_credit_ledger,id,KEEP_KEY,key_constraint,low,0,3,0,0,1,0,0,,integer,nextval('app_v3.service_credit_ledger_id_seq'::regclass)
service_credit_ledger,user_id,KEEP_KEY,key_constraint,low,0,3,0,0,0,1,0,,uuid,
service_credit_ledger,service_id,KEEP_KEY,key_constraint,low,0,3,0,0,0,1,0,,integer,
service_credit_ledger,booking_id,KEEP_KEY,key_constraint,low,0,3,0,0,0,1,0,,integer,
service_credit_ledger,payment_intent_id,KEEP_PENDING,runtime_refs_but_zero_rows,low,0,3,0,0,0,0,0,,text,
service_credit_ledger,change_units,KEEP_PENDING,runtime_refs_but_zero_rows,low,0,3,0,0,0,0,0,,integer,
service_credit_ledger,type,KEEP_PENDING,runtime_refs_but_zero_rows,low,0,3,0,0,0,0,0,,USER-DEFINED,
service_credit_ledger,metadata,KEEP_PENDING,runtime_refs_but_zero_rows,low,0,3,0,0,0,0,0,,jsonb,'{}'::jsonb
service_credit_ledger,expires_at,KEEP_PENDING,runtime_refs_but_zero_rows,low,0,3,0,0,0,0,0,,timestamp with time zone,
service_credit_ledger,created_at,KEEP_PENDING,runtime_refs_but_zero_rows,low,0,3,0,0,0,0,0,,timestamp with time zone,now()
service_credit_ledger,env,KEEP_PENDING,runtime_refs_but_zero_rows,low,0,3,0,0,0,0,0,,text,'prod'::text
service_duration_prices,id,KEEP_KEY,key_constraint,low,18,8,0,2,1,0,0,0,integer,nextval('app_v3.service_duration_prices_id_seq'::regclass)
service_duration_prices,env,KEEP,default_keep,low,18,8,0,2,0,0,0,0,text,'prod'::text
service_duration_prices,service_id,KEEP_KEY,key_constraint,low,18,8,0,2,0,1,1,0,integer,
service_duration_prices,duration_minutes,KEEP_KEY,key_constraint,low,18,8,0,2,0,0,1,0,integer,
service_duration_prices,price_cents,KEEP,default_keep,low,18,8,0,2,0,0,0,0,integer,
service_duration_prices,is_active,KEEP,default_keep,low,18,8,0,2,0,0,0,0,boolean,true
service_duration_prices,created_at,KEEP,default_keep,low,18,8,0,2,0,0,0,0,timestamp with time zone,now()
service_duration_prices,updated_at,KEEP,default_keep,low,18,8,0,2,0,0,0,0,timestamp with time zone,now()
service_packages,env,KEEP,default_keep,low,12,8,0,0,0,0,0,0,text,'prod'::text
service_packages,id,KEEP_KEY,key_constraint,low,12,8,0,0,1,0,0,0,integer,
service_packages,service_id,KEEP_KEY,key_constraint,low,12,8,0,0,0,1,0,0,integer,
service_packages,label,KEEP,default_keep,low,12,8,0,0,0,0,0,0,text,
service_packages,description,KEEP,default_keep,low,12,8,0,0,0,0,0,0,text,
service_packages,duration_minutes,KEEP,default_keep,low,12,8,0,0,0,0,0,0,integer,
service_packages,price_cents,KEEP,default_keep,low,12,8,0,0,0,0,0,0,integer,
service_packages,recommended,KEEP,default_keep,low,12,8,0,0,0,0,0,0,boolean,false
service_packages,sort_order,KEEP,default_keep,low,12,8,0,0,0,0,0,0,integer,0
service_packages,is_active,KEEP,default_keep,low,12,8,0,0,0,0,0,0,boolean,true
service_packages,created_at,KEEP,default_keep,low,12,8,0,0,0,0,0,0,timestamp with time zone,now()
service_packages,updated_at,KEEP,default_keep,low,12,8,0,0,0,0,0,0,timestamp with time zone,now()
service_packs,id,KEEP_KEY,key_constraint,low,12,6,0,0,1,0,0,0,integer,nextval('app_v3.service_packs_id_seq'::regclass)
service_packs,service_id,KEEP_KEY,key_constraint,low,12,6,0,0,0,1,0,0,integer,
service_packs,quantity,KEEP,default_keep,low,12,6,0,0,0,0,0,0,integer,
service_packs,pack_price_cents,KEEP,default_keep,low,12,6,0,0,0,0,0,0,integer,
service_packs,label,KEEP,default_keep,low,12,6,0,0,0,0,0,0,text,
service_packs,recommended,KEEP,default_keep,low,12,6,0,0,0,0,0,0,boolean,false
service_packs,is_active,KEEP,default_keep,low,12,6,0,0,0,0,0,0,boolean,true
service_packs,created_at,KEEP,default_keep,low,12,6,0,0,0,0,0,0,timestamp with time zone,now()
service_packs,updated_at,KEEP,default_keep,low,12,6,0,0,0,0,0,0,timestamp with time zone,now()
service_packs,env,KEEP,default_keep,low,12,6,0,0,0,0,0,0,text,'prod'::text
service_professionals,id,KEEP_KEY,key_constraint,low,53,3,0,0,1,0,0,0,integer,nextval('app_v3.service_professionals_id_seq'::regclass)
service_professionals,service_id,KEEP_KEY,key_constraint,low,53,3,0,0,0,1,1,0,integer,
service_professionals,professional_id,KEEP_KEY,key_constraint,low,53,3,0,0,0,1,1,0,integer,
service_professionals,created_at,KEEP,default_keep,low,53,3,0,0,0,0,0,0,timestamp with time zone,now()
service_professionals,env,KEEP,default_keep,low,53,3,0,0,0,0,0,0,text,'prod'::text
service_resources,id,KEEP_KEY,key_constraint,low,78,3,0,0,1,0,0,0,integer,nextval('app_v3.service_resources_id_seq'::regclass)
service_resources,service_id,KEEP_KEY,key_constraint,low,78,3,0,0,0,1,1,0,integer,
service_resources,resource_id,KEEP_KEY,key_constraint,low,78,3,0,0,0,1,1,0,integer,
service_resources,created_at,KEEP,default_keep,low,78,3,0,0,0,0,0,0,timestamp with time zone,now()
service_resources,env,KEEP,default_keep,low,78,3,0,0,0,0,0,0,text,'prod'::text
service_reviews,id,KEEP_KEY,key_constraint,low,0,2,0,0,1,0,0,,integer,nextval('app_v3.service_reviews_id_seq'::regclass)
service_reviews,booking_id,KEEP_KEY,key_constraint,low,0,2,0,0,0,1,1,,integer,
service_reviews,service_id,KEEP_KEY,key_constraint,low,0,2,0,0,0,1,0,,integer,
service_reviews,organization_id,KEEP_KEY,key_constraint,low,0,2,0,0,0,1,0,,integer,
service_reviews,user_id,KEEP_KEY,key_constraint,low,0,2,0,0,0,1,0,,uuid,
service_reviews,rating,KEEP_PENDING,runtime_refs_but_zero_rows,low,0,2,0,0,0,0,0,,integer,
service_reviews,comment,KEEP_PENDING,runtime_refs_but_zero_rows,low,0,2,0,0,0,0,0,,text,
service_reviews,is_verified,KEEP_PENDING,runtime_refs_but_zero_rows,low,0,2,0,0,0,0,0,,boolean,true
service_reviews,created_at,KEEP_PENDING,runtime_refs_but_zero_rows,low,0,2,0,0,0,0,0,,timestamp with time zone,now()
service_reviews,updated_at,KEEP_PENDING,runtime_refs_but_zero_rows,low,0,2,0,0,0,0,0,,timestamp with time zone,now()
service_reviews,env,KEEP_PENDING,runtime_refs_but_zero_rows,low,0,2,0,0,0,0,0,,text,'prod'::text
services,id,KEEP_KEY,key_constraint,low,23,35,1,7,1,0,0,0,integer,nextval('app_v3.services_id_seq'::regclass)
services,organization_id,KEEP_KEY,key_constraint,low,23,35,1,7,0,1,0,0,integer,
services,policy_id,KEEP_KEY,key_constraint,low,23,35,1,7,0,1,0,0,integer,
services,name,KEEP,default_keep,low,23,35,1,7,0,0,0,0,text,
services,description,KEEP,default_keep,low,23,35,1,7,0,0,0,0,text,
services,duration_minutes,KEEP,default_keep,low,23,35,1,7,0,0,0,0,integer,
services,price,KEEP,default_keep,low,23,35,1,7,0,0,0,0,integer,
services,currency,KEEP,default_keep,low,23,35,1,7,0,0,0,0,text,'EUR'::text
services,is_active,KEEP,default_keep,low,23,35,1,7,0,0,0,0,boolean,true
services,created_at,KEEP,default_keep,low,23,35,1,7,0,0,0,0,timestamp with time zone,CURRENT_TIMESTAMP
services,updated_at,KEEP,default_keep,low,23,35,1,7,0,0,0,0,timestamp with time zone,CURRENT_TIMESTAMP
services,kind,KEEP,default_keep,low,23,35,1,7,0,0,0,0,USER-DEFINED,"'GENERAL'::app_v3.""ServiceKind"""
services,instructor_id,KEEP_KEY,key_constraint,low,23,35,1,7,0,1,0,1,uuid,
services,category_tag,REVIEW_COLUMN,always_null_with_data,medium,23,35,1,7,0,0,0,1,text,
services,location_mode,KEEP,default_keep,low,23,35,1,7,0,0,0,0,USER-DEFINED,"'FIXED'::app_v3.""ServiceLocationMode"""
services,cover_image_url,REVIEW_COLUMN,always_null_with_data,medium,23,35,1,7,0,0,0,1,text,
services,env,KEEP,default_keep,low,23,35,1,7,0,0,0,0,text,'prod'::text
services,address_id,KEEP_KEY,key_constraint,low,23,35,1,7,0,1,0,0,uuid,
services,assignment_mode,KEEP,default_keep,low,23,35,1,7,0,0,0,0,USER-DEFINED,"'PROFESSIONAL_ONLY'::app_v3.""ReservationAssignmentMode"""
services,party_size_required,KEEP,default_keep,low,23,35,1,7,0,0,0,0,boolean,false
services,party_size_min,KEEP,default_keep,low,23,35,1,7,0,0,0,0,integer,1
services,party_size_max,KEEP,default_keep,low,23,35,1,7,0,0,0,0,integer,1
services,party_size_step,KEEP,default_keep,low,23,35,1,7,0,0,0,0,integer,1
soft_blocks,id,KEEP_KEY,key_constraint,low,0,19,0,8,1,0,0,,integer,nextval('app_v3.soft_blocks_id_seq'::regclass)
soft_blocks,organization_id,KEEP_KEY,key_constraint,low,0,19,0,8,0,1,0,,integer,
soft_blocks,scope_type,KEEP_PENDING,runtime_refs_but_zero_rows,low,0,19,0,8,0,0,0,,USER-DEFINED,"'ORGANIZATION'::app_v3.""SoftBlockScope"""
soft_blocks,scope_id,KEEP_PENDING,runtime_refs_but_zero_rows,low,0,19,0,8,0,0,0,,integer,0
soft_blocks,starts_at,KEEP_PENDING,runtime_refs_but_zero_rows,low,0,19,0,8,0,0,0,,timestamp with time zone,
soft_blocks,ends_at,KEEP_PENDING,runtime_refs_but_zero_rows,low,0,19,0,8,0,0,0,,timestamp with time zone,
soft_blocks,reason,KEEP_PENDING,runtime_refs_but_zero_rows,low,0,19,0,8,0,0,0,,text,
soft_blocks,created_at,KEEP_PENDING,runtime_refs_but_zero_rows,low,0,19,0,8,0,0,0,,timestamp with time zone,now()
soft_blocks,updated_at,KEEP_PENDING,runtime_refs_but_zero_rows,low,0,19,0,8,0,0,0,,timestamp with time zone,now()
soft_blocks,env,KEEP_PENDING,runtime_refs_but_zero_rows,low,0,19,0,8,0,0,0,,text,'prod'::text
store_bundle_items,id,KEEP_KEY,key_constraint,low,0,7,2,0,1,0,0,,integer,nextval('app_v3.store_bundle_items_id_seq'::regclass)
store_bundle_items,bundle_id,KEEP_KEY,key_constraint,low,0,7,2,0,0,1,0,,integer,
store_bundle_items,product_id,KEEP_KEY,key_constraint,low,0,7,2,0,0,1,0,,integer,
store_bundle_items,variant_id,KEEP_KEY,key_constraint,low,0,7,2,0,0,1,0,,integer,
store_bundle_items,quantity,KEEP_PENDING,runtime_refs_but_zero_rows,low,0,7,2,0,0,0,0,,integer,1
store_bundle_items,env,KEEP_PENDING,runtime_refs_but_zero_rows,low,0,7,2,0,0,0,0,,text,'prod'::text
store_bundles,id,KEEP_KEY,key_constraint,low,0,17,2,0,1,0,0,,integer,nextval('app_v3.store_bundles_id_seq'::regclass)
store_bundles,store_id,KEEP_KEY,key_constraint,low,0,17,2,0,0,1,0,,integer,
store_bundles,name,KEEP_PENDING,runtime_refs_but_zero_rows,low,0,17,2,0,0,0,0,,text,
store_bundles,slug,KEEP_PENDING,runtime_refs_but_zero_rows,low,0,17,2,0,0,0,0,,text,
store_bundles,description,KEEP_PENDING,runtime_refs_but_zero_rows,low,0,17,2,0,0,0,0,,text,
store_bundles,pricing_mode,KEEP_PENDING,runtime_refs_but_zero_rows,low,0,17,2,0,0,0,0,,USER-DEFINED,
store_bundles,price_cents,KEEP_PENDING,runtime_refs_but_zero_rows,low,0,17,2,0,0,0,0,,integer,
store_bundles,percent_off,KEEP_PENDING,runtime_refs_but_zero_rows,low,0,17,2,0,0,0,0,,integer,
store_bundles,created_at,KEEP_PENDING,runtime_refs_but_zero_rows,low,0,17,2,0,0,0,0,,timestamp with time zone,now()
store_bundles,updated_at,KEEP_PENDING,runtime_refs_but_zero_rows,low,0,17,2,0,0,0,0,,timestamp with time zone,now()
store_bundles,env,KEEP_PENDING,runtime_refs_but_zero_rows,low,0,17,2,0,0,0,0,,text,'prod'::text
store_bundles,visibility,KEEP_PENDING,runtime_refs_but_zero_rows,low,0,17,2,0,0,0,0,,USER-DEFINED,"'HIDDEN'::app_v3.""StoreVisibility"""
store_cart_items,id,KEEP_KEY,key_constraint,low,0,9,2,0,1,0,0,,integer,nextval('app_v3.store_cart_items_id_seq'::regclass)
store_cart_items,cart_id,KEEP_KEY,key_constraint,low,0,9,2,0,0,1,0,,uuid,
store_cart_items,product_id,KEEP_KEY,key_constraint,low,0,9,2,0,0,1,0,,integer,
store_cart_items,variant_id,KEEP_KEY,key_constraint,low,0,9,2,0,0,1,0,,integer,
store_cart_items,quantity,KEEP_PENDING,runtime_refs_but_zero_rows,low,0,9,2,0,0,0,0,,integer,
store_cart_items,unit_price_cents,KEEP_PENDING,runtime_refs_but_zero_rows,low,0,9,2,0,0,0,0,,integer,
store_cart_items,personalization,KEEP_PENDING,runtime_refs_but_zero_rows,low,0,9,2,0,0,0,0,,jsonb,'{}'::jsonb
store_cart_items,created_at,KEEP_PENDING,runtime_refs_but_zero_rows,low,0,9,2,0,0,0,0,,timestamp with time zone,now()
store_cart_items,updated_at,KEEP_PENDING,runtime_refs_but_zero_rows,low,0,9,2,0,0,0,0,,timestamp with time zone,now()
store_cart_items,bundle_id,KEEP_KEY,key_constraint,low,0,9,2,0,0,1,0,,integer,
store_cart_items,bundle_key,KEEP_PENDING,runtime_refs_but_zero_rows,low,0,9,2,0,0,0,0,,text,
store_cart_items,env,KEEP_PENDING,runtime_refs_but_zero_rows,low,0,9,2,0,0,0,0,,text,'prod'::text
store_carts,id,KEEP_KEY,key_constraint,low,0,20,2,0,1,0,0,,uuid,gen_random_uuid()
store_carts,store_id,KEEP_KEY,key_constraint,low,0,20,2,0,0,1,0,,integer,
store_carts,user_id,KEEP_KEY,key_constraint,low,0,20,2,0,0,1,0,,uuid,
store_carts,session_id,KEEP_PENDING,runtime_refs_but_zero_rows,low,0,20,2,0,0,0,0,,text,
store_carts,status,KEEP_PENDING,runtime_refs_but_zero_rows,low,0,20,2,0,0,0,0,,USER-DEFINED,"'ACTIVE'::app_v3.""StoreCartStatus"""
store_carts,currency,KEEP_PENDING,runtime_refs_but_zero_rows,low,0,20,2,0,0,0,0,,text,'EUR'::text
store_carts,created_at,KEEP_PENDING,runtime_refs_but_zero_rows,low,0,20,2,0,0,0,0,,timestamp with time zone,now()
store_carts,updated_at,KEEP_PENDING,runtime_refs_but_zero_rows,low,0,20,2,0,0,0,0,,timestamp with time zone,now()
store_carts,env,KEEP_PENDING,runtime_refs_but_zero_rows,low,0,20,2,0,0,0,0,,text,'prod'::text
store_categories,id,KEEP_KEY,key_constraint,low,8,10,2,0,1,0,0,0,integer,nextval('app_v3.store_categories_id_seq'::regclass)
store_categories,store_id,KEEP_KEY,key_constraint,low,8,10,2,0,0,1,0,0,integer,
store_categories,name,KEEP,default_keep,low,8,10,2,0,0,0,0,0,text,
store_categories,slug,KEEP,default_keep,low,8,10,2,0,0,0,0,0,text,
store_categories,description,KEEP,default_keep,low,8,10,2,0,0,0,0,0,text,
store_categories,sort_order,KEEP,default_keep,low,8,10,2,0,0,0,0,0,integer,0
store_categories,is_active,KEEP,default_keep,low,8,10,2,0,0,0,0,0,boolean,true
store_categories,cover_image_url,REVIEW_COLUMN,always_null_with_data,medium,8,10,2,0,0,0,0,1,text,
store_categories,created_at,KEEP,default_keep,low,8,10,2,0,0,0,0,0,timestamp with time zone,now()
store_categories,updated_at,KEEP,default_keep,low,8,10,2,0,0,0,0,0,timestamp with time zone,now()
store_categories,env,KEEP,default_keep,low,8,10,2,0,0,0,0,0,text,'prod'::text
store_digital_assets,id,KEEP_KEY,key_constraint,low,0,10,2,0,1,0,0,,integer,nextval('app_v3.store_digital_assets_id_seq'::regclass)
store_digital_assets,product_id,KEEP_KEY,key_constraint,low,0,10,2,0,0,1,0,,integer,
store_digital_assets,storage_path,KEEP_PENDING,runtime_refs_but_zero_rows,low,0,10,2,0,0,0,0,,text,
store_digital_assets,filename,KEEP_PENDING,runtime_refs_but_zero_rows,low,0,10,2,0,0,0,0,,text,
store_digital_assets,size_bytes,KEEP_PENDING,runtime_refs_but_zero_rows,low,0,10,2,0,0,0,0,,integer,
store_digital_assets,mime_type,KEEP_PENDING,runtime_refs_but_zero_rows,low,0,10,2,0,0,0,0,,text,
store_digital_assets,max_downloads,KEEP_PENDING,runtime_refs_but_zero_rows,low,0,10,2,0,0,0,0,,integer,
store_digital_assets,is_active,KEEP_PENDING,runtime_refs_but_zero_rows,low,0,10,2,0,0,0,0,,boolean,true
store_digital_assets,created_at,KEEP_PENDING,runtime_refs_but_zero_rows,low,0,10,2,0,0,0,0,,timestamp with time zone,now()
store_digital_assets,env,KEEP_PENDING,runtime_refs_but_zero_rows,low,0,10,2,0,0,0,0,,text,'prod'::text
store_digital_grants,id,KEEP_KEY,key_constraint,low,0,8,2,0,1,0,0,,integer,nextval('app_v3.store_digital_grants_id_seq'::regclass)
store_digital_grants,order_line_id,KEEP_KEY,key_constraint,low,0,8,2,0,0,1,0,,integer,
store_digital_grants,user_id,KEEP_KEY,key_constraint,low,0,8,2,0,0,1,0,,uuid,
store_digital_grants,download_token,KEEP_PENDING,runtime_refs_but_zero_rows,low,0,8,2,0,0,0,0,,text,
store_digital_grants,expires_at,KEEP_PENDING,runtime_refs_but_zero_rows,low,0,8,2,0,0,0,0,,timestamp with time zone,
store_digital_grants,downloads_count,KEEP_PENDING,runtime_refs_but_zero_rows,low,0,8,2,0,0,0,0,,integer,0
store_digital_grants,created_at,KEEP_PENDING,runtime_refs_but_zero_rows,low,0,8,2,0,0,0,0,,timestamp with time zone,now()
store_digital_grants,env,KEEP_PENDING,runtime_refs_but_zero_rows,low,0,8,2,0,0,0,0,,text,'prod'::text
store_inventory_movements,id,KEEP_KEY,key_constraint,low,3,2,2,0,1,0,0,0,integer,nextval('app_v3.store_inventory_movements_id_seq'::regclass)
store_inventory_movements,product_id,KEEP_KEY,key_constraint,low,3,2,2,0,0,1,0,0,integer,
store_inventory_movements,variant_id,KEEP_KEY,key_constraint,low,3,2,2,0,0,1,0,0,integer,
store_inventory_movements,movement_type,KEEP,default_keep,low,3,2,2,0,0,0,0,0,USER-DEFINED,
store_inventory_movements,quantity,KEEP,default_keep,low,3,2,2,0,0,0,0,0,integer,
store_inventory_movements,reason,KEEP,default_keep,low,3,2,2,0,0,0,0,0,text,
store_inventory_movements,created_at,KEEP,default_keep,low,3,2,2,0,0,0,0,0,timestamp with time zone,now()
store_inventory_movements,env,KEEP,default_keep,low,3,2,2,0,0,0,0,0,text,'prod'::text
store_order_addresses,id,KEEP_KEY,key_constraint,low,40,0,2,0,1,0,0,0,integer,nextval('app_v3.store_order_addresses_id_seq'::regclass)
store_order_addresses,order_id,KEEP_KEY,key_constraint,low,40,0,2,0,0,1,0,0,integer,
store_order_addresses,address_type,KEEP,default_keep,low,40,0,2,0,0,0,0,0,USER-DEFINED,
store_order_addresses,full_name,KEEP,default_keep,low,40,0,2,0,0,0,0,0,text,
store_order_addresses,nif,KEEP,default_keep,low,40,0,2,0,0,0,0,0,text,
store_order_addresses,created_at,KEEP,default_keep,low,40,0,2,0,0,0,0,0,timestamp with time zone,now()
store_order_addresses,env,KEEP,default_keep,low,40,0,2,0,0,0,0,0,text,'prod'::text
store_order_addresses,address_id,KEEP,default_keep,low,40,0,2,0,0,0,0,0,uuid,
store_order_bundle_items,id,KEEP_KEY,key_constraint,low,0,0,2,0,1,0,0,,integer,nextval('app_v3.store_order_bundle_items_id_seq'::regclass)
store_order_bundle_items,order_bundle_id,KEEP_KEY,key_constraint,low,0,0,2,0,0,1,0,,integer,
store_order_bundle_items,product_id,KEEP_KEY,key_constraint,low,0,0,2,0,0,1,0,,integer,
store_order_bundle_items,variant_id,KEEP_KEY,key_constraint,low,0,0,2,0,0,1,0,,integer,
store_order_bundle_items,quantity,REVIEW_TABLE_COLUMN,table_zero_rows_nonruntime_refs_only,medium,0,0,2,0,0,0,0,,integer,
store_order_bundle_items,name_snapshot,REVIEW_TABLE_COLUMN,table_zero_rows_nonruntime_refs_only,medium,0,0,2,0,0,0,0,,text,
store_order_bundle_items,sku_snapshot,REVIEW_TABLE_COLUMN,table_zero_rows_nonruntime_refs_only,medium,0,0,2,0,0,0,0,,text,
store_order_bundle_items,created_at,REVIEW_TABLE_COLUMN,table_zero_rows_nonruntime_refs_only,medium,0,0,2,0,0,0,0,,timestamp with time zone,now()
store_order_bundle_items,env,REVIEW_TABLE_COLUMN,table_zero_rows_nonruntime_refs_only,medium,0,0,2,0,0,0,0,,text,'prod'::text
store_order_bundles,id,KEEP_KEY,key_constraint,low,0,1,2,0,1,0,0,,integer,nextval('app_v3.store_order_bundles_id_seq'::regclass)
store_order_bundles,order_id,KEEP_KEY,key_constraint,low,0,1,2,0,0,1,0,,integer,
store_order_bundles,bundle_id,KEEP_KEY,key_constraint,low,0,1,2,0,0,1,0,,integer,
store_order_bundles,name_snapshot,KEEP_PENDING,runtime_refs_but_zero_rows,low,0,1,2,0,0,0,0,,text,
store_order_bundles,pricing_mode,KEEP_PENDING,runtime_refs_but_zero_rows,low,0,1,2,0,0,0,0,,USER-DEFINED,
store_order_bundles,price_cents,KEEP_PENDING,runtime_refs_but_zero_rows,low,0,1,2,0,0,0,0,,integer,
store_order_bundles,percent_off,KEEP_PENDING,runtime_refs_but_zero_rows,low,0,1,2,0,0,0,0,,integer,
store_order_bundles,bundle_quantity,KEEP_PENDING,runtime_refs_but_zero_rows,low,0,1,2,0,0,0,0,,integer,1
store_order_bundles,total_cents,KEEP_PENDING,runtime_refs_but_zero_rows,low,0,1,2,0,0,0,0,,integer,
store_order_bundles,created_at,KEEP_PENDING,runtime_refs_but_zero_rows,low,0,1,2,0,0,0,0,,timestamp with time zone,now()
store_order_bundles,env,KEEP_PENDING,runtime_refs_but_zero_rows,low,0,1,2,0,0,0,0,,text,'prod'::text
store_order_lines,id,KEEP_KEY,key_constraint,low,20,2,2,0,1,0,0,0,integer,nextval('app_v3.store_order_lines_id_seq'::regclass)
store_order_lines,order_id,KEEP_KEY,key_constraint,low,20,2,2,0,0,1,0,0,integer,
store_order_lines,product_id,KEEP_KEY,key_constraint,low,20,2,2,0,0,1,0,0,integer,
store_order_lines,variant_id,KEEP_KEY,key_constraint,low,20,2,2,0,0,1,0,0,integer,
store_order_lines,name_snapshot,KEEP,default_keep,low,20,2,2,0,0,0,0,0,text,
store_order_lines,sku_snapshot,KEEP,default_keep,low,20,2,2,0,0,0,0,0,text,
store_order_lines,quantity,KEEP,default_keep,low,20,2,2,0,0,0,0,0,integer,
store_order_lines,unit_price_cents,KEEP,default_keep,low,20,2,2,0,0,0,0,0,integer,
store_order_lines,discount_cents,KEEP,default_keep,low,20,2,2,0,0,0,0,0,integer,0
store_order_lines,total_cents,KEEP,default_keep,low,20,2,2,0,0,0,0,0,integer,
store_order_lines,requires_shipping,KEEP,default_keep,low,20,2,2,0,0,0,0,0,boolean,true
store_order_lines,personalization,KEEP,default_keep,low,20,2,2,0,0,0,0,0,jsonb,'{}'::jsonb
store_order_lines,created_at,KEEP,default_keep,low,20,2,2,0,0,0,0,0,timestamp with time zone,now()
store_order_lines,order_bundle_id,KEEP_KEY,key_constraint,low,20,2,2,0,0,1,0,1,integer,
store_order_lines,env,KEEP,default_keep,low,20,2,2,0,0,0,0,0,text,'prod'::text
store_orders,id,KEEP_KEY,key_constraint,low,20,32,3,5,1,0,0,0,integer,nextval('app_v3.store_orders_id_seq'::regclass)
store_orders,store_id,KEEP_KEY,key_constraint,low,20,32,3,5,0,1,0,0,integer,
store_orders,user_id,KEEP_KEY,key_constraint,low,20,32,3,5,0,1,0,0,uuid,
store_orders,order_number,KEEP,default_keep,low,20,32,3,5,0,0,0,0,text,
store_orders,status,KEEP,default_keep,low,20,32,3,5,0,0,0,0,USER-DEFINED,"'PENDING'::app_v3.""StoreOrderStatus"""
store_orders,payment_intent_id,KEEP,default_keep,low,20,32,3,5,0,0,0,0,text,
store_orders,purchase_id,KEEP,default_keep,low,20,32,3,5,0,0,0,0,text,
store_orders,subtotal_cents,KEEP,default_keep,low,20,32,3,5,0,0,0,0,integer,
store_orders,discount_cents,KEEP,default_keep,low,20,32,3,5,0,0,0,0,integer,0
store_orders,shipping_cents,KEEP,default_keep,low,20,32,3,5,0,0,0,0,integer,0
store_orders,total_cents,KEEP,default_keep,low,20,32,3,5,0,0,0,0,integer,
store_orders,currency,KEEP,default_keep,low,20,32,3,5,0,0,0,0,text,'EUR'::text
store_orders,customer_email,KEEP,default_keep,low,20,32,3,5,0,0,0,0,USER-DEFINED,
store_orders,customer_name,KEEP,default_keep,low,20,32,3,5,0,0,0,0,text,
store_orders,customer_phone,KEEP,default_keep,low,20,32,3,5,0,0,0,0,text,
store_orders,notes,KEEP,default_keep,low,20,32,3,5,0,0,0,0,text,
store_orders,created_at,KEEP,default_keep,low,20,32,3,5,0,0,0,0,timestamp with time zone,now()
store_orders,updated_at,KEEP,default_keep,low,20,32,3,5,0,0,0,0,timestamp with time zone,now()
store_orders,shipping_zone_id,KEEP_KEY,key_constraint,low,20,32,3,5,0,1,0,0,integer,
store_orders,shipping_method_id,KEEP_KEY,key_constraint,low,20,32,3,5,0,1,0,0,integer,
store_orders,env,KEEP,default_keep,low,20,32,3,5,0,0,0,0,text,'prod'::text
store_orders,store_policy_snapshot_json,KEEP,default_keep,low,20,32,3,5,0,0,0,0,jsonb,
store_orders,store_policy_version,KEEP,default_keep,low,20,32,3,5,0,0,0,0,text,
store_orders,store_policy_captured_at,KEEP,default_keep,low,20,32,3,5,0,0,0,0,timestamp with time zone,
store_product_images,id,KEEP_KEY,key_constraint,low,15,8,2,0,1,0,0,0,integer,nextval('app_v3.store_product_images_id_seq'::regclass)
store_product_images,product_id,KEEP_KEY,key_constraint,low,15,8,2,0,0,1,0,0,integer,
store_product_images,url,KEEP,default_keep,low,15,8,2,0,0,0,0,0,text,
store_product_images,alt_text,KEEP,default_keep,low,15,8,2,0,0,0,0,0,text,
store_product_images,sort_order,KEEP,default_keep,low,15,8,2,0,0,0,0,0,integer,0
store_product_images,is_primary,KEEP,default_keep,low,15,8,2,0,0,0,0,0,boolean,false
store_product_images,created_at,KEEP,default_keep,low,15,8,2,0,0,0,0,0,timestamp with time zone,now()
store_product_images,env,KEEP,default_keep,low,15,8,2,0,0,0,0,0,text,'prod'::text
store_product_option_values,id,KEEP_KEY,key_constraint,low,0,11,2,2,1,0,0,,integer,nextval('app_v3.store_product_option_values_id_seq'::regclass)
store_product_option_values,option_id,KEEP_KEY,key_constraint,low,0,11,2,2,0,1,0,,integer,
store_product_option_values,value,KEEP_PENDING,runtime_refs_but_zero_rows,low,0,11,2,2,0,0,0,,text,
store_product_option_values,label,KEEP_PENDING,runtime_refs_but_zero_rows,low,0,11,2,2,0,0,0,,text,
store_product_option_values,price_delta_cents,KEEP_PENDING,runtime_refs_but_zero_rows,low,0,11,2,2,0,0,0,,integer,0
store_product_option_values,sort_order,KEEP_PENDING,runtime_refs_but_zero_rows,low,0,11,2,2,0,0,0,,integer,0
store_product_option_values,created_at,KEEP_PENDING,runtime_refs_but_zero_rows,low,0,11,2,2,0,0,0,,timestamp with time zone,now()
store_product_option_values,env,KEEP_PENDING,runtime_refs_but_zero_rows,low,0,11,2,2,0,0,0,,text,'prod'::text
store_product_options,id,KEEP_KEY,key_constraint,low,0,15,2,2,1,0,0,,integer,nextval('app_v3.store_product_options_id_seq'::regclass)
store_product_options,product_id,KEEP_KEY,key_constraint,low,0,15,2,2,0,1,0,,integer,
store_product_options,option_type,KEEP_PENDING,runtime_refs_but_zero_rows,low,0,15,2,2,0,0,0,,USER-DEFINED,
store_product_options,label,KEEP_PENDING,runtime_refs_but_zero_rows,low,0,15,2,2,0,0,0,,text,
store_product_options,required,KEEP_PENDING,runtime_refs_but_zero_rows,low,0,15,2,2,0,0,0,,boolean,false
store_product_options,max_length,KEEP_PENDING,runtime_refs_but_zero_rows,low,0,15,2,2,0,0,0,,integer,
store_product_options,min_value,KEEP_PENDING,runtime_refs_but_zero_rows,low,0,15,2,2,0,0,0,,integer,
store_product_options,max_value,KEEP_PENDING,runtime_refs_but_zero_rows,low,0,15,2,2,0,0,0,,integer,
store_product_options,price_delta_cents,KEEP_PENDING,runtime_refs_but_zero_rows,low,0,15,2,2,0,0,0,,integer,0
store_product_options,sort_order,KEEP_PENDING,runtime_refs_but_zero_rows,low,0,15,2,2,0,0,0,,integer,0
store_product_options,created_at,KEEP_PENDING,runtime_refs_but_zero_rows,low,0,15,2,2,0,0,0,,timestamp with time zone,now()
store_product_options,updated_at,KEEP_PENDING,runtime_refs_but_zero_rows,low,0,15,2,2,0,0,0,,timestamp with time zone,now()
store_product_options,env,KEEP_PENDING,runtime_refs_but_zero_rows,low,0,15,2,2,0,0,0,,text,'prod'::text
store_product_variants,id,KEEP_KEY,key_constraint,low,3,12,2,0,1,0,0,0,integer,nextval('app_v3.store_product_variants_id_seq'::regclass)
store_product_variants,product_id,KEEP_KEY,key_constraint,low,3,12,2,0,0,1,0,0,integer,
store_product_variants,label,KEEP,default_keep,low,3,12,2,0,0,0,0,0,text,
store_product_variants,sku,KEEP,default_keep,low,3,12,2,0,0,0,0,0,text,
store_product_variants,price_cents,KEEP,default_keep,low,3,12,2,0,0,0,0,0,integer,
store_product_variants,stock_qty,KEEP,default_keep,low,3,12,2,0,0,0,0,0,integer,
store_product_variants,is_active,KEEP,default_keep,low,3,12,2,0,0,0,0,0,boolean,true
store_product_variants,sort_order,KEEP,default_keep,low,3,12,2,0,0,0,0,0,integer,0
store_product_variants,created_at,KEEP,default_keep,low,3,12,2,0,0,0,0,0,timestamp with time zone,now()
store_product_variants,updated_at,KEEP,default_keep,low,3,12,2,0,0,0,0,0,timestamp with time zone,now()
store_product_variants,env,KEEP,default_keep,low,3,12,2,0,0,0,0,0,text,'prod'::text
store_products,id,KEEP_KEY,key_constraint,low,15,48,2,2,1,0,0,0,integer,nextval('app_v3.store_products_id_seq'::regclass)
store_products,store_id,KEEP_KEY,key_constraint,low,15,48,2,2,0,1,0,0,integer,
store_products,category_id,KEEP_KEY,key_constraint,low,15,48,2,2,0,1,0,0,integer,
store_products,name,KEEP,default_keep,low,15,48,2,2,0,0,0,0,text,
store_products,slug,KEEP,default_keep,low,15,48,2,2,0,0,0,0,text,
store_products,short_description,KEEP,default_keep,low,15,48,2,2,0,0,0,0,text,
store_products,description,KEEP,default_keep,low,15,48,2,2,0,0,0,0,text,
store_products,price_cents,KEEP,default_keep,low,15,48,2,2,0,0,0,0,integer,
store_products,compare_at_price_cents,KEEP,default_keep,low,15,48,2,2,0,0,0,0,integer,
store_products,currency,KEEP,default_keep,low,15,48,2,2,0,0,0,0,text,'EUR'::text
store_products,sku,KEEP,default_keep,low,15,48,2,2,0,0,0,0.8,text,
store_products,stock_policy,KEEP,default_keep,low,15,48,2,2,0,0,0,0,USER-DEFINED,"'NONE'::app_v3.""StoreStockPolicy"""
store_products,stock_qty,KEEP,default_keep,low,15,48,2,2,0,0,0,0,integer,
store_products,requires_shipping,KEEP,default_keep,low,15,48,2,2,0,0,0,0,boolean,true
store_products,tags,KEEP,default_keep,low,15,48,2,2,0,0,0,0,ARRAY,'{}'::text[]
store_products,created_at,KEEP,default_keep,low,15,48,2,2,0,0,0,0,timestamp with time zone,now()
store_products,updated_at,KEEP,default_keep,low,15,48,2,2,0,0,0,0,timestamp with time zone,now()
store_products,env,KEEP,default_keep,low,15,48,2,2,0,0,0,0,text,'prod'::text
store_products,visibility,KEEP,default_keep,low,15,48,2,2,0,0,0,0,USER-DEFINED,"'HIDDEN'::app_v3.""StoreVisibility"""
store_shipments,id,KEEP_KEY,key_constraint,low,3,5,2,0,1,0,0,0,integer,nextval('app_v3.store_shipments_id_seq'::regclass)
store_shipments,order_id,KEEP_KEY,key_constraint,low,3,5,2,0,0,1,0,0,integer,
store_shipments,carrier,KEEP,default_keep,low,3,5,2,0,0,0,0,0,text,
store_shipments,tracking_number,KEEP,default_keep,low,3,5,2,0,0,0,0,0,text,
store_shipments,tracking_url,KEEP,default_keep,low,3,5,2,0,0,0,0,0,text,
store_shipments,status,KEEP,default_keep,low,3,5,2,0,0,0,0,0,USER-DEFINED,"'PENDING'::app_v3.""StoreShipmentStatus"""
store_shipments,shipped_at,KEEP,default_keep,low,3,5,2,0,0,0,0,0,timestamp with time zone,
store_shipments,delivered_at,KEEP,default_keep,low,3,5,2,0,0,0,0,0,timestamp with time zone,
store_shipments,created_at,KEEP,default_keep,low,3,5,2,0,0,0,0,0,timestamp with time zone,now()
store_shipments,updated_at,KEEP,default_keep,low,3,5,2,0,0,0,0,0,timestamp with time zone,now()
store_shipments,env,KEEP,default_keep,low,3,5,2,0,0,0,0,0,text,'prod'::text
store_shipping_methods,id,KEEP_KEY,key_constraint,low,1,13,2,0,1,0,0,,integer,nextval('app_v3.store_shipping_methods_id_seq'::regclass)
store_shipping_methods,zone_id,KEEP_KEY,key_constraint,low,1,13,2,0,0,1,0,,integer,
store_shipping_methods,name,KEEP,default_keep,low,1,13,2,0,0,0,0,,text,
store_shipping_methods,description,KEEP,default_keep,low,1,13,2,0,0,0,0,,text,
store_shipping_methods,base_rate_cents,KEEP,default_keep,low,1,13,2,0,0,0,0,,integer,
store_shipping_methods,mode,KEEP,default_keep,low,1,13,2,0,0,0,0,,USER-DEFINED,"'FLAT'::app_v3.""StoreShippingMode"""
store_shipping_methods,free_over_cents,KEEP,default_keep,low,1,13,2,0,0,0,0,,integer,
store_shipping_methods,is_default,KEEP,default_keep,low,1,13,2,0,0,0,0,,boolean,false
store_shipping_methods,eta_min_days,KEEP,default_keep,low,1,13,2,0,0,0,0,,integer,
store_shipping_methods,eta_max_days,KEEP,default_keep,low,1,13,2,0,0,0,0,,integer,
store_shipping_methods,created_at,KEEP,default_keep,low,1,13,2,0,0,0,0,,timestamp with time zone,now()
store_shipping_methods,updated_at,KEEP,default_keep,low,1,13,2,0,0,0,0,,timestamp with time zone,now()
store_shipping_methods,env,KEEP,default_keep,low,1,13,2,0,0,0,0,,text,'prod'::text
store_shipping_tiers,id,KEEP_KEY,key_constraint,low,0,9,2,0,1,0,0,,integer,nextval('app_v3.store_shipping_tiers_id_seq'::regclass)
store_shipping_tiers,method_id,KEEP_KEY,key_constraint,low,0,9,2,0,0,1,0,,integer,
store_shipping_tiers,min_subtotal_cents,KEEP_PENDING,runtime_refs_but_zero_rows,low,0,9,2,0,0,0,0,,integer,
store_shipping_tiers,max_subtotal_cents,KEEP_PENDING,runtime_refs_but_zero_rows,low,0,9,2,0,0,0,0,,integer,
store_shipping_tiers,rate_cents,KEEP_PENDING,runtime_refs_but_zero_rows,low,0,9,2,0,0,0,0,,integer,
store_shipping_tiers,created_at,KEEP_PENDING,runtime_refs_but_zero_rows,low,0,9,2,0,0,0,0,,timestamp with time zone,now()
store_shipping_tiers,env,KEEP_PENDING,runtime_refs_but_zero_rows,low,0,9,2,0,0,0,0,,text,'prod'::text
store_shipping_zones,id,KEEP_KEY,key_constraint,low,1,13,2,0,1,0,0,,integer,nextval('app_v3.store_shipping_zones_id_seq'::regclass)
store_shipping_zones,store_id,KEEP_KEY,key_constraint,low,1,13,2,0,0,1,0,,integer,
store_shipping_zones,name,KEEP,default_keep,low,1,13,2,0,0,0,0,,text,
store_shipping_zones,countries,KEEP,default_keep,low,1,13,2,0,0,0,0,,ARRAY,'{}'::text[]
store_shipping_zones,is_active,KEEP,default_keep,low,1,13,2,0,0,0,0,,boolean,true
store_shipping_zones,created_at,KEEP,default_keep,low,1,13,2,0,0,0,0,,timestamp with time zone,now()
store_shipping_zones,updated_at,KEEP,default_keep,low,1,13,2,0,0,0,0,,timestamp with time zone,now()
store_shipping_zones,env,KEEP,default_keep,low,1,13,2,0,0,0,0,,text,'prod'::text
stores,id,KEEP_KEY,key_constraint,low,9,57,2,14,1,0,0,0,integer,nextval('app_v3.stores_id_seq'::regclass)
stores,owner_organization_id,KEEP_KEY,key_constraint,low,9,57,2,14,0,1,0,0,integer,
stores,status,KEEP,default_keep,low,9,57,2,14,0,0,0,0,USER-DEFINED,"'CLOSED'::app_v3.""StoreStatus"""
stores,show_on_profile,KEEP,default_keep,low,9,57,2,14,0,0,0,0,boolean,false
stores,catalog_locked,KEEP,default_keep,low,9,57,2,14,0,0,0,0,boolean,true
stores,checkout_enabled,KEEP,default_keep,low,9,57,2,14,0,0,0,0,boolean,false
stores,currency,KEEP,default_keep,low,9,57,2,14,0,0,0,0,text,'EUR'::text
stores,free_shipping_threshold_cents,KEEP,default_keep,low,9,57,2,14,0,0,0,0,integer,
stores,created_at,KEEP,default_keep,low,9,57,2,14,0,0,0,0,timestamp with time zone,now()
stores,updated_at,KEEP,default_keep,low,9,57,2,14,0,0,0,0,timestamp with time zone,now()
stores,env,KEEP,default_keep,low,9,57,2,14,0,0,0,0,text,'prod'::text
support_ticket_events,id,KEEP_KEY,key_constraint,low,0,3,0,0,1,0,0,,uuid,gen_random_uuid()
support_ticket_events,env,KEEP_PENDING,runtime_refs_but_zero_rows,low,0,3,0,0,0,0,0,,text,'prod'::text
support_ticket_events,ticket_id,KEEP_KEY,key_constraint,low,0,3,0,0,0,1,0,,uuid,
support_ticket_events,actor_type,KEEP_PENDING,runtime_refs_but_zero_rows,low,0,3,0,0,0,0,0,,USER-DEFINED,
support_ticket_events,actor_user_id,KEEP_KEY,key_constraint,low,0,3,0,0,0,1,0,,uuid,
support_ticket_events,event_type,KEEP_PENDING,runtime_refs_but_zero_rows,low,0,3,0,0,0,0,0,,text,
support_ticket_events,payload,KEEP_PENDING,runtime_refs_but_zero_rows,low,0,3,0,0,0,0,0,,jsonb,'{}'::jsonb
support_ticket_events,created_at,KEEP_PENDING,runtime_refs_but_zero_rows,low,0,3,0,0,0,0,0,,timestamp with time zone,now()
support_tickets,id,KEEP_KEY,key_constraint,low,0,8,0,0,1,0,0,,uuid,gen_random_uuid()
support_tickets,env,KEEP_PENDING,runtime_refs_but_zero_rows,low,0,8,0,0,0,0,0,,text,'prod'::text
support_tickets,ticket_number,KEEP_KEY,key_constraint,low,0,8,0,0,0,0,1,,bigint,
support_tickets,requester_email,KEEP_PENDING,runtime_refs_but_zero_rows,low,0,8,0,0,0,0,0,,USER-DEFINED,
support_tickets,requester_user_id,KEEP_KEY,key_constraint,low,0,8,0,0,0,1,0,,uuid,
support_tickets,category,KEEP_PENDING,runtime_refs_but_zero_rows,low,0,8,0,0,0,0,0,,USER-DEFINED,
support_tickets,subject,KEEP_PENDING,runtime_refs_but_zero_rows,low,0,8,0,0,0,0,0,,text,
support_tickets,description,KEEP_PENDING,runtime_refs_but_zero_rows,low,0,8,0,0,0,0,0,,text,
support_tickets,status,KEEP_PENDING,runtime_refs_but_zero_rows,low,0,8,0,0,0,0,0,,USER-DEFINED,"'OPEN'::app_v3.""SupportTicketStatus"""
support_tickets,closed_at,KEEP_PENDING,runtime_refs_but_zero_rows,low,0,8,0,0,0,0,0,,timestamp with time zone,
support_tickets,metadata,KEEP_PENDING,runtime_refs_but_zero_rows,low,0,8,0,0,0,0,0,,jsonb,'{}'::jsonb
support_tickets,created_at,KEEP_PENDING,runtime_refs_but_zero_rows,low,0,8,0,0,0,0,0,,timestamp with time zone,now()
support_tickets,updated_at,KEEP_PENDING,runtime_refs_but_zero_rows,low,0,8,0,0,0,0,0,,timestamp with time zone,now()
ticket_order_lines,id,KEEP_KEY,key_constraint,low,0,0,0,0,1,0,0,,integer,nextval('app_v3.ticket_order_lines_id_seq'::regclass)
ticket_order_lines,ticket_order_id,KEEP_KEY,key_constraint,low,0,0,0,0,0,1,0,,uuid,
ticket_order_lines,ticket_type_id,KEEP_KEY,key_constraint,low,0,0,0,0,0,1,0,,integer,
ticket_order_lines,qty,REVIEW_TABLE_COLUMN,table_zero_rows_no_refs,medium,0,0,0,0,0,0,0,,integer,
ticket_order_lines,unit_amount,REVIEW_TABLE_COLUMN,table_zero_rows_no_refs,medium,0,0,0,0,0,0,0,,integer,
ticket_order_lines,total_amount,REVIEW_TABLE_COLUMN,table_zero_rows_no_refs,medium,0,0,0,0,0,0,0,,integer,
ticket_order_lines,env,REVIEW_TABLE_COLUMN,table_zero_rows_no_refs,medium,0,0,0,0,0,0,0,,text,'prod'::text
ticket_orders,id,KEEP_KEY,key_constraint,low,0,4,0,0,1,0,0,,uuid,gen_random_uuid()
ticket_orders,organization_id,KEEP_KEY,key_constraint,low,0,4,0,0,0,1,0,,integer,
ticket_orders,event_id,KEEP_KEY,key_constraint,low,0,4,0,0,0,1,0,,integer,
ticket_orders,buyer_identity_id,KEEP_PENDING,runtime_refs_but_zero_rows,low,0,4,0,0,0,0,0,,uuid,
ticket_orders,currency,KEEP_PENDING,runtime_refs_but_zero_rows,low,0,4,0,0,0,0,0,,text,'EUR'::text
ticket_orders,status,KEEP_PENDING,runtime_refs_but_zero_rows,low,0,4,0,0,0,0,0,,USER-DEFINED,"'DRAFT'::app_v3.""TicketOrderStatus"""
ticket_orders,created_at,KEEP_PENDING,runtime_refs_but_zero_rows,low,0,4,0,0,0,0,0,,timestamp with time zone,now()
ticket_orders,updated_at,KEEP_PENDING,runtime_refs_but_zero_rows,low,0,4,0,0,0,0,0,,timestamp with time zone,now()
ticket_orders,env,KEEP_PENDING,runtime_refs_but_zero_rows,low,0,4,0,0,0,0,0,,text,'prod'::text
ticket_resales,id,KEEP_KEY,key_constraint,low,0,10,0,0,1,0,0,,text,
ticket_resales,ticket_id,KEEP_KEY,key_constraint,low,0,10,0,0,0,1,0,,text,
ticket_resales,price,KEEP_PENDING,runtime_refs_but_zero_rows,low,0,10,0,0,0,0,0,,integer,
ticket_resales,currency,KEEP_PENDING,runtime_refs_but_zero_rows,low,0,10,0,0,0,0,0,,text,'EUR'::text
ticket_resales,status,KEEP_PENDING,runtime_refs_but_zero_rows,low,0,10,0,0,0,0,0,,USER-DEFINED,"'LISTED'::app_v3.""ResaleStatus"""
ticket_resales,created_at,KEEP_PENDING,runtime_refs_but_zero_rows,low,0,10,0,0,0,0,0,,timestamp without time zone,CURRENT_TIMESTAMP
ticket_resales,completed_at,KEEP_PENDING,runtime_refs_but_zero_rows,low,0,10,0,0,0,0,0,,timestamp without time zone,
ticket_resales,seller_user_id,KEEP_PENDING,runtime_refs_but_zero_rows,low,0,10,0,0,0,0,0,,uuid,
ticket_resales,env,KEEP_PENDING,runtime_refs_but_zero_rows,low,0,10,0,0,0,0,0,,text,'prod'::text
ticket_reservations,id,KEEP_KEY,key_constraint,low,0,6,0,0,1,0,0,,text,
ticket_reservations,event_id,KEEP_PENDING,runtime_refs_but_zero_rows,low,0,6,0,0,0,0,0,,integer,
ticket_reservations,ticket_type_id,KEEP_KEY,key_constraint,low,0,6,0,0,0,1,0,,integer,
ticket_reservations,quantity,KEEP_PENDING,runtime_refs_but_zero_rows,low,0,6,0,0,0,0,0,,integer,
ticket_reservations,status,KEEP_PENDING,runtime_refs_but_zero_rows,low,0,6,0,0,0,0,0,,USER-DEFINED,"'ACTIVE'::app_v3.""ReservationStatus"""
ticket_reservations,expires_at,KEEP_PENDING,runtime_refs_but_zero_rows,low,0,6,0,0,0,0,0,,timestamp without time zone,
ticket_reservations,created_at,KEEP_PENDING,runtime_refs_but_zero_rows,low,0,6,0,0,0,0,0,,timestamp without time zone,CURRENT_TIMESTAMP
ticket_reservations,updated_at,KEEP_PENDING,runtime_refs_but_zero_rows,low,0,6,0,0,0,0,0,,timestamp without time zone,
ticket_reservations,user_id,KEEP_PENDING,runtime_refs_but_zero_rows,low,0,6,0,0,0,0,0,,uuid,
ticket_reservations,env,KEEP_PENDING,runtime_refs_but_zero_rows,low,0,6,0,0,0,0,0,,text,'prod'::text
ticket_types,id,KEEP_KEY,key_constraint,low,96,16,0,3,1,0,0,0,integer,nextval('app_v3.ticket_types_id_seq'::regclass)
ticket_types,event_id,KEEP_KEY,key_constraint,low,96,16,0,3,0,1,0,0,integer,
ticket_types,name,KEEP,default_keep,low,96,16,0,3,0,0,0,0,text,
ticket_types,description,KEEP,default_keep,low,96,16,0,3,0,0,0,0,text,
ticket_types,price,KEEP,default_keep,low,96,16,0,3,0,0,0,0,integer,
ticket_types,currency,KEEP,default_keep,low,96,16,0,3,0,0,0,0,text,'EUR'::text
ticket_types,total_quantity,KEEP,default_keep,low,96,16,0,3,0,0,0,0,integer,
ticket_types,sold_quantity,KEEP,default_keep,low,96,16,0,3,0,0,0,0,integer,0
ticket_types,status,KEEP,default_keep,low,96,16,0,3,0,0,0,0,USER-DEFINED,"'ON_SALE'::app_v3.""TicketTypeStatus"""
ticket_types,starts_at,KEEP,default_keep,low,96,16,0,3,0,0,0,0,timestamp without time zone,
ticket_types,ends_at,KEEP,default_keep,low,96,16,0,3,0,0,0,0,timestamp without time zone,
ticket_types,sort_order,KEEP,default_keep,low,96,16,0,3,0,0,0,0,integer,0
ticket_types,created_at,KEEP,default_keep,low,96,16,0,3,0,0,0,0,timestamp without time zone,CURRENT_TIMESTAMP
ticket_types,updated_at,KEEP,default_keep,low,96,16,0,3,0,0,0,0,timestamp without time zone,
ticket_types,padel_event_category_link_id,KEEP_KEY,key_constraint,low,96,16,0,3,0,1,0,0.951613,integer,
ticket_types,env,KEEP,default_keep,low,96,16,0,3,0,0,0,0,text,'prod'::text
ticket_types,public_access,KEEP,default_keep,low,96,16,0,3,0,0,0,0,boolean,true
ticket_types,participant_access,KEEP,default_keep,low,96,16,0,3,0,0,0,0,boolean,false
tickets,id,KEEP_KEY,key_constraint,low,136,45,0,7,1,0,0,0,text,
tickets,event_id,KEEP_KEY,key_constraint,low,136,45,0,7,0,1,0,0,integer,
tickets,ticket_type_id,KEEP_KEY,key_constraint,low,136,45,0,7,0,1,1,0,integer,
tickets,purchased_at,KEEP,default_keep,low,136,45,0,7,0,0,0,0,timestamp without time zone,CURRENT_TIMESTAMP
tickets,status,KEEP,default_keep,low,136,45,0,7,0,0,0,0,USER-DEFINED,"'ACTIVE'::app_v3.""TicketStatus"""
tickets,qr_secret,KEEP,default_keep,low,136,45,0,7,0,0,0,0,text,
tickets,rotating_seed,REVIEW_COLUMN,always_null_with_data,medium,136,45,0,7,0,0,0,1,uuid,
tickets,price_paid,KEEP,default_keep,low,136,45,0,7,0,0,0,0,integer,
tickets,currency,KEEP,default_keep,low,136,45,0,7,0,0,0,0,text,'EUR'::text
tickets,user_id,KEEP,default_keep,low,136,45,0,7,0,0,0,0,uuid,
tickets,platform_fee_cents,KEEP,default_keep,low,136,45,0,7,0,0,0,0,integer,0
tickets,total_paid_cents,KEEP,default_keep,low,136,45,0,7,0,0,0,0,integer,0
tickets,owner_user_id,KEEP,default_keep,low,136,45,0,7,0,0,0,0,uuid,
tickets,owner_identity_id,REVIEW_COLUMN,always_null_with_data,medium,136,45,0,7,0,0,0,1,uuid,
tickets,purchase_id,KEEP_KEY,key_constraint,low,136,45,0,7,0,0,1,0,text,
tickets,sale_summary_id,KEEP_KEY,key_constraint,low,136,45,0,7,0,1,0,0,integer,
tickets,emission_index,KEEP_KEY,key_constraint,low,136,45,0,7,0,0,1,0,integer,0
tickets,stripe_payment_intent_id,KEEP,default_keep,low,136,45,0,7,0,0,0,0.5375,text,
tickets,env,KEEP,default_keep,low,136,45,0,7,0,0,0,0,text,'prod'::text
tournament_audit_logs,id,KEEP_KEY,key_constraint,low,0,1,0,0,1,0,0,,integer,nextval('app_v3.tournament_audit_logs_id_seq'::regclass)
tournament_audit_logs,tournament_id,KEEP_PENDING,runtime_refs_but_zero_rows,low,0,1,0,0,0,0,0,,integer,
tournament_audit_logs,user_id,KEEP_KEY,key_constraint,low,0,1,0,0,0,1,0,,uuid,
tournament_audit_logs,action,KEEP_PENDING,runtime_refs_but_zero_rows,low,0,1,0,0,0,0,0,,text,
tournament_audit_logs,payload_before,KEEP_PENDING,runtime_refs_but_zero_rows,low,0,1,0,0,0,0,0,,jsonb,
tournament_audit_logs,payload_after,KEEP_PENDING,runtime_refs_but_zero_rows,low,0,1,0,0,0,0,0,,jsonb,
tournament_audit_logs,created_at,KEEP_PENDING,runtime_refs_but_zero_rows,low,0,1,0,0,0,0,0,,timestamp with time zone,now()
tournament_audit_logs,env,KEEP_PENDING,runtime_refs_but_zero_rows,low,0,1,0,0,0,0,0,,text,'prod'::text
tournament_entries,id,KEEP_KEY,key_constraint,low,9744,8,0,0,1,0,0,0,integer,nextval('app_v3.tournament_entries_id_seq'::regclass)
tournament_entries,event_id,KEEP,default_keep,low,9744,8,0,0,0,0,0,0,integer,
tournament_entries,user_id,KEEP,default_keep,low,9744,8,0,0,0,0,0,0,uuid,
tournament_entries,pairing_id,KEEP,default_keep,low,9744,8,0,0,0,0,0,0,integer,
tournament_entries,role,KEEP,default_keep,low,9744,8,0,0,0,0,0,0,USER-DEFINED,"'PARTNER'::app_v3.""TournamentEntryRole"""
tournament_entries,status,KEEP,default_keep,low,9744,8,0,0,0,0,0,0,USER-DEFINED,"'PENDING'::app_v3.""TournamentEntryStatus"""
tournament_entries,created_at,KEEP,default_keep,low,9744,8,0,0,0,0,0,0,timestamp with time zone,now()
tournament_entries,updated_at,KEEP,default_keep,low,9744,8,0,0,0,0,0,0,timestamp with time zone,now()
tournament_entries,owner_user_id,KEEP,default_keep,low,9744,8,0,0,0,0,0,0,uuid,
tournament_entries,owner_identity_id,REVIEW_COLUMN,always_null_with_data,medium,9744,8,0,0,0,0,0,1,uuid,
tournament_entries,purchase_id,KEEP_KEY,key_constraint,low,9744,8,0,0,0,0,1,0,text,
tournament_entries,emission_index,KEEP_KEY,key_constraint,low,9744,8,0,0,0,0,1,0,integer,0
tournament_entries,category_id,KEEP_KEY,key_constraint,low,9744,8,0,0,0,1,0,0,integer,
tournament_entries,env,KEEP,default_keep,low,9744,8,0,0,0,0,0,0,text,'prod'::text
tournament_groups,id,KEEP_KEY,key_constraint,low,40,3,0,0,1,0,0,0,integer,nextval('app_v3.tournament_groups_id_seq'::regclass)
tournament_groups,stage_id,KEEP_KEY,key_constraint,low,40,3,0,0,0,1,0,0,integer,
tournament_groups,name,KEEP,default_keep,low,40,3,0,0,0,0,0,0,text,
tournament_groups,order,KEEP,default_keep,low,40,3,0,0,0,0,0,0,integer,0
tournament_groups,created_at,KEEP,default_keep,low,40,3,0,0,0,0,0,0,timestamp without time zone,CURRENT_TIMESTAMP
tournament_groups,updated_at,KEEP,default_keep,low,40,3,0,0,0,0,0,0,timestamp without time zone,CURRENT_TIMESTAMP
tournament_groups,env,KEEP,default_keep,low,40,3,0,0,0,0,0,0,text,'prod'::text
tournament_matches,id,KEEP_KEY,key_constraint,low,0,14,0,0,1,0,0,,integer,nextval('app_v3.tournament_matches_id_seq'::regclass)
tournament_matches,stage_id,KEEP_KEY,key_constraint,low,0,14,0,0,0,1,0,,integer,
tournament_matches,group_id,KEEP_KEY,key_constraint,low,0,14,0,0,0,1,0,,integer,
tournament_matches,pairing1_id,KEEP_PENDING,runtime_refs_but_zero_rows,low,0,14,0,0,0,0,0,,integer,
tournament_matches,pairing2_id,KEEP_PENDING,runtime_refs_but_zero_rows,low,0,14,0,0,0,0,0,,integer,
tournament_matches,round_number,KEEP_PENDING,runtime_refs_but_zero_rows,low,0,14,0,0,0,0,0,,integer,
tournament_matches,round_label,KEEP_PENDING,runtime_refs_but_zero_rows,low,0,14,0,0,0,0,0,,text,
tournament_matches,next_match_id,KEEP_PENDING,runtime_refs_but_zero_rows,low,0,14,0,0,0,0,0,,integer,
tournament_matches,next_slot,KEEP_PENDING,runtime_refs_but_zero_rows,low,0,14,0,0,0,0,0,,integer,
tournament_matches,court_id,KEEP_PENDING,runtime_refs_but_zero_rows,low,0,14,0,0,0,0,0,,integer,
tournament_matches,start_at,KEEP_PENDING,runtime_refs_but_zero_rows,low,0,14,0,0,0,0,0,,timestamp with time zone,
tournament_matches,score,KEEP_PENDING,runtime_refs_but_zero_rows,low,0,14,0,0,0,0,0,,jsonb,'{}'::jsonb
tournament_matches,status,KEEP_PENDING,runtime_refs_but_zero_rows,low,0,14,0,0,0,0,0,,USER-DEFINED,"'PENDING'::app_v3.""TournamentMatchStatus"""
tournament_matches,created_at,KEEP_PENDING,runtime_refs_but_zero_rows,low,0,14,0,0,0,0,0,,timestamp without time zone,CURRENT_TIMESTAMP
tournament_matches,updated_at,KEEP_PENDING,runtime_refs_but_zero_rows,low,0,14,0,0,0,0,0,,timestamp without time zone,CURRENT_TIMESTAMP
tournament_matches,env,KEEP_PENDING,runtime_refs_but_zero_rows,low,0,14,0,0,0,0,0,,text,'prod'::text
tournament_stages,id,KEEP_KEY,key_constraint,low,20,8,0,0,1,0,0,0,integer,nextval('app_v3.tournament_stages_id_seq'::regclass)
tournament_stages,tournament_id,KEEP_KEY,key_constraint,low,20,8,0,0,0,1,0,0,integer,
tournament_stages,name,KEEP,default_keep,low,20,8,0,0,0,0,0,0,text,
tournament_stages,stage_type,KEEP,default_keep,low,20,8,0,0,0,0,0,0,USER-DEFINED,"'GROUPS'::app_v3.""TournamentStageType"""
tournament_stages,order,KEEP,default_keep,low,20,8,0,0,0,0,0,0,integer,0
tournament_stages,created_at,KEEP,default_keep,low,20,8,0,0,0,0,0,0,timestamp without time zone,CURRENT_TIMESTAMP
tournament_stages,updated_at,KEEP,default_keep,low,20,8,0,0,0,0,0,0,timestamp without time zone,CURRENT_TIMESTAMP
tournament_stages,env,KEEP,default_keep,low,20,8,0,0,0,0,0,0,text,'prod'::text
tournaments,id,KEEP_KEY,key_constraint,low,25,15,0,11,1,0,0,0,integer,nextval('app_v3.tournaments_id_seq'::regclass)
tournaments,event_id,KEEP_KEY,key_constraint,low,25,15,0,11,0,1,1,0,integer,
tournaments,format,KEEP,default_keep,low,25,15,0,11,0,0,0,0,USER-DEFINED,
tournaments,generation_seed,KEEP,default_keep,low,25,15,0,11,0,0,0,0,text,
tournaments,inscription_deadline_at,KEEP,default_keep,low,25,15,0,11,0,0,0,0,timestamp with time zone,
tournaments,tie_break_rules,KEEP,default_keep,low,25,15,0,11,0,0,0,0,jsonb,'{}'::jsonb
tournaments,config,KEEP,default_keep,low,25,15,0,11,0,0,0,0,jsonb,'{}'::jsonb
tournaments,created_at,KEEP,default_keep,low,25,15,0,11,0,0,0,0,timestamp without time zone,CURRENT_TIMESTAMP
tournaments,updated_at,KEEP,default_keep,low,25,15,0,11,0,0,0,0,timestamp without time zone,CURRENT_TIMESTAMP
tournaments,generated_at,KEEP,default_keep,low,25,15,0,11,0,0,0,0,timestamp with time zone,
tournaments,generated_by_user_id,KEEP_KEY,key_constraint,low,25,15,0,11,0,1,0,0,uuid,
tournaments,env,KEEP,default_keep,low,25,15,0,11,0,0,0,0,text,'prod'::text
trainer_profiles,id,KEEP_KEY,key_constraint,low,6,9,0,0,1,0,0,,integer,nextval('app_v3.trainer_profiles_id_seq'::regclass)
trainer_profiles,organization_id,KEEP_KEY,key_constraint,low,6,9,0,0,0,1,1,,integer,
trainer_profiles,user_id,KEEP_KEY,key_constraint,low,6,9,0,0,0,1,1,,uuid,
trainer_profiles,title,KEEP,default_keep,low,6,9,0,0,0,0,0,,text,
trainer_profiles,bio,KEEP,default_keep,low,6,9,0,0,0,0,0,,text,
trainer_profiles,specialties,KEEP,default_keep,low,6,9,0,0,0,0,0,,ARRAY,'{}'::text[]
trainer_profiles,certifications,KEEP,default_keep,low,6,9,0,0,0,0,0,,text,
trainer_profiles,experience_years,KEEP,default_keep,low,6,9,0,0,0,0,0,,integer,
trainer_profiles,cover_image_url,KEEP,default_keep,low,6,9,0,0,0,0,0,,text,
trainer_profiles,is_published,KEEP,default_keep,low,6,9,0,0,0,0,0,,boolean,false
trainer_profiles,created_at,KEEP,default_keep,low,6,9,0,0,0,0,0,,timestamp with time zone,now()
trainer_profiles,updated_at,KEEP,default_keep,low,6,9,0,0,0,0,0,,timestamp with time zone,now()
trainer_profiles,review_status,KEEP,default_keep,low,6,9,0,0,0,0,0,,USER-DEFINED,"'DRAFT'::app_v3.""TrainerProfileReviewStatus"""
trainer_profiles,review_note,KEEP,default_keep,low,6,9,0,0,0,0,0,,text,
trainer_profiles,review_requested_at,KEEP,default_keep,low,6,9,0,0,0,0,0,,timestamp with time zone,
trainer_profiles,reviewed_at,KEEP,default_keep,low,6,9,0,0,0,0,0,,timestamp with time zone,
trainer_profiles,reviewed_by_user_id,KEEP,default_keep,low,6,9,0,0,0,0,0,,uuid,
trainer_profiles,env,KEEP,default_keep,low,6,9,0,0,0,0,0,,text,'prod'::text
trainer_profiles,reservation_professional_id,KEEP_KEY,key_constraint,low,6,9,0,0,0,1,0,,integer,
user_activities,id,KEEP_KEY,key_constraint,low,2,1,0,0,1,0,0,,integer,nextval('app_v3.user_activities_id_seq'::regclass)
user_activities,user_id,KEEP_KEY,key_constraint,low,2,1,0,0,0,1,0,,uuid,
user_activities,type,KEEP,default_keep,low,2,1,0,0,0,0,0,,USER-DEFINED,
user_activities,visibility,KEEP,default_keep,low,2,1,0,0,0,0,0,,USER-DEFINED,"'PUBLIC'::app_v3.""Visibility"""
user_activities,metadata,KEEP,default_keep,low,2,1,0,0,0,0,0,,jsonb,'{}'::jsonb
user_activities,created_at,KEEP,default_keep,low,2,1,0,0,0,0,0,,timestamp with time zone,CURRENT_TIMESTAMP
user_activities,env,KEEP,default_keep,low,2,1,0,0,0,0,0,,text,'prod'::text
user_close_friends,env,KEEP_PENDING,runtime_refs_but_zero_rows,low,0,3,0,0,0,0,0,,text,'prod'::text
user_close_friends,user_id,KEEP_KEY,key_constraint,low,0,3,0,0,1,1,0,,uuid,
user_close_friends,friend_user_id,KEEP_KEY,key_constraint,low,0,3,0,0,1,1,0,,uuid,
user_close_friends,score,KEEP_PENDING,runtime_refs_but_zero_rows,low,0,3,0,0,0,0,0,,integer,0
user_close_friends,rank,KEEP_PENDING,runtime_refs_but_zero_rows,low,0,3,0,0,0,0,0,,integer,0
user_close_friends,computed_at,KEEP_PENDING,runtime_refs_but_zero_rows,low,0,3,0,0,0,0,0,,timestamp with time zone,
user_close_friends,expires_at,KEEP_PENDING,runtime_refs_but_zero_rows,low,0,3,0,0,0,0,0,,timestamp with time zone,
user_consents,id,KEEP_KEY,key_constraint,low,14,9,0,0,1,0,0,,uuid,gen_random_uuid()
user_consents,organization_id,KEEP_KEY,key_constraint,low,14,9,0,0,0,1,0,,integer,
user_consents,user_id,KEEP_KEY,key_constraint,low,14,9,0,0,0,1,0,,uuid,
user_consents,type,KEEP,default_keep,low,14,9,0,0,0,0,0,,USER-DEFINED,
user_consents,status,KEEP,default_keep,low,14,9,0,0,0,0,0,,USER-DEFINED,
user_consents,source,KEEP,default_keep,low,14,9,0,0,0,0,0,,text,
user_consents,granted_at,KEEP,default_keep,low,14,9,0,0,0,0,0,,timestamp with time zone,
user_consents,revoked_at,KEEP,default_keep,low,14,9,0,0,0,0,0,,timestamp with time zone,
user_consents,expires_at,KEEP,default_keep,low,14,9,0,0,0,0,0,,timestamp with time zone,
user_consents,created_at,KEEP,default_keep,low,14,9,0,0,0,0,0,,timestamp with time zone,CURRENT_TIMESTAMP
user_consents,updated_at,KEEP,default_keep,low,14,9,0,0,0,0,0,,timestamp with time zone,CURRENT_TIMESTAMP
user_consents,env,KEEP,default_keep,low,14,9,0,0,0,0,0,,text,'prod'::text
user_event_signals,env,KEEP_PENDING,runtime_refs_but_zero_rows,low,0,6,0,0,0,0,0,0,text,'prod'::text
user_event_signals,id,KEEP_KEY,key_constraint,low,0,6,0,0,1,0,0,0,uuid,gen_random_uuid()
user_event_signals,user_id,KEEP_KEY,key_constraint,low,0,6,0,0,0,1,0,0,uuid,
user_event_signals,event_id,KEEP_KEY,key_constraint,low,0,6,0,0,0,1,0,0,integer,
user_event_signals,organization_id,KEEP_KEY,key_constraint,low,0,6,0,0,0,1,0,1,integer,
user_event_signals,signal_type,KEEP_PENDING,runtime_refs_but_zero_rows,low,0,6,0,0,0,0,0,0,USER-DEFINED,
user_event_signals,signal_value,KEEP_PENDING,runtime_refs_but_zero_rows,low,0,6,0,0,0,0,0,0.744019,integer,
user_event_signals,metadata,KEEP_PENDING,runtime_refs_but_zero_rows,low,0,6,0,0,0,0,0,0,jsonb,'{}'::jsonb
user_event_signals,created_at,KEEP_PENDING,runtime_refs_but_zero_rows,low,0,6,0,0,0,0,0,0,timestamp with time zone,now()
user_identities,id,KEEP_KEY,key_constraint,low,1,4,0,0,1,0,0,,uuid,gen_random_uuid()
user_identities,user_id,KEEP_KEY,key_constraint,low,1,4,0,0,0,1,0,,uuid,
user_identities,provider,KEEP,default_keep,low,1,4,0,0,0,0,0,,text,
user_identities,provider_user_id,KEEP,default_keep,low,1,4,0,0,0,0,0,,text,
user_identities,email,KEEP,default_keep,low,1,4,0,0,0,0,0,,text,
user_identities,created_at,KEEP,default_keep,low,1,4,0,0,0,0,0,,timestamp with time zone,now()
user_identities,env,KEEP,default_keep,low,1,4,0,0,0,0,0,,text,'prod'::text
weekly_availability_templates,id,KEEP_KEY,key_constraint,low,835,18,0,12,1,0,0,0,integer,nextval('app_v3.weekly_availability_templates_id_seq'::regclass)
weekly_availability_templates,day_of_week,KEEP_KEY,key_constraint,low,835,18,0,12,0,0,1,0,integer,
weekly_availability_templates,intervals,KEEP,default_keep,low,835,18,0,12,0,0,0,0,jsonb,'[]'::jsonb
weekly_availability_templates,created_at,KEEP,default_keep,low,835,18,0,12,0,0,0,0,timestamp with time zone,now()
weekly_availability_templates,updated_at,KEEP,default_keep,low,835,18,0,12,0,0,0,0,timestamp with time zone,now()
weekly_availability_templates,env,KEEP,default_keep,low,835,18,0,12,0,0,0,0,text,'prod'::text
weekly_availability_templates,availability_id,KEEP_KEY,key_constraint,low,835,18,0,12,0,1,1,0,integer,
