table,column,ordinal_position,data_type,udt_name,is_nullable,column_default,is_pk,is_fk,is_unique,row_count,null_frac,n_distinct
activity_feed_items,id,1,uuid,uuid,NO,gen_random_uuid(),1,0,0,7,0,-1
activity_feed_items,organization_id,2,integer,int4,NO,,0,1,0,7,0,-0.125
activity_feed_items,event_id,3,uuid,uuid,NO,,0,1,0,7,0,-1
activity_feed_items,event_type,4,text,text,NO,,0,0,0,7,0,-1
activity_feed_items,actor_user_id,5,uuid,uuid,YES,,0,0,0,7,0,1
activity_feed_items,source_type,6,USER-DEFINED,SourceType,YES,,0,0,0,7,0,-0.125
activity_feed_items,source_id,7,text,text,YES,,0,0,0,7,0,-1
activity_feed_items,correlation_id,8,text,text,YES,,0,0,0,7,0,-1
activity_feed_items,created_at,9,timestamp with time zone,timestamptz,NO,,0,0,0,7,0,-1
activity_feed_items,env,10,text,text,NO,'prod'::text,0,0,0,7,0,1
address_lookups,env,1,text,text,NO,'prod'::text,0,0,0,4,,
address_lookups,id,2,integer,int4,NO,,1,0,0,4,,
address_lookups,address_id,3,uuid,uuid,NO,,0,0,0,4,,
address_lookups,source_provider,4,USER-DEFINED,AddressSourceProvider,NO,,0,0,0,4,,
address_lookups,source_provider_place_id,5,text,text,NO,,0,0,0,4,,
address_lookups,resolved_at,6,timestamp with time zone,timestamptz,NO,now(),0,0,0,4,,
addresses,env,1,text,text,NO,'prod'::text,0,0,0,35,0,1
addresses,id,2,uuid,uuid,NO,gen_random_uuid(),1,0,0,35,0,-1
addresses,formatted_address,3,text,text,NO,,0,0,0,35,0,-1
addresses,canonical,4,jsonb,jsonb,NO,,0,0,0,35,0,-1
addresses,lat,5,double precision,float8,NO,,0,0,0,35,0,-1
addresses,lng,6,double precision,float8,NO,,0,0,0,35,0,-1
addresses,source_provider,7,USER-DEFINED,AddressSourceProvider,NO,,0,0,0,35,0,1
addresses,source_provider_place_id,8,text,text,YES,,0,0,0,35,0,-1
addresses,confidence_score,9,integer,int4,NO,0,0,0,0,35,0,1
addresses,validation_status,10,USER-DEFINED,AddressValidationStatus,NO,"'NORMALIZED'::app_v3.""AddressValidationStatus""",0,0,0,35,0,1
addresses,address_hash,11,text,text,NO,,0,0,0,35,0,-1
addresses,created_at,12,timestamp with time zone,timestamptz,NO,now(),0,0,0,35,0,-1
addresses,updated_at,13,timestamp with time zone,timestamptz,NO,now(),0,0,0,35,0,-1
admin_mfa,env,1,text,text,NO,'prod'::text,0,0,0,0,,
admin_mfa,id,2,uuid,uuid,NO,gen_random_uuid(),1,0,0,0,,
admin_mfa,user_id,3,uuid,uuid,NO,,0,1,0,0,,
admin_mfa,secret_enc,4,text,text,NO,,0,0,0,0,,
admin_mfa,secret_iv,5,text,text,NO,,0,0,0,0,,
admin_mfa,secret_tag,6,text,text,NO,,0,0,0,0,,
admin_mfa,recovery_codes,7,jsonb,jsonb,YES,,0,0,0,0,,
admin_mfa,enabled_at,8,timestamp with time zone,timestamptz,YES,,0,0,0,0,,
admin_mfa,created_at,9,timestamp with time zone,timestamptz,NO,now(),0,0,0,0,,
admin_mfa,updated_at,10,timestamp with time zone,timestamptz,NO,now(),0,0,0,0,,
agenda_arbitration_compensation_attempts,env,1,text,text,NO,'prod'::text,0,0,0,0,,
agenda_arbitration_compensation_attempts,id,2,uuid,uuid,NO,gen_random_uuid(),1,0,0,0,,
agenda_arbitration_compensation_attempts,arbitration_decision_id,3,uuid,uuid,NO,,0,1,0,0,,
agenda_arbitration_compensation_attempts,attempt_no,4,integer,int4,NO,,0,0,0,0,,
agenda_arbitration_compensation_attempts,status,5,USER-DEFINED,AgendaArbitrationCompensationAttemptStatus,NO,,0,0,0,0,,
agenda_arbitration_compensation_attempts,error_code,6,text,text,YES,,0,0,0,0,,
agenda_arbitration_compensation_attempts,created_at,7,timestamp with time zone,timestamptz,NO,now(),0,0,0,0,,
agenda_arbitration_decisions,env,1,text,text,NO,'prod'::text,0,0,0,0,,
agenda_arbitration_decisions,id,2,uuid,uuid,NO,gen_random_uuid(),1,0,0,0,,
agenda_arbitration_decisions,resource_key,3,text,text,NO,,0,0,0,0,,
agenda_arbitration_decisions,authority_org_id,4,integer,int4,NO,,0,0,0,0,,
agenda_arbitration_decisions,priority_rule_version,5,text,text,NO,,0,0,0,0,,
agenda_arbitration_decisions,input_hash,6,text,text,NO,,0,0,0,0,,
agenda_arbitration_decisions,decision,7,text,text,NO,,0,0,0,0,,
agenda_arbitration_decisions,rule_applied,8,text,text,NO,,0,0,0,0,,
agenda_arbitration_decisions,winner_claim_id,9,uuid,uuid,YES,,0,0,0,0,,
agenda_arbitration_decisions,blocked_claim_id,10,uuid,uuid,YES,,0,0,0,0,,
agenda_arbitration_decisions,reason_code,11,text,text,YES,,0,0,0,0,,
agenda_arbitration_decisions,actor_user_id,12,uuid,uuid,YES,,0,0,0,0,,
agenda_arbitration_decisions,actor_organization_id,13,integer,int4,YES,,0,0,0,0,,
agenda_arbitration_decisions,bundle_id,14,uuid,uuid,YES,,0,0,0,0,,
agenda_arbitration_decisions,compensation_status,15,USER-DEFINED,AgendaArbitrationCompensationStatus,YES,,0,0,0,0,,
agenda_arbitration_decisions,correlation_id,16,text,text,YES,,0,0,0,0,,
agenda_arbitration_decisions,metadata,17,jsonb,jsonb,NO,'{}'::jsonb,0,0,0,0,,
agenda_arbitration_decisions,created_at,18,timestamp with time zone,timestamptz,NO,now(),0,0,0,0,,
agenda_arbitration_decisions,updated_at,19,timestamp with time zone,timestamptz,NO,now(),0,0,0,0,,
agenda_items,id,1,uuid,uuid,NO,gen_random_uuid(),1,0,0,119,0,-1
agenda_items,organization_id,2,integer,int4,NO,,0,1,0,119,0,1
agenda_items,source_type,3,USER-DEFINED,SourceType,NO,,0,0,0,119,0,1
agenda_items,source_id,4,text,text,NO,,0,0,0,119,0,-1
agenda_items,title,5,text,text,NO,,0,0,0,119,0,3
agenda_items,starts_at,6,timestamp with time zone,timestamptz,NO,,0,0,0,119,0,-0.678571
agenda_items,ends_at,7,timestamp with time zone,timestamptz,NO,,0,0,0,119,0,-0.669643
agenda_items,status,8,text,text,NO,,0,0,0,119,0,2
agenda_items,last_event_id,9,uuid,uuid,NO,,0,0,0,119,0,-1
agenda_items,updated_at,10,timestamp with time zone,timestamptz,NO,now(),0,0,0,119,0,-1
agenda_items,env,11,text,text,NO,'prod'::text,0,0,0,119,0,1
agenda_items,padel_club_id,12,integer,int4,YES,,0,1,0,119,0.982143,1
agenda_items,court_id,13,integer,int4,YES,,0,1,0,119,0.982143,-0.0178571
agenda_items,resource_id,14,integer,int4,YES,,0,0,0,119,1,0
agenda_items,professional_id,15,integer,int4,YES,,0,0,0,119,1,0
agenda_resource_claims,id,1,uuid,uuid,NO,gen_random_uuid(),1,0,0,0,,
agenda_resource_claims,env,2,text,text,NO,'prod'::text,0,0,0,0,,
agenda_resource_claims,organization_id,3,integer,int4,NO,,0,1,0,0,,
agenda_resource_claims,event_id,4,integer,int4,YES,,0,1,0,0,,
agenda_resource_claims,source_type,5,USER-DEFINED,SourceType,NO,,0,0,0,0,,
agenda_resource_claims,source_id,6,text,text,NO,,0,0,0,0,,
agenda_resource_claims,resource_type,7,USER-DEFINED,AgendaResourceClaimType,NO,,0,0,0,0,,
agenda_resource_claims,resource_id,8,text,text,NO,,0,0,0,0,,
agenda_resource_claims,starts_at,9,timestamp with time zone,timestamptz,NO,,0,0,0,0,,
agenda_resource_claims,ends_at,10,timestamp with time zone,timestamptz,NO,,0,0,0,0,,
agenda_resource_claims,status,11,USER-DEFINED,AgendaResourceClaimStatus,NO,"'CLAIMED'::app_v3.""AgendaResourceClaimStatus""",0,0,0,0,,
agenda_resource_claims,metadata,12,jsonb,jsonb,YES,'{}'::jsonb,0,0,0,0,,
agenda_resource_claims,created_at,13,timestamp with time zone,timestamptz,NO,now(),0,0,0,0,,
agenda_resource_claims,updated_at,14,timestamp with time zone,timestamptz,NO,now(),0,0,0,0,,
agenda_resource_claims,bundle_id,15,uuid,uuid,YES,,0,0,0,0,,
agenda_resource_claims,authority_org_id,16,integer,int4,NO,,0,0,0,0,,
agenda_resource_claims,resource_key,17,text,text,NO,,0,0,0,0,,
analytics_rollups,id,1,integer,int4,NO,,1,0,0,756,0,-1
analytics_rollups,organization_id,2,integer,int4,NO,,0,1,0,756,0,2
analytics_rollups,bucket_date,3,date,date,NO,,0,0,0,756,0,45
analytics_rollups,metric_key,4,USER-DEFINED,AnalyticsMetricKey,NO,,0,0,0,756,0,4
analytics_rollups,dimension_key,5,USER-DEFINED,AnalyticsDimensionKey,NO,,0,0,0,756,0,4
analytics_rollups,dimension_value,6,text,text,NO,,0,0,0,756,0,8
analytics_rollups,value,7,integer,int4,NO,,0,0,0,756,0,-0.164021
analytics_rollups,created_at,8,timestamp with time zone,timestamptz,NO,now(),0,0,0,756,0,-1
analytics_rollups,updated_at,9,timestamp with time zone,timestamptz,NO,now(),0,0,0,756,0,-1
analytics_rollups,env,10,text,text,NO,'prod'::text,0,0,0,756,0,1
availability_change_conflicts,id,1,integer,int4,NO,nextval('app_v3.availability_change_conflicts_id_seq'::regclass),1,0,0,0,,
availability_change_conflicts,env,2,text,text,NO,'prod'::text,0,0,0,0,,
availability_change_conflicts,change_set_id,3,integer,int4,NO,,0,1,0,0,,
availability_change_conflicts,organization_id,4,integer,int4,NO,,0,1,0,0,,
availability_change_conflicts,status,5,USER-DEFINED,AvailabilityConflictStatus,NO,"'OPEN'::app_v3.""AvailabilityConflictStatus""",0,0,0,0,,
availability_change_conflicts,entity_type,6,USER-DEFINED,AvailabilityConflictEntityType,NO,,0,0,0,0,,
availability_change_conflicts,entity_id,7,integer,int4,NO,,0,0,0,0,,
availability_change_conflicts,scope_type,8,USER-DEFINED,AvailabilityScopeType,NO,"'ORGANIZATION'::app_v3.""AvailabilityScopeType""",0,0,0,0,,
availability_change_conflicts,scope_id,9,integer,int4,NO,0,0,0,0,0,,
availability_change_conflicts,starts_at,10,timestamp with time zone,timestamptz,NO,,0,0,0,0,,
availability_change_conflicts,ends_at,11,timestamp with time zone,timestamptz,NO,,0,0,0,0,,
availability_change_conflicts,reason_code,12,text,text,YES,,0,0,0,0,,
availability_change_conflicts,resolution_action,13,USER-DEFINED,AvailabilityConflictResolutionAction,YES,,0,0,0,0,,
availability_change_conflicts,resolved_at,14,timestamp with time zone,timestamptz,YES,,0,0,0,0,,
availability_change_conflicts,details,15,jsonb,jsonb,YES,,0,0,0,0,,
availability_change_conflicts,created_at,16,timestamp with time zone,timestamptz,NO,now(),0,0,0,0,,
availability_change_conflicts,updated_at,17,timestamp with time zone,timestamptz,NO,now(),0,0,0,0,,
availability_change_sets,id,1,integer,int4,NO,nextval('app_v3.availability_change_sets_id_seq'::regclass),1,0,0,0,,
availability_change_sets,env,2,text,text,NO,'prod'::text,0,0,0,0,,
availability_change_sets,organization_id,3,integer,int4,NO,,0,1,0,0,,
availability_change_sets,scope_type,4,USER-DEFINED,AvailabilityScopeType,NO,"'ORGANIZATION'::app_v3.""AvailabilityScopeType""",0,0,0,0,,
availability_change_sets,scope_id,5,integer,int4,NO,0,0,0,0,0,,
availability_change_sets,schedule_id,6,integer,int4,YES,,0,1,0,0,,
availability_change_sets,status,7,USER-DEFINED,AvailabilityChangeSetStatus,NO,"'PENDING'::app_v3.""AvailabilityChangeSetStatus""",0,0,0,0,,
availability_change_sets,requested_by_user_id,8,uuid,uuid,YES,,0,1,0,0,,
availability_change_sets,draft_payload,9,jsonb,jsonb,NO,,0,0,0,0,,
availability_change_sets,preflight_summary,10,jsonb,jsonb,YES,,0,0,0,0,,
availability_change_sets,applied_at,11,timestamp with time zone,timestamptz,YES,,0,0,0,0,,
availability_change_sets,cancelled_at,12,timestamp with time zone,timestamptz,YES,,0,0,0,0,,
availability_change_sets,created_at,13,timestamp with time zone,timestamptz,NO,now(),0,0,0,0,,
availability_change_sets,updated_at,14,timestamp with time zone,timestamptz,NO,now(),0,0,0,0,,
availability_overrides,id,1,integer,int4,NO,nextval('app_v3.availability_overrides_id_seq'::regclass),1,0,0,31,0,-1
availability_overrides,organization_id,2,integer,int4,NO,,0,1,1,31,0,1
availability_overrides,date,3,date,date,NO,,0,0,1,31,0,-0.580645
availability_overrides,kind,4,USER-DEFINED,AvailabilityOverrideKind,NO,,0,0,0,31,0,2
availability_overrides,intervals,5,jsonb,jsonb,YES,'[]'::jsonb,0,0,0,31,0,3
availability_overrides,created_at,6,timestamp with time zone,timestamptz,NO,now(),0,0,0,31,0,1
availability_overrides,updated_at,7,timestamp with time zone,timestamptz,NO,now(),0,0,0,31,0,1
availability_overrides,scope_type,8,USER-DEFINED,AvailabilityScopeType,NO,"'ORGANIZATION'::app_v3.""AvailabilityScopeType""",0,0,1,31,0,2
availability_overrides,scope_id,9,integer,int4,NO,0,0,0,1,31,0,-0.580645
availability_overrides,env,10,text,text,NO,'prod'::text,0,0,0,31,0,1
availability_schedules,id,1,integer,int4,NO,nextval('app_v3.availability_schedules_id_seq'::regclass),1,0,0,137,0,-1
availability_schedules,env,2,text,text,NO,'prod'::text,0,0,0,137,0,1
availability_schedules,organization_id,3,integer,int4,NO,,0,1,0,137,0,7
availability_schedules,scope_type,4,USER-DEFINED,AvailabilityScopeType,NO,"'ORGANIZATION'::app_v3.""AvailabilityScopeType""",0,0,0,137,0,3
availability_schedules,scope_id,5,integer,int4,NO,0,0,0,0,137,0,-0.934307
availability_schedules,start_date,6,date,date,NO,,0,0,0,137,0,2
availability_schedules,end_date,7,date,date,YES,,0,0,0,137,1,0
availability_schedules,created_at,8,timestamp with time zone,timestamptz,NO,now(),0,0,0,137,0,-0.927007
availability_schedules,updated_at,9,timestamp with time zone,timestamptz,NO,now(),0,0,0,137,0,-0.927007
booking_addons,env,1,text,text,NO,'prod'::text,0,0,0,0,,
booking_addons,id,2,integer,int4,NO,,1,0,0,0,,
booking_addons,booking_id,3,integer,int4,NO,,0,1,0,0,,
booking_addons,addon_id,4,integer,int4,YES,,0,1,0,0,,
booking_addons,label,5,text,text,NO,,0,0,0,0,,
booking_addons,delta_minutes,6,integer,int4,NO,0,0,0,0,0,,
booking_addons,delta_price_cents,7,integer,int4,NO,0,0,0,0,0,,
booking_addons,quantity,8,integer,int4,NO,1,0,0,0,0,,
booking_addons,sort_order,9,integer,int4,NO,0,0,0,0,0,,
booking_addons,created_at,10,timestamp with time zone,timestamptz,NO,now(),0,0,0,0,,
booking_change_requests,env,1,text,text,NO,'prod'::text,0,0,0,0,,
booking_change_requests,id,2,integer,int4,NO,nextval('app_v3.booking_change_requests_id_seq'::regclass),1,0,0,0,,
booking_change_requests,booking_id,3,integer,int4,NO,,0,1,0,0,,
booking_change_requests,organization_id,4,integer,int4,NO,,0,1,0,0,,
booking_change_requests,requested_by,5,USER-DEFINED,BookingChangeRequestedBy,NO,,0,0,0,0,,
booking_change_requests,requested_by_user_id,6,uuid,uuid,YES,,0,0,0,0,,
booking_change_requests,status,7,USER-DEFINED,BookingChangeRequestStatus,NO,"'PENDING'::app_v3.""BookingChangeRequestStatus""",0,0,0,0,,
booking_change_requests,proposed_starts_at,8,timestamp with time zone,timestamptz,NO,,0,0,0,0,,
booking_change_requests,proposed_court_id,9,integer,int4,YES,,0,1,0,0,,
booking_change_requests,proposed_professional_id,10,integer,int4,YES,,0,1,0,0,,
booking_change_requests,proposed_resource_id,11,integer,int4,YES,,0,1,0,0,,
booking_change_requests,price_delta_cents,12,integer,int4,NO,,0,0,0,0,,
booking_change_requests,currency,13,text,text,NO,'EUR'::text,0,0,0,0,,
booking_change_requests,expires_at,14,timestamp with time zone,timestamptz,NO,,0,0,0,0,,
booking_change_requests,responded_at,15,timestamp with time zone,timestamptz,YES,,0,0,0,0,,
booking_change_requests,responded_by_user_id,16,uuid,uuid,YES,,0,0,0,0,,
booking_change_requests,created_at,17,timestamp with time zone,timestamptz,NO,now(),0,0,0,0,,
booking_change_requests,updated_at,18,timestamp with time zone,timestamptz,NO,now(),0,0,0,0,,
booking_charges,id,1,integer,int4,NO,nextval('app_v3.booking_charges_id_seq'::regclass),1,0,0,45,0,-1
booking_charges,env,2,text,text,NO,'prod'::text,0,0,0,45,0,1
booking_charges,booking_id,3,integer,int4,NO,,0,1,0,45,0,-1
booking_charges,organization_id,4,integer,int4,NO,,0,1,0,45,0,1
booking_charges,created_by_user_id,5,uuid,uuid,YES,,0,1,0,45,0,1
booking_charges,token,6,text,text,NO,,0,0,0,45,0,-1
booking_charges,kind,7,USER-DEFINED,BookingChargeKind,NO,"'EXTRA'::app_v3.""BookingChargeKind""",0,0,0,45,0,1
booking_charges,payer_kind,8,USER-DEFINED,BookingChargePayerKind,NO,"'ORGANIZER'::app_v3.""BookingChargePayerKind""",0,0,0,45,0,1
booking_charges,status,9,USER-DEFINED,BookingChargeStatus,NO,"'OPEN'::app_v3.""BookingChargeStatus""",0,0,0,45,0,-0.117647
booking_charges,label,10,text,text,YES,,0,0,0,45,0,1
booking_charges,amount_cents,11,integer,int4,NO,,0,0,0,45,0,1
booking_charges,currency,12,text,text,NO,'EUR'::text,0,0,0,45,0,1
booking_charges,payment_intent_id,13,text,text,YES,,0,0,0,45,1,0
booking_charges,payment_id,14,text,text,YES,,0,0,0,45,1,0
booking_charges,paid_at,15,timestamp with time zone,timestamptz,YES,,0,0,0,45,0.470588,-0.529412
booking_charges,created_at,16,timestamp with time zone,timestamptz,NO,now(),0,0,0,45,0,-1
booking_charges,updated_at,17,timestamp with time zone,timestamptz,NO,now(),0,0,0,45,0,-1
booking_invites,env,1,text,text,NO,'prod'::text,0,0,0,0,,
booking_invites,id,2,integer,int4,NO,,1,0,0,0,,
booking_invites,booking_id,3,integer,int4,NO,,0,1,0,0,,
booking_invites,organization_id,4,integer,int4,NO,,0,1,0,0,,
booking_invites,invited_by_user_id,5,uuid,uuid,NO,,0,1,0,0,,
booking_invites,token,6,text,text,NO,,0,0,1,0,,
booking_invites,target_name,7,text,text,YES,,0,0,0,0,,
booking_invites,target_contact,8,USER-DEFINED,citext,YES,,0,0,0,0,,
booking_invites,message,9,text,text,YES,,0,0,0,0,,
booking_invites,status,10,USER-DEFINED,BookingInviteStatus,NO,"'PENDING'::app_v3.""BookingInviteStatus""",0,0,0,0,,
booking_invites,responded_at,11,timestamp with time zone,timestamptz,YES,,0,0,0,0,,
booking_invites,created_at,12,timestamp with time zone,timestamptz,NO,now(),0,0,0,0,,
booking_invites,updated_at,13,timestamp with time zone,timestamptz,NO,now(),0,0,0,0,,
booking_packages,env,1,text,text,NO,'prod'::text,0,0,0,0,,
booking_packages,id,2,integer,int4,NO,,1,0,0,0,,
booking_packages,booking_id,3,integer,int4,NO,,0,1,1,0,,
booking_packages,package_id,4,integer,int4,YES,,0,1,0,0,,
booking_packages,label,5,text,text,NO,,0,0,0,0,,
booking_packages,duration_minutes,6,integer,int4,NO,,0,0,0,0,,
booking_packages,price_cents,7,integer,int4,NO,,0,0,0,0,,
booking_packages,created_at,8,timestamp with time zone,timestamptz,NO,now(),0,0,0,0,,
booking_participants,id,1,integer,int4,NO,nextval('app_v3.booking_participants_id_seq'::regclass),1,0,0,194,0,-1
booking_participants,env,2,text,text,NO,'prod'::text,0,0,0,194,0,1
booking_participants,booking_id,3,integer,int4,NO,,0,1,0,194,0,-0.544218
booking_participants,invite_id,4,integer,int4,YES,,0,1,1,194,1,0
booking_participants,user_id,5,uuid,uuid,YES,,0,1,0,194,0,13
booking_participants,name,6,text,text,YES,,0,0,0,194,0,13
booking_participants,contact,7,USER-DEFINED,citext,YES,,0,0,0,194,0,13
booking_participants,status,8,USER-DEFINED,BookingParticipantStatus,NO,"'CONFIRMED'::app_v3.""BookingParticipantStatus""",0,0,0,194,0,1
booking_participants,created_at,9,timestamp with time zone,timestamptz,NO,now(),0,0,0,194,0,-0.544218
booking_participants,updated_at,10,timestamp with time zone,timestamptz,NO,now(),0,0,0,194,0,-0.544218
booking_policy_refs,id,1,integer,int4,NO,nextval('app_v3.booking_policy_refs_id_seq'::regclass),1,0,0,2,,
booking_policy_refs,booking_id,2,integer,int4,NO,,0,1,0,2,,
booking_policy_refs,policy_id,3,integer,int4,NO,,0,1,0,2,,
booking_policy_refs,created_at,4,timestamp with time zone,timestamptz,NO,CURRENT_TIMESTAMP,0,0,0,2,,
booking_policy_refs,env,5,text,text,NO,'prod'::text,0,0,0,2,,
booking_split_debts,env,1,text,text,NO,'prod'::text,0,0,0,0,,
booking_split_debts,id,2,integer,int4,NO,,1,0,0,0,,
booking_split_debts,split_id,3,integer,int4,NO,,0,1,1,0,,
booking_split_debts,booking_id,4,integer,int4,NO,,0,1,0,0,,
booking_split_debts,organization_id,5,integer,int4,NO,,0,1,0,0,,
booking_split_debts,currency,6,text,text,NO,'EUR'::text,0,0,0,0,,
booking_split_debts,outstanding_cents,7,integer,int4,NO,,0,0,0,0,,
booking_split_debts,opened_at,8,timestamp with time zone,timestamptz,NO,now(),0,0,0,0,,
booking_split_debts,settled_at,9,timestamp with time zone,timestamptz,YES,,0,0,0,0,,
booking_split_debts,metadata,10,jsonb,jsonb,YES,'{}'::jsonb,0,0,0,0,,
booking_split_hold_attempts,env,1,text,text,NO,'prod'::text,0,0,0,0,,
booking_split_hold_attempts,id,2,integer,int4,NO,,1,0,0,0,,
booking_split_hold_attempts,split_id,3,integer,int4,NO,,0,1,0,0,,
booking_split_hold_attempts,attempt_no,4,integer,int4,NO,,0,0,0,0,,
booking_split_hold_attempts,status,5,USER-DEFINED,BookingSplitHoldAttemptStatus,NO,,0,0,0,0,,
booking_split_hold_attempts,previous_capture_before_at,6,timestamp with time zone,timestamptz,YES,,0,0,0,0,,
booking_split_hold_attempts,next_capture_before_at,7,timestamp with time zone,timestamptz,YES,,0,0,0,0,,
booking_split_hold_attempts,error_code,8,text,text,YES,,0,0,0,0,,
booking_split_hold_attempts,metadata,9,jsonb,jsonb,YES,'{}'::jsonb,0,0,0,0,,
booking_split_hold_attempts,created_at,10,timestamp with time zone,timestamptz,NO,now(),0,0,0,0,,
booking_split_offsession_attempts,env,1,text,text,NO,'prod'::text,0,0,0,0,,
booking_split_offsession_attempts,id,2,integer,int4,NO,,1,0,0,0,,
booking_split_offsession_attempts,split_id,3,integer,int4,NO,,0,1,0,0,,
booking_split_offsession_attempts,participant_id,4,integer,int4,NO,,0,1,0,0,,
booking_split_offsession_attempts,attempt_no,5,integer,int4,NO,,0,0,0,0,,
booking_split_offsession_attempts,status,6,USER-DEFINED,BookingSplitOffsessionAttemptStatus,NO,,0,0,0,0,,
booking_split_offsession_attempts,payment_intent_id,7,text,text,YES,,0,0,0,0,,
booking_split_offsession_attempts,error_code,8,text,text,YES,,0,0,0,0,,
booking_split_offsession_attempts,created_at,9,timestamp with time zone,timestamptz,NO,now(),0,0,0,0,,
booking_split_participants,env,1,text,text,NO,'prod'::text,0,0,0,0,,
booking_split_participants,id,2,integer,int4,NO,nextval('app_v3.booking_split_participants_id_seq'::regclass),1,0,0,0,,
booking_split_participants,split_id,3,integer,int4,NO,,0,1,0,0,,
booking_split_participants,invite_id,4,integer,int4,YES,,0,1,1,0,,
booking_split_participants,user_id,5,uuid,uuid,YES,,0,1,0,0,,
booking_split_participants,name,6,text,text,YES,,0,0,0,0,,
booking_split_participants,contact,7,USER-DEFINED,citext,YES,,0,0,0,0,,
booking_split_participants,base_share_cents,8,integer,int4,NO,,0,0,0,0,,
booking_split_participants,share_cents,9,integer,int4,NO,,0,0,0,0,,
booking_split_participants,platform_fee_cents,10,integer,int4,NO,0,0,0,0,0,,
booking_split_participants,status,11,USER-DEFINED,BookingSplitParticipantStatus,NO,"'PENDING'::app_v3.""BookingSplitParticipantStatus""",0,0,0,0,,
booking_split_participants,payment_intent_id,12,text,text,YES,,0,0,0,0,,
booking_split_participants,paid_at,13,timestamp with time zone,timestamptz,YES,,0,0,0,0,,
booking_split_participants,created_at,14,timestamp with time zone,timestamptz,NO,now(),0,0,0,0,,
booking_split_participants,updated_at,15,timestamp with time zone,timestamptz,NO,now(),0,0,0,0,,
booking_split_participants,offsession_payment_method_id,16,text,text,YES,,0,0,0,0,,
booking_split_participants,offsession_customer_id,17,text,text,YES,,0,0,0,0,,
booking_split_participants,active_share_attempt_id,18,integer,int4,YES,,0,1,0,0,,
booking_split_settlement_snapshots,env,1,text,text,NO,'prod'::text,0,0,0,0,,
booking_split_settlement_snapshots,id,2,uuid,uuid,NO,gen_random_uuid(),1,0,0,0,,
booking_split_settlement_snapshots,split_id,3,integer,int4,NO,,0,1,1,0,,
booking_split_settlement_snapshots,booking_id,4,integer,int4,NO,,0,1,0,0,,
booking_split_settlement_snapshots,organization_id,5,integer,int4,NO,,0,1,0,0,,
booking_split_settlement_snapshots,snapshot_hash,6,text,text,NO,,0,0,0,0,,
booking_split_settlement_snapshots,snapshot,7,jsonb,jsonb,NO,,0,0,0,0,,
booking_split_settlement_snapshots,computed_at,8,timestamp with time zone,timestamptz,NO,,0,0,0,0,,
booking_split_settlement_snapshots,created_at,9,timestamp with time zone,timestamptz,NO,now(),0,0,0,0,,
booking_split_share_attempts,env,1,text,text,NO,'prod'::text,0,0,0,0,,
booking_split_share_attempts,id,2,integer,int4,NO,,1,0,0,0,,
booking_split_share_attempts,participant_id,3,integer,int4,NO,,0,1,0,0,,
booking_split_share_attempts,attempt_no,4,integer,int4,NO,,0,0,0,0,,
booking_split_share_attempts,status,5,USER-DEFINED,BookingSplitShareAttemptStatus,NO,,0,0,0,0,,
booking_split_share_attempts,failure_class,6,USER-DEFINED,BookingSplitShareAttemptFailureClass,YES,,0,0,0,0,,
booking_split_share_attempts,payment_id,7,text,text,YES,,0,0,0,0,,
booking_split_share_attempts,payment_intent_id,8,text,text,YES,,0,0,0,0,,
booking_split_share_attempts,action_expire_at,9,timestamp with time zone,timestamptz,YES,,0,0,0,0,,
booking_split_share_attempts,created_at,10,timestamp with time zone,timestamptz,NO,now(),0,0,0,0,,
booking_split_share_attempts,updated_at,11,timestamp with time zone,timestamptz,NO,now(),0,0,0,0,,
booking_splits,env,1,text,text,NO,'prod'::text,0,0,0,0,,
booking_splits,id,2,integer,int4,NO,nextval('app_v3.booking_splits_id_seq'::regclass),1,0,0,0,,
booking_splits,booking_id,3,integer,int4,NO,,0,1,1,0,,
booking_splits,organization_id,4,integer,int4,NO,,0,1,0,0,,
booking_splits,created_by_user_id,5,uuid,uuid,YES,,0,1,0,0,,
booking_splits,pricing_mode,6,USER-DEFINED,BookingSplitPricingMode,NO,"'FIXED'::app_v3.""BookingSplitPricingMode""",0,0,0,0,,
booking_splits,status,7,USER-DEFINED,BookingSplitStatus,NO,"'OPEN'::app_v3.""BookingSplitStatus""",0,0,0,0,,
booking_splits,currency,8,text,text,NO,'EUR'::text,0,0,0,0,,
booking_splits,total_cents,9,integer,int4,NO,,0,0,0,0,,
booking_splits,share_cents,10,integer,int4,YES,,0,0,0,0,,
booking_splits,deadline_at,11,timestamp with time zone,timestamptz,YES,,0,0,0,0,,
booking_splits,created_at,12,timestamp with time zone,timestamptz,NO,now(),0,0,0,0,,
booking_splits,updated_at,13,timestamp with time zone,timestamptz,NO,now(),0,0,0,0,,
booking_splits,split_mode,14,USER-DEFINED,BookingSplitMode,NO,"'SPLIT_GARANTIDO'::app_v3.""BookingSplitMode""",0,0,0,0,,
booking_splits,rail_state,15,USER-DEFINED,BookingSplitRailState,NO,"'HOLD_CAPTURE'::app_v3.""BookingSplitRailState""",0,0,0,0,,
booking_splits,capture_before_at,16,timestamp with time zone,timestamptz,YES,,0,0,0,0,,
booking_splits,capture_before_source,17,USER-DEFINED,BookingSplitCaptureBeforeSource,NO,"'CANONICAL_COMPUTED_TABLE'::app_v3.""BookingSplitCaptureBeforeSource""",0,0,0,0,,
booking_splits,retry_until_at,18,timestamp with time zone,timestamptz,YES,,0,0,0,0,,
booking_splits,settled_at,19,timestamp with time zone,timestamptz,YES,,0,0,0,0,,
booking_splits,debt_opened_at,20,timestamp with time zone,timestamptz,YES,,0,0,0,0,,
booking_splits,cancel_reason,21,USER-DEFINED,BookingSplitCancelReason,YES,,0,0,0,0,,
bookings,id,1,integer,int4,NO,nextval('app_v3.bookings_id_seq'::regclass),1,0,0,154,0,-1
bookings,service_id,2,integer,int4,NO,,0,1,0,154,0,3
bookings,organization_id,3,integer,int4,NO,,0,1,0,154,0,1
bookings,user_id,4,uuid,uuid,YES,,0,1,0,154,0,-0.65
bookings,payment_intent_id,6,text,text,YES,,0,0,0,154,1,0
bookings,starts_at,7,timestamp with time zone,timestamptz,NO,,0,0,0,154,0,-1
bookings,duration_minutes,8,integer,int4,NO,,0,0,0,154,0,2
bookings,price,9,integer,int4,NO,,0,0,0,154,0,3
bookings,currency,10,text,text,NO,'EUR'::text,0,0,0,154,0,1
bookings,status,11,USER-DEFINED,BookingStatus,NO,"'PENDING_CONFIRMATION'::app_v3.""BookingStatus""",0,0,0,154,0,3
bookings,created_at,12,timestamp with time zone,timestamptz,NO,CURRENT_TIMESTAMP,0,0,0,154,0,-1
bookings,updated_at,13,timestamp with time zone,timestamptz,NO,CURRENT_TIMESTAMP,0,0,0,154,0,-1
bookings,court_id,14,integer,int4,YES,,0,1,0,154,0.333333,8
bookings,pending_expires_at,15,timestamp with time zone,timestamptz,YES,,0,0,0,154,1,0
bookings,snapshot_timezone,16,text,text,NO,'Europe/Lisbon'::text,0,0,0,154,0,1
bookings,location_mode,17,USER-DEFINED,ServiceLocationMode,NO,"'FIXED'::app_v3.""ServiceLocationMode""",0,0,0,154,0,1
bookings,assignment_mode,19,USER-DEFINED,ReservationAssignmentMode,NO,"'PROFESSIONAL_ONLY'::app_v3.""ReservationAssignmentMode""",0,0,0,154,0,3
bookings,professional_id,20,integer,int4,YES,,0,1,0,154,0.333333,10
bookings,resource_id,21,integer,int4,YES,,0,1,0,154,0.333333,8
bookings,party_size,22,integer,int4,YES,,0,0,0,154,0,4
bookings,confirmation_snapshot,23,jsonb,jsonb,YES,,0,0,0,154,1,0
bookings,confirmation_snapshot_version,24,integer,int4,YES,,0,0,0,154,1,0
bookings,confirmation_snapshot_created_at,25,timestamp with time zone,timestamptz,YES,,0,0,0,154,1,0
bookings,env,26,text,text,NO,'prod'::text,0,0,0,154,0,1
bookings,guest_email,27,USER-DEFINED,citext,YES,,0,0,0,154,1,0
bookings,guest_name,28,text,text,YES,,0,0,0,154,1,0
bookings,guest_phone,29,text,text,YES,,0,0,0,154,1,0
bookings,address_id,30,uuid,uuid,YES,,0,0,0,154,0,1
chat_access_grants,env,1,text,text,NO,'prod'::text,0,0,0,5,,
chat_access_grants,id,2,uuid,uuid,NO,gen_random_uuid(),1,0,0,5,,
chat_access_grants,kind,3,USER-DEFINED,ChatAccessGrantKind,NO,,0,0,0,5,,
chat_access_grants,status,4,USER-DEFINED,ChatAccessGrantStatus,NO,"'PENDING'::app_v3.""ChatAccessGrantStatus""",0,0,0,5,,
chat_access_grants,context_type,5,USER-DEFINED,ChatConversationContextType,YES,,0,0,0,5,,
chat_access_grants,context_id,6,text,text,YES,,0,0,0,5,,
chat_access_grants,conversation_id,7,uuid,uuid,YES,,0,0,0,5,,
chat_access_grants,organization_id,8,integer,int4,YES,,0,0,0,5,,
chat_access_grants,requester_id,9,uuid,uuid,YES,,0,0,0,5,,
chat_access_grants,target_user_id,10,uuid,uuid,YES,,0,0,0,5,,
chat_access_grants,target_organization_id,11,integer,int4,YES,,0,0,0,5,,
chat_access_grants,event_id,12,integer,int4,YES,,0,0,0,5,,
chat_access_grants,entitlement_id,13,uuid,uuid,YES,,0,0,0,5,,
chat_access_grants,thread_id,14,uuid,uuid,YES,,0,0,0,5,,
chat_access_grants,title,15,text,text,YES,,0,0,0,5,,
chat_access_grants,source_table,16,text,text,YES,,0,0,0,5,,
chat_access_grants,source_id,17,uuid,uuid,YES,,0,0,0,5,,
chat_access_grants,expires_at,18,timestamp with time zone,timestamptz,YES,,0,0,0,5,,
chat_access_grants,resolved_at,19,timestamp with time zone,timestamptz,YES,,0,0,0,5,,
chat_access_grants,resolved_by_user_id,20,uuid,uuid,YES,,0,0,0,5,,
chat_access_grants,accepted_at,21,timestamp with time zone,timestamptz,YES,,0,0,0,5,,
chat_access_grants,declined_at,22,timestamp with time zone,timestamptz,YES,,0,0,0,5,,
chat_access_grants,cancelled_at,23,timestamp with time zone,timestamptz,YES,,0,0,0,5,,
chat_access_grants,revoked_at,24,timestamp with time zone,timestamptz,YES,,0,0,0,5,,
chat_access_grants,metadata,25,jsonb,jsonb,YES,'{}'::jsonb,0,0,0,5,,
chat_access_grants,created_at,26,timestamp with time zone,timestamptz,NO,now(),0,0,0,5,,
chat_access_grants,updated_at,27,timestamp with time zone,timestamptz,NO,now(),0,0,0,5,,
chat_conversation_attachments,id,1,uuid,uuid,NO,gen_random_uuid(),1,0,0,0,,
chat_conversation_attachments,message_id,2,uuid,uuid,NO,,0,1,0,0,,
chat_conversation_attachments,type,3,USER-DEFINED,ChatAttachmentType,NO,,0,0,0,0,,
chat_conversation_attachments,url,4,text,text,NO,,0,0,0,0,,
chat_conversation_attachments,mime,5,text,text,NO,,0,0,0,0,,
chat_conversation_attachments,size,6,integer,int4,NO,,0,0,0,0,,
chat_conversation_attachments,metadata,7,jsonb,jsonb,YES,'{}'::jsonb,0,0,0,0,,
chat_conversation_attachments,created_at,8,timestamp with time zone,timestamptz,NO,now(),0,0,0,0,,
chat_conversation_attachments,storage_path,9,text,text,YES,,0,0,0,0,,
chat_conversation_attachments,width,10,integer,int4,YES,,0,0,0,0,,
chat_conversation_attachments,height,11,integer,int4,YES,,0,0,0,0,,
chat_conversation_attachments,env,12,text,text,NO,'prod'::text,0,0,0,0,,
chat_conversation_members,conversation_id,1,uuid,uuid,NO,,1,1,0,114,0,9
chat_conversation_members,user_id,2,uuid,uuid,NO,,1,1,0,114,0,-0.298246
chat_conversation_members,role,3,USER-DEFINED,ChatConversationMemberRole,NO,"'MEMBER'::app_v3.""ChatConversationMemberRole""",0,0,0,114,0,2
chat_conversation_members,joined_at,4,timestamp with time zone,timestamptz,NO,now(),0,0,0,114,0,9
chat_conversation_members,muted_until,5,timestamp with time zone,timestamptz,YES,,0,0,0,114,1,0
chat_conversation_members,last_read_message_id,6,uuid,uuid,YES,,0,1,0,114,0.991228,-0.00877196
chat_conversation_members,organization_id,7,integer,int4,YES,,0,0,0,114,0.0350877,1
chat_conversation_members,notif_level,8,USER-DEFINED,ChatConversationNotificationLevel,NO,"'ALL'::app_v3.""ChatConversationNotificationLevel""",0,0,0,114,0,1
chat_conversation_members,last_read_at,9,timestamp with time zone,timestamptz,YES,,0,0,0,114,0.991228,-0.00877196
chat_conversation_members,env,10,text,text,NO,'prod'::text,0,0,0,114,0,1
chat_conversation_members,display_as,11,USER-DEFINED,ChatMemberDisplayAs,NO,"'ORGANIZATION'::app_v3.""ChatMemberDisplayAs""",0,0,0,114,0,1
chat_conversation_members,hidden_from_customer,12,boolean,bool,NO,false,0,0,0,114,0,1
chat_conversation_members,left_at,13,timestamp with time zone,timestamptz,YES,,0,0,0,114,1,0
chat_conversation_members,access_revoked_at,14,timestamp with time zone,timestamptz,YES,,0,0,0,114,1,0
chat_conversation_members,banned_at,15,timestamp with time zone,timestamptz,YES,,0,0,0,114,1,0
chat_conversation_messages,id,1,uuid,uuid,NO,gen_random_uuid(),1,0,0,67,0,-1
chat_conversation_messages,conversation_id,2,uuid,uuid,NO,,0,1,0,67,0,-0.119403
chat_conversation_messages,sender_id,3,uuid,uuid,YES,,0,1,0,67,0,-0.283582
chat_conversation_messages,body,4,text,text,YES,,0,0,0,67,0,-0.253731
chat_conversation_messages,client_message_id,5,text,text,NO,,0,0,0,67,0,-1
chat_conversation_messages,created_at,6,timestamp with time zone,timestamptz,NO,now(),0,0,0,67,0,-1
chat_conversation_messages,edited_at,7,timestamp with time zone,timestamptz,YES,,0,0,0,67,1,0
chat_conversation_messages,deleted_at,8,timestamp with time zone,timestamptz,YES,,0,0,0,67,1,0
chat_conversation_messages,reply_to_id,9,uuid,uuid,YES,,0,1,0,67,1,0
chat_conversation_messages,organization_id,10,integer,int4,YES,,0,0,0,67,0.0149254,1
chat_conversation_messages,kind,11,USER-DEFINED,ChatConversationMessageKind,NO,"'TEXT'::app_v3.""ChatConversationMessageKind""",0,0,0,67,0,1
chat_conversation_messages,metadata,12,jsonb,jsonb,NO,'{}'::jsonb,0,0,0,67,0,3
chat_conversation_messages,env,13,text,text,NO,'prod'::text,0,0,0,67,0,1
chat_conversations,id,1,uuid,uuid,NO,gen_random_uuid(),1,0,0,9,0,-1
chat_conversations,organization_id,2,integer,int4,YES,,0,1,0,9,0.222222,-0.111111
chat_conversations,type,3,USER-DEFINED,ChatConversationType,NO,,0,0,0,9,0,-0.222222
chat_conversations,title,4,text,text,YES,,0,0,0,9,0.222222,-0.666667
chat_conversations,created_by_user_id,5,uuid,uuid,YES,,0,1,0,9,0,-0.222222
chat_conversations,created_at,6,timestamp with time zone,timestamptz,NO,now(),0,0,0,9,0,-1
chat_conversations,last_message_at,7,timestamp with time zone,timestamptz,YES,,0,0,0,9,0.111111,-0.888889
chat_conversations,last_message_id,8,uuid,uuid,YES,,0,1,0,9,0.111111,-0.888889
chat_conversations,description,9,text,text,YES,,0,0,0,9,0.222222,-0.777778
chat_conversations,updated_at,10,timestamp with time zone,timestamptz,NO,now(),0,0,0,9,0,-1
chat_conversations,env,11,text,text,NO,'prod'::text,0,0,0,9,0,-0.111111
chat_conversations,context_type,12,USER-DEFINED,ChatConversationContextType,NO,,0,0,0,9,0,-0.333333
chat_conversations,context_id,13,text,text,YES,,0,0,0,9,0,-1
chat_conversations,customer_id,14,uuid,uuid,YES,,0,0,0,9,1,0
chat_conversations,professional_id,15,uuid,uuid,YES,,0,0,0,9,1,0
chat_conversations,open_at,16,timestamp with time zone,timestamptz,YES,,0,0,0,9,0.222222,-0.222222
chat_conversations,read_only_at,17,timestamp with time zone,timestamptz,YES,,0,0,0,9,1,0
chat_conversations,close_at,18,timestamp with time zone,timestamptz,YES,,0,0,0,9,1,0
chat_message_pins,id,1,uuid,uuid,NO,gen_random_uuid(),1,0,0,0,,
chat_message_pins,message_id,2,uuid,uuid,NO,,0,1,0,0,,
chat_message_pins,pinned_by,3,uuid,uuid,NO,,0,1,0,0,,
chat_message_pins,pinned_at,4,timestamp with time zone,timestamptz,NO,now(),0,0,0,0,,
chat_message_pins,env,5,text,text,NO,'prod'::text,0,0,0,0,,
chat_message_reactions,message_id,1,uuid,uuid,NO,,1,1,0,0,,
chat_message_reactions,user_id,2,uuid,uuid,NO,,1,1,0,0,,
chat_message_reactions,emoji,3,text,text,NO,,1,0,0,0,,
chat_message_reactions,created_at,4,timestamp with time zone,timestamptz,NO,now(),0,0,0,0,,
chat_message_reactions,env,5,text,text,NO,'prod'::text,0,0,0,0,,
chat_message_reports,id,1,uuid,uuid,NO,gen_random_uuid(),1,0,0,0,,
chat_message_reports,message_id,2,uuid,uuid,NO,,0,1,0,0,,
chat_message_reports,reporter_id,3,uuid,uuid,NO,,0,1,0,0,,
chat_message_reports,reason,4,text,text,YES,,0,0,0,0,,
chat_message_reports,metadata,5,jsonb,jsonb,YES,'{}'::jsonb,0,0,0,0,,
chat_message_reports,created_at,6,timestamp with time zone,timestamptz,NO,now(),0,0,0,0,,
chat_message_reports,env,7,text,text,NO,'prod'::text,0,0,0,0,,
chat_user_blocks,id,1,uuid,uuid,NO,gen_random_uuid(),1,0,0,0,,
chat_user_blocks,blocker_id,2,uuid,uuid,NO,,0,1,0,0,,
chat_user_blocks,blocked_id,3,uuid,uuid,NO,,0,1,0,0,,
chat_user_blocks,reason,4,text,text,YES,,0,0,0,0,,
chat_user_blocks,created_at,5,timestamp with time zone,timestamptz,NO,now(),0,0,0,0,,
chat_user_blocks,env,6,text,text,NO,'prod'::text,0,0,0,0,,
chat_user_presence,user_id,1,uuid,uuid,NO,,1,1,0,2,,
chat_user_presence,last_seen_at,2,timestamp with time zone,timestamptz,NO,,0,0,0,2,,
chat_user_presence,updated_at,3,timestamp with time zone,timestamptz,NO,now(),0,0,0,2,,
chat_user_presence,env,4,text,text,NO,'prod'::text,0,0,0,2,,
class_series,env,1,text,text,NO,'prod'::text,0,0,0,0,,
class_series,id,2,integer,int4,NO,nextval('app_v3.class_series_id_seq'::regclass),1,0,0,0,,
class_series,organization_id,3,integer,int4,NO,,0,1,0,0,,
class_series,service_id,4,integer,int4,NO,,0,1,0,0,,
class_series,court_id,5,integer,int4,YES,,0,1,0,0,,
class_series,professional_id,6,integer,int4,YES,,0,1,0,0,,
class_series,day_of_week,7,integer,int4,NO,,0,0,0,0,,
class_series,start_minute,8,integer,int4,NO,,0,0,0,0,,
class_series,duration_minutes,9,integer,int4,NO,,0,0,0,0,,
class_series,capacity,10,integer,int4,NO,1,0,0,0,0,,
class_series,valid_from,11,date,date,NO,,0,0,0,0,,
class_series,valid_until,12,date,date,YES,,0,0,0,0,,
class_series,is_active,13,boolean,bool,NO,true,0,0,0,0,,
class_series,created_at,14,timestamp with time zone,timestamptz,NO,now(),0,0,0,0,,
class_series,updated_at,15,timestamp with time zone,timestamptz,NO,now(),0,0,0,0,,
class_sessions,env,1,text,text,NO,'prod'::text,0,0,0,0,,
class_sessions,id,2,integer,int4,NO,nextval('app_v3.class_sessions_id_seq'::regclass),1,0,0,0,,
class_sessions,series_id,3,integer,int4,NO,,0,1,1,0,,
class_sessions,organization_id,4,integer,int4,NO,,0,1,0,0,,
class_sessions,service_id,5,integer,int4,NO,,0,1,0,0,,
class_sessions,court_id,6,integer,int4,YES,,0,1,0,0,,
class_sessions,professional_id,7,integer,int4,YES,,0,1,0,0,,
class_sessions,starts_at,8,timestamp with time zone,timestamptz,NO,,0,0,1,0,,
class_sessions,ends_at,9,timestamp with time zone,timestamptz,NO,,0,0,0,0,,
class_sessions,capacity,10,integer,int4,NO,1,0,0,0,0,,
class_sessions,status,11,USER-DEFINED,ClassSessionStatus,NO,"'SCHEDULED'::app_v3.""ClassSessionStatus""",0,0,0,0,,
class_sessions,created_at,12,timestamp with time zone,timestamptz,NO,now(),0,0,0,0,,
class_sessions,updated_at,13,timestamp with time zone,timestamptz,NO,now(),0,0,0,0,,
crm_campaign_approvals,id,1,uuid,uuid,NO,gen_random_uuid(),1,0,0,0,,
crm_campaign_approvals,env,2,text,text,NO,'prod'::text,0,0,0,0,,
crm_campaign_approvals,organization_id,3,integer,int4,NO,,0,1,0,0,,
crm_campaign_approvals,campaign_id,4,uuid,uuid,NO,,0,1,0,0,,
crm_campaign_approvals,state,5,USER-DEFINED,CrmCampaignApprovalState,NO,,0,0,0,0,,
crm_campaign_approvals,action,6,USER-DEFINED,CrmCampaignApprovalAction,NO,,0,0,0,0,,
crm_campaign_approvals,actor_user_id,7,uuid,uuid,YES,,0,0,0,0,,
crm_campaign_approvals,reason,8,text,text,YES,,0,0,0,0,,
crm_campaign_approvals,metadata,9,jsonb,jsonb,NO,'{}'::jsonb,0,0,0,0,,
crm_campaign_approvals,created_at,10,timestamp with time zone,timestamptz,NO,now(),0,0,0,0,,
crm_campaign_deliveries,id,1,uuid,uuid,NO,gen_random_uuid(),1,0,0,28,0,-1
crm_campaign_deliveries,organization_id,2,integer,int4,NO,,0,1,0,28,0,-0.25
crm_campaign_deliveries,campaign_id,3,uuid,uuid,NO,,0,1,0,28,0,-0.25
crm_campaign_deliveries,user_id,4,uuid,uuid,YES,,0,1,0,28,0.107143,-0.892857
crm_campaign_deliveries,notification_id,5,uuid,uuid,YES,,0,1,0,28,1,0
crm_campaign_deliveries,status,6,USER-DEFINED,CrmDeliveryStatus,NO,"'SENT'::app_v3.""CrmDeliveryStatus""",0,0,0,28,0,1
crm_campaign_deliveries,sent_at,7,timestamp with time zone,timestamptz,YES,,0,0,0,28,0,1
crm_campaign_deliveries,opened_at,8,timestamp with time zone,timestamptz,YES,,0,0,0,28,0.392857,1
crm_campaign_deliveries,clicked_at,9,timestamp with time zone,timestamptz,YES,,0,0,0,28,0.785714,1
crm_campaign_deliveries,error_code,10,text,text,YES,,0,0,0,28,1,0
crm_campaign_deliveries,error_message,11,text,text,YES,,0,0,0,28,1,0
crm_campaign_deliveries,env,12,text,text,NO,'prod'::text,0,0,0,28,0,1
crm_campaign_deliveries,contact_id,13,uuid,uuid,NO,,0,1,0,28,0,-1
crm_campaign_deliveries,channel,14,USER-DEFINED,CrmCampaignDeliveryChannel,NO,"'IN_APP'::app_v3.""CrmCampaignDeliveryChannel""",0,0,0,28,0,1
crm_campaigns,id,1,uuid,uuid,NO,gen_random_uuid(),1,0,0,7,0,-1
crm_campaigns,organization_id,2,integer,int4,NO,,0,1,0,7,0,-1
crm_campaigns,segment_id,3,uuid,uuid,YES,,0,1,0,7,0,-1
crm_campaigns,name,4,text,text,NO,,0,0,0,7,0,-1
crm_campaigns,description,5,text,text,YES,,0,0,0,7,0,-0.142857
crm_campaigns,channel,6,USER-DEFINED,CrmCampaignChannel,NO,"'IN_APP'::app_v3.""CrmCampaignChannel""",0,0,0,7,0,-0.142857
crm_campaigns,status,7,USER-DEFINED,CrmCampaignStatus,NO,"'DRAFT'::app_v3.""CrmCampaignStatus""",0,0,0,7,0,-0.142857
crm_campaigns,payload,8,jsonb,jsonb,NO,'{}'::jsonb,0,0,0,7,0,-1
crm_campaigns,scheduled_at,9,timestamp with time zone,timestamptz,YES,,0,0,0,7,0,-0.142857
crm_campaigns,sent_at,10,timestamp with time zone,timestamptz,YES,,0,0,0,7,0,-0.142857
crm_campaigns,sent_count,11,integer,int4,NO,0,0,0,0,7,0,-1
crm_campaigns,opened_count,12,integer,int4,NO,0,0,0,0,7,0,-1
crm_campaigns,clicked_count,13,integer,int4,NO,0,0,0,0,7,0,-0.857143
crm_campaigns,failed_count,14,integer,int4,NO,0,0,0,0,7,0,-0.571429
crm_campaigns,created_by_user_id,15,uuid,uuid,YES,,0,1,0,7,0,-0.142857
crm_campaigns,created_at,16,timestamp with time zone,timestamptz,NO,CURRENT_TIMESTAMP,0,0,0,7,0,-1
crm_campaigns,updated_at,17,timestamp with time zone,timestamptz,NO,CURRENT_TIMESTAMP,0,0,0,7,0,-1
crm_campaigns,env,18,text,text,NO,'prod'::text,0,0,0,7,0,-0.142857
crm_campaigns,channels,19,jsonb,jsonb,NO,"'{""email"": false, ""inApp"": true}'::jsonb",0,0,0,7,0,-0.142857
crm_campaigns,approval_state,20,USER-DEFINED,CrmCampaignApprovalState,NO,"'DRAFT'::app_v3.""CrmCampaignApprovalState""",0,0,0,7,0,-0.142857
crm_campaigns,approval_submitted_at,21,timestamp with time zone,timestamptz,YES,,0,0,0,7,0,-0.142857
crm_campaigns,approval_expires_at,22,timestamp with time zone,timestamptz,YES,,0,0,0,7,1,0
crm_campaigns,approved_by_user_id,23,uuid,uuid,YES,,0,0,0,7,0,-0.142857
crm_campaigns,approved_at,24,timestamp with time zone,timestamptz,YES,,0,0,0,7,0,-0.142857
crm_campaigns,rejected_by_user_id,25,uuid,uuid,YES,,0,0,0,7,1,0
crm_campaigns,rejected_at,26,timestamp with time zone,timestamptz,YES,,0,0,0,7,1,0
crm_campaigns,audience_snapshot,27,jsonb,jsonb,NO,'{}'::jsonb,0,0,0,7,0,-0.857143
crm_campaigns,cancelled_at,28,timestamp with time zone,timestamptz,YES,,0,0,0,7,1,0
crm_contact_consents,id,1,uuid,uuid,NO,gen_random_uuid(),1,0,0,363,0,-1
crm_contact_consents,organization_id,2,integer,int4,NO,,0,1,1,363,0,13
crm_contact_consents,contact_id,3,uuid,uuid,NO,,0,1,1,363,0,-0.418733
crm_contact_consents,type,4,USER-DEFINED,ConsentType,NO,,0,0,1,363,0,3
crm_contact_consents,status,5,USER-DEFINED,ConsentStatus,NO,,0,0,0,363,0,2
crm_contact_consents,source,6,text,text,YES,,0,0,0,363,0,4
crm_contact_consents,granted_at,7,timestamp with time zone,timestamptz,YES,,0,0,0,363,0.118457,-0.38843
crm_contact_consents,revoked_at,8,timestamp with time zone,timestamptz,YES,,0,0,0,363,0.881543,34
crm_contact_consents,expires_at,9,timestamp with time zone,timestamptz,YES,,0,0,0,363,1,0
crm_contact_consents,created_at,10,timestamp with time zone,timestamptz,NO,now(),0,0,0,363,0,-1
crm_contact_consents,updated_at,11,timestamp with time zone,timestamptz,NO,now(),0,0,0,363,0,-1
crm_contact_consents,env,12,text,text,NO,'prod'::text,0,0,0,363,0,1
crm_contact_notes,id,1,uuid,uuid,NO,gen_random_uuid(),1,0,0,59,0,-1
crm_contact_notes,organization_id,2,integer,int4,NO,,0,1,0,59,0,1
crm_contact_notes,contact_id,3,uuid,uuid,NO,,0,1,0,59,0,-0.864407
crm_contact_notes,author_user_id,4,uuid,uuid,NO,,0,1,0,59,0,1
crm_contact_notes,body,5,text,text,NO,,0,0,0,59,0,-0.508475
crm_contact_notes,created_at,6,timestamp with time zone,timestamptz,NO,now(),0,0,0,59,0,-1
crm_contact_notes,updated_at,7,timestamp with time zone,timestamptz,NO,now(),0,0,0,59,0,-1
crm_contact_notes,env,8,text,text,NO,'prod'::text,0,0,0,59,0,1
crm_contact_padel,id,1,uuid,uuid,NO,gen_random_uuid(),1,0,0,103,0,-1
crm_contact_padel,organization_id,2,integer,int4,NO,,0,1,0,103,0,2
crm_contact_padel,contact_id,3,uuid,uuid,NO,,0,1,1,103,0,-1
crm_contact_padel,player_profile_id,4,integer,int4,YES,,0,1,0,103,0,-1
crm_contact_padel,level,5,text,text,YES,,0,0,0,103,0,-0.854369
crm_contact_padel,preferred_side,6,USER-DEFINED,PadelPreferredSide,YES,,0,0,0,103,0,3
crm_contact_padel,club_name,7,text,text,YES,,0,0,0,103,0.0194175,1
crm_contact_padel,tournaments_count,8,integer,int4,NO,0,0,0,0,103,0,9
crm_contact_padel,no_show_count,9,integer,int4,NO,0,0,0,0,103,0,3
crm_contact_padel,created_at,10,timestamp with time zone,timestamptz,NO,now(),0,0,0,103,0,-1
crm_contact_padel,updated_at,11,timestamp with time zone,timestamptz,NO,now(),0,0,0,103,0,-1
crm_contact_padel,env,12,text,text,NO,'prod'::text,0,0,0,103,0,1
crm_contacts,id,1,uuid,uuid,NO,gen_random_uuid(),1,0,0,158,0,-1
crm_contacts,organization_id,2,integer,int4,NO,,0,1,1,158,0,13
crm_contacts,user_id,3,uuid,uuid,YES,,0,1,1,158,0.0192308,-0.660256
crm_contacts,email_identity_id,4,uuid,uuid,YES,,0,1,1,158,0.487179,-0.461538
crm_contacts,status,5,USER-DEFINED,CrmContactStatus,NO,"'ACTIVE'::app_v3.""CrmContactStatus""",0,0,0,158,0,1
crm_contacts,contact_type,6,USER-DEFINED,CrmContactType,NO,"'LEAD'::app_v3.""CrmContactType""",0,0,0,158,0,4
crm_contacts,display_name,7,text,text,YES,,0,0,0,158,0.0128205,-0.666667
crm_contacts,contact_email,8,USER-DEFINED,citext,YES,,0,0,0,158,0.935897,4
crm_contacts,contact_phone,9,text,text,YES,,0,0,0,158,0.980769,1
crm_contacts,legal_basis,10,USER-DEFINED,CrmContactLegalBasis,YES,,0,0,0,158,0.0641026,2
crm_contacts,marketing_email_opt_in,11,boolean,bool,NO,false,0,0,0,158,0,2
crm_contacts,marketing_push_opt_in,12,boolean,bool,NO,false,0,0,0,158,0,1
crm_contacts,first_interaction_at,13,timestamp with time zone,timestamptz,YES,,0,0,0,158,0.0192308,-0.647436
crm_contacts,last_activity_at,14,timestamp with time zone,timestamptz,YES,,0,0,0,158,0.0192308,-0.737179
crm_contacts,last_purchase_at,15,timestamp with time zone,timestamptz,YES,,0,0,0,158,0.0897436,-0.705128
crm_contacts,total_spent_cents,16,integer,int4,NO,0,0,0,0,158,0,-0.551282
crm_contacts,total_orders,17,integer,int4,NO,0,0,0,0,158,0,14
crm_contacts,total_bookings,18,integer,int4,NO,0,0,0,0,158,0,-0.128205
crm_contacts,total_attendances,19,integer,int4,NO,0,0,0,0,158,0,1
crm_contacts,total_tournaments,20,integer,int4,NO,0,0,0,0,158,0,7
crm_contacts,total_store_orders,21,integer,int4,NO,0,0,0,0,158,0,6
crm_contacts,tags,22,ARRAY,_text,NO,'{}'::text[],0,0,0,158,0,13
crm_contacts,notes_count,23,integer,int4,NO,0,0,0,0,158,0,3
crm_contacts,source_type,24,text,text,YES,,0,0,0,158,0.0192308,5
crm_contacts,source_id,25,text,text,YES,,0,0,0,158,0.0192308,-0.75
crm_contacts,external_id,26,text,text,YES,,0,0,0,158,0.608974,-0.391026
crm_contacts,custom_fields,27,jsonb,jsonb,NO,'{}'::jsonb,0,0,0,158,0,-0.358974
crm_contacts,created_at,28,timestamp with time zone,timestamptz,NO,now(),0,0,0,158,0,-1
crm_contacts,updated_at,29,timestamp with time zone,timestamptz,NO,now(),0,0,0,158,0,2
crm_contacts,env,30,text,text,NO,'prod'::text,0,0,0,158,0,1
crm_interactions,id,1,uuid,uuid,NO,gen_random_uuid(),1,0,0,527,0,-1
crm_interactions,organization_id,2,integer,int4,NO,,0,1,1,527,0,6
crm_interactions,user_id,3,uuid,uuid,YES,,0,1,0,527,0.0172414,-0.195402
crm_interactions,type,4,USER-DEFINED,CrmInteractionType,NO,,0,0,0,527,0,14
crm_interactions,source_type,5,USER-DEFINED,CrmInteractionSource,NO,,0,0,0,527,0,9
crm_interactions,source_id,6,text,text,YES,,0,0,0,527,0,-0.940613
crm_interactions,occurred_at,7,timestamp with time zone,timestamptz,NO,,0,0,0,527,0,-0.662835
crm_interactions,amount_cents,8,integer,int4,YES,,0,0,0,527,0.463602,-0.109195
crm_interactions,currency,9,text,text,YES,'EUR'::text,0,0,0,527,0,1
crm_interactions,metadata,10,jsonb,jsonb,YES,'{}'::jsonb,0,0,0,527,0,-0.256705
crm_interactions,created_at,11,timestamp with time zone,timestamptz,NO,CURRENT_TIMESTAMP,0,0,0,527,0,-1
crm_interactions,env,12,text,text,NO,'prod'::text,0,0,0,527,0,1
crm_interactions,contact_id,13,uuid,uuid,NO,,0,1,0,527,0,-0.212644
crm_interactions,event_id,14,uuid,uuid,YES,,0,0,1,527,0.752874,-0.247126
crm_interactions,external_id,15,text,text,YES,,0,0,1,527,0.130268,-0.869732
crm_journey_enrollments,id,1,uuid,uuid,NO,gen_random_uuid(),1,0,0,0,,
crm_journey_enrollments,env,2,text,text,NO,'prod'::text,0,0,0,0,,
crm_journey_enrollments,organization_id,3,integer,int4,NO,,0,1,0,0,,
crm_journey_enrollments,journey_id,4,uuid,uuid,NO,,0,1,0,0,,
crm_journey_enrollments,contact_id,5,uuid,uuid,NO,,0,1,0,0,,
crm_journey_enrollments,trigger_event_id,6,text,text,YES,,0,0,0,0,,
crm_journey_enrollments,dedupe_key,7,text,text,NO,,0,0,0,0,,
crm_journey_enrollments,status,8,USER-DEFINED,CrmJourneyEnrollmentStatus,NO,"'ACTIVE'::app_v3.""CrmJourneyEnrollmentStatus""",0,0,0,0,,
crm_journey_enrollments,current_step,9,integer,int4,NO,0,0,0,0,0,,
crm_journey_enrollments,last_evaluated_at,10,timestamp with time zone,timestamptz,YES,,0,0,0,0,,
crm_journey_enrollments,completed_at,11,timestamp with time zone,timestamptz,YES,,0,0,0,0,,
crm_journey_enrollments,created_at,12,timestamp with time zone,timestamptz,NO,now(),0,0,0,0,,
crm_journey_enrollments,updated_at,13,timestamp with time zone,timestamptz,NO,now(),0,0,0,0,,
crm_journey_runs,id,1,uuid,uuid,NO,gen_random_uuid(),1,0,0,0,,
crm_journey_runs,env,2,text,text,NO,'prod'::text,0,0,0,0,,
crm_journey_runs,organization_id,3,integer,int4,NO,,0,1,0,0,,
crm_journey_runs,journey_id,4,uuid,uuid,NO,,0,1,0,0,,
crm_journey_runs,enrollment_id,5,uuid,uuid,NO,,0,1,0,0,,
crm_journey_runs,step_id,6,uuid,uuid,NO,,0,1,0,0,,
crm_journey_runs,status,7,USER-DEFINED,CrmJourneyRunStatus,NO,"'PENDING'::app_v3.""CrmJourneyRunStatus""",0,0,0,0,,
crm_journey_runs,scheduled_for,8,timestamp with time zone,timestamptz,YES,,0,0,0,0,,
crm_journey_runs,executed_at,9,timestamp with time zone,timestamptz,YES,,0,0,0,0,,
crm_journey_runs,error_code,10,text,text,YES,,0,0,0,0,,
crm_journey_runs,error_message,11,text,text,YES,,0,0,0,0,,
crm_journey_runs,created_at,12,timestamp with time zone,timestamptz,NO,now(),0,0,0,0,,
crm_journey_runs,updated_at,13,timestamp with time zone,timestamptz,NO,now(),0,0,0,0,,
crm_journey_steps,id,1,uuid,uuid,NO,gen_random_uuid(),1,0,0,0,,
crm_journey_steps,env,2,text,text,NO,'prod'::text,0,0,0,0,,
crm_journey_steps,organization_id,3,integer,int4,NO,,0,1,0,0,,
crm_journey_steps,journey_id,4,uuid,uuid,NO,,0,1,0,0,,
crm_journey_steps,step_key,5,text,text,NO,,0,0,0,0,,
crm_journey_steps,position,6,integer,int4,NO,,0,0,0,0,,
crm_journey_steps,step_type,7,USER-DEFINED,CrmJourneyStepType,NO,,0,0,0,0,,
crm_journey_steps,config,8,jsonb,jsonb,NO,'{}'::jsonb,0,0,0,0,,
crm_journey_steps,created_at,9,timestamp with time zone,timestamptz,NO,now(),0,0,0,0,,
crm_journey_steps,updated_at,10,timestamp with time zone,timestamptz,NO,now(),0,0,0,0,,
crm_journeys,id,1,uuid,uuid,NO,gen_random_uuid(),1,0,0,0,,
crm_journeys,env,2,text,text,NO,'prod'::text,0,0,0,0,,
crm_journeys,organization_id,3,integer,int4,NO,,0,1,0,0,,
crm_journeys,name,4,text,text,NO,,0,0,0,0,,
crm_journeys,description,5,text,text,YES,,0,0,0,0,,
crm_journeys,status,6,USER-DEFINED,CrmJourneyStatus,NO,"'DRAFT'::app_v3.""CrmJourneyStatus""",0,0,0,0,,
crm_journeys,definition,7,jsonb,jsonb,NO,'{}'::jsonb,0,0,0,0,,
crm_journeys,created_by_user_id,8,uuid,uuid,YES,,0,0,0,0,,
crm_journeys,published_at,9,timestamp with time zone,timestamptz,YES,,0,0,0,0,,
crm_journeys,paused_at,10,timestamp with time zone,timestamptz,YES,,0,0,0,0,,
crm_journeys,created_at,11,timestamp with time zone,timestamptz,NO,now(),0,0,0,0,,
crm_journeys,updated_at,12,timestamp with time zone,timestamptz,NO,now(),0,0,0,0,,
crm_organization_policies,organization_id,1,integer,int4,NO,,1,1,0,1,0,-1
crm_organization_policies,env,2,text,text,NO,'prod'::text,0,0,0,1,0,-1
crm_organization_policies,timezone,3,text,text,NO,'Europe/Lisbon'::text,0,0,0,1,0,-1
crm_organization_policies,quiet_hours_start_minute,4,integer,int4,NO,1320,0,0,0,1,0,-1
crm_organization_policies,quiet_hours_end_minute,5,integer,int4,NO,480,0,0,0,1,0,-1
crm_organization_policies,cap_per_day,6,integer,int4,NO,1,0,0,0,1,0,-1
crm_organization_policies,cap_per_week,7,integer,int4,NO,4,0,0,0,1,0,-1
crm_organization_policies,cap_per_month,8,integer,int4,NO,10,0,0,0,1,0,-1
crm_organization_policies,approval_escalation_hours,9,integer,int4,NO,24,0,0,0,1,0,-1
crm_organization_policies,approval_expire_hours,10,integer,int4,NO,48,0,0,0,1,0,-1
crm_organization_policies,created_at,11,timestamp with time zone,timestamptz,NO,now(),0,0,0,1,0,-1
crm_organization_policies,updated_at,12,timestamp with time zone,timestamptz,NO,now(),0,0,0,1,0,-1
crm_saved_views,id,1,uuid,uuid,NO,gen_random_uuid(),1,0,0,0,,
crm_saved_views,env,2,text,text,NO,'prod'::text,0,0,0,0,,
crm_saved_views,organization_id,3,integer,int4,NO,,0,1,0,0,,
crm_saved_views,user_id,4,uuid,uuid,NO,,0,1,0,0,,
crm_saved_views,scope,5,USER-DEFINED,CrmSavedViewScope,NO,,0,0,0,0,,
crm_saved_views,name,6,USER-DEFINED,citext,NO,,0,0,0,0,,
crm_saved_views,definition,7,jsonb,jsonb,NO,'{}'::jsonb,0,0,0,0,,
crm_saved_views,is_default,8,boolean,bool,NO,false,0,0,0,0,,
crm_saved_views,created_at,9,timestamp with time zone,timestamptz,NO,now(),0,0,0,0,,
crm_saved_views,updated_at,10,timestamp with time zone,timestamptz,NO,now(),0,0,0,0,,
crm_segments,id,1,uuid,uuid,NO,gen_random_uuid(),1,0,0,7,,
crm_segments,organization_id,2,integer,int4,NO,,0,1,0,7,,
crm_segments,name,3,text,text,NO,,0,0,0,7,,
crm_segments,description,4,text,text,YES,,0,0,0,7,,
crm_segments,rules,5,jsonb,jsonb,NO,'{}'::jsonb,0,0,0,7,,
crm_segments,status,6,USER-DEFINED,CrmSegmentStatus,NO,"'ACTIVE'::app_v3.""CrmSegmentStatus""",0,0,0,7,,
crm_segments,size_cache,7,integer,int4,YES,,0,0,0,7,,
crm_segments,last_computed_at,8,timestamp with time zone,timestamptz,YES,,0,0,0,7,,
crm_segments,created_by_user_id,9,uuid,uuid,YES,,0,1,0,7,,
crm_segments,created_at,10,timestamp with time zone,timestamptz,NO,CURRENT_TIMESTAMP,0,0,0,7,,
crm_segments,updated_at,11,timestamp with time zone,timestamptz,NO,CURRENT_TIMESTAMP,0,0,0,7,,
crm_segments,env,12,text,text,NO,'prod'::text,0,0,0,7,,
cron_heartbeats,job_key,1,text,text,NO,,1,0,0,19,0,-1
cron_heartbeats,last_run_at,2,timestamp with time zone,timestamptz,NO,,0,0,0,19,0,-1
cron_heartbeats,last_success_at,3,timestamp with time zone,timestamptz,YES,,0,0,0,19,0,-1
cron_heartbeats,last_error_at,4,timestamp with time zone,timestamptz,YES,,0,0,0,19,0.578947,-0.421053
cron_heartbeats,last_error,5,text,text,YES,,0,0,0,19,1,0
cron_heartbeats,run_count,6,integer,int4,NO,0,0,0,0,19,0,-0.736842
cron_heartbeats,success_count,7,integer,int4,NO,0,0,0,0,19,0,-0.789474
cron_heartbeats,error_count,8,integer,int4,NO,0,0,0,0,19,0,-0.263158
cron_heartbeats,last_duration_ms,9,integer,int4,YES,,0,0,0,19,0,-0.894737
cron_heartbeats,created_at,10,timestamp with time zone,timestamptz,NO,now(),0,0,0,19,0,-1
cron_heartbeats,updated_at,11,timestamp with time zone,timestamptz,NO,now(),0,0,0,19,0,-1
cron_heartbeats,env,12,text,text,NO,'prod'::text,0,0,0,19,0,1
cron_job_locks,job_key,1,text,text,NO,,1,0,0,1,0,-1
cron_job_locks,env,2,text,text,NO,'prod'::text,1,0,0,1,0,-1
cron_job_locks,locked_at,3,timestamp with time zone,timestamptz,NO,,0,0,0,1,0,-1
cron_job_locks,locked_until,4,timestamp with time zone,timestamptz,NO,,0,0,0,1,0,-1
cron_job_locks,locked_by,5,uuid,uuid,NO,,0,0,0,1,0,-1
cron_job_locks,created_at,6,timestamp with time zone,timestamptz,NO,now(),0,0,0,1,0,-1
cron_job_locks,updated_at,7,timestamp with time zone,timestamptz,NO,now(),0,0,0,1,0,-1
dsar_cases,id,1,uuid,uuid,NO,gen_random_uuid(),1,0,0,0,,
dsar_cases,user_id,2,uuid,uuid,NO,,0,1,0,0,,
dsar_cases,type,3,USER-DEFINED,DsarCaseType,NO,,0,0,0,0,,
dsar_cases,status,4,USER-DEFINED,DsarCaseStatus,NO,"'REQUESTED'::app_v3.""DsarCaseStatus""",0,0,0,0,,
dsar_cases,requested_at,5,timestamp with time zone,timestamptz,NO,now(),0,0,0,0,,
dsar_cases,due_at,6,timestamp with time zone,timestamptz,YES,,0,0,0,0,,
dsar_cases,completed_at,7,timestamp with time zone,timestamptz,YES,,0,0,0,0,,
dsar_cases,metadata,8,jsonb,jsonb,YES,,0,0,0,0,,
dsar_cases,created_at,9,timestamp with time zone,timestamptz,NO,now(),0,0,0,0,,
dsar_cases,updated_at,10,timestamp with time zone,timestamptz,NO,now(),0,0,0,0,,
dsar_cases,env,11,text,text,NO,'prod'::text,0,0,0,0,,
email_identities,id,1,uuid,uuid,NO,gen_random_uuid(),1,0,0,75,0,-1
email_identities,email_normalized,2,USER-DEFINED,citext,NO,,0,0,1,75,0,-1
email_identities,email_verified_at,3,timestamp with time zone,timestamptz,YES,,0,0,0,75,0.925373,-0.0746269
email_identities,user_id,4,uuid,uuid,YES,,0,1,0,75,0.0447761,-0.955224
email_identities,created_at,5,timestamp with time zone,timestamptz,NO,now(),0,0,0,75,0,-1
email_identities,updated_at,6,timestamp with time zone,timestamptz,NO,now(),0,0,0,75,0,-1
email_identities,env,7,text,text,NO,'prod'::text,0,0,0,75,0,1
email_outbox,id,1,uuid,uuid,NO,gen_random_uuid(),1,0,0,0,,
email_outbox,template_key,2,text,text,NO,,0,0,0,0,,
email_outbox,recipient,3,USER-DEFINED,citext,NO,,0,0,0,0,,
email_outbox,purchase_id,4,text,text,NO,,0,0,0,0,,
email_outbox,entitlement_id,5,uuid,uuid,YES,,0,1,0,0,,
email_outbox,dedupe_key,6,text,text,NO,,0,0,1,0,,
email_outbox,status,7,text,text,NO,'PENDING'::text,0,0,0,0,,
email_outbox,payload,8,jsonb,jsonb,NO,'{}'::jsonb,0,0,0,0,,
email_outbox,created_at,9,timestamp with time zone,timestamptz,NO,now(),0,0,0,0,,
email_outbox,sent_at,10,timestamp with time zone,timestamptz,YES,,0,0,0,0,,
email_outbox,failed_at,11,timestamp with time zone,timestamptz,YES,,0,0,0,0,,
email_outbox,error_code,12,text,text,YES,,0,0,0,0,,
email_outbox,env,13,text,text,NO,'prod'::text,0,0,0,0,,
entitlement_checkins,id,1,bigint,int8,NO,nextval('app_v3.entitlement_checkins_id_seq'::regclass),1,0,0,0,,
entitlement_checkins,entitlement_id,2,uuid,uuid,NO,,0,1,1,0,,
entitlement_checkins,event_id,3,integer,int4,NO,,0,0,1,0,,
entitlement_checkins,device_id,4,text,text,NO,,0,0,0,0,,
entitlement_checkins,result_code,5,USER-DEFINED,checkin_result_code,NO,,0,0,0,0,,
entitlement_checkins,checked_in_at,6,timestamp with time zone,timestamptz,NO,now(),0,0,0,0,,
entitlement_checkins,checked_in_by,7,uuid,uuid,YES,,0,0,0,0,,
entitlement_checkins,purchase_id,8,text,text,NO,,0,0,0,0,,
entitlement_checkins,created_at,9,timestamp with time zone,timestamptz,NO,now(),0,0,0,0,,
entitlement_checkins,updated_at,10,timestamp with time zone,timestamptz,NO,now(),0,0,0,0,,
entitlement_checkins,idempotency_key,11,text,text,YES,,0,0,0,0,,
entitlement_checkins,causation_id,12,text,text,YES,,0,0,0,0,,
entitlement_checkins,correlation_id,13,text,text,YES,,0,0,0,0,,
entitlement_checkins,env,14,text,text,NO,'prod'::text,0,0,0,0,,
entitlement_checkins,method,15,USER-DEFINED,checkin_method,YES,,0,0,0,0,,
entitlement_checkins,manual_reason,16,text,text,YES,,0,0,0,0,,
entitlement_qr_tokens,id,1,bigint,int8,NO,nextval('app_v3.entitlement_qr_tokens_id_seq'::regclass),1,0,0,0,,
entitlement_qr_tokens,token_hash,2,text,text,NO,,0,0,1,0,,
entitlement_qr_tokens,entitlement_id,3,uuid,uuid,NO,,0,1,0,0,,
entitlement_qr_tokens,expires_at,4,timestamp with time zone,timestamptz,YES,,0,0,0,0,,
entitlement_qr_tokens,created_at,5,timestamp with time zone,timestamptz,NO,now(),0,0,0,0,,
entitlement_qr_tokens,env,6,text,text,NO,'prod'::text,0,0,0,0,,
entitlements,id,1,uuid,uuid,NO,gen_random_uuid(),1,0,0,3,0,-1
entitlements,type,2,USER-DEFINED,entitlement_type,NO,,0,0,1,3,0,1
entitlements,status,3,USER-DEFINED,entitlement_status,NO,'ACTIVE'::app_v3.entitlement_status,0,0,0,3,0,1
entitlements,owner_user_id,4,uuid,uuid,YES,,0,0,0,3,0.478261,3
entitlements,owner_identity_id,5,uuid,uuid,YES,,0,0,0,3,0.521739,-0.173913
entitlements,owner_key,6,text,text,NO,,0,0,1,3,0,-0.521739
entitlements,purchase_id,7,text,text,NO,,0,0,1,3,0,-0.652174
entitlements,sale_line_id,8,integer,int4,YES,,0,0,1,3,0,-0.652174
entitlements,event_id,9,integer,int4,YES,,0,0,0,3,0,-0.26087
entitlements,tournament_id,10,integer,int4,YES,,0,0,0,3,1,0
entitlements,season_id,11,integer,int4,YES,,0,0,0,3,1,0
entitlements,snapshot_title,12,text,text,NO,,0,0,0,3,0,-0.26087
entitlements,snapshot_cover_url,13,text,text,YES,,0,0,0,3,0.73913,-0.130435
entitlements,snapshot_venue_name,14,text,text,YES,,0,0,0,3,0,4
entitlements,snapshot_start_at,15,timestamp with time zone,timestamptz,NO,,0,0,0,3,0,-0.195652
entitlements,snapshot_timezone,16,text,text,NO,,0,0,0,3,0,1
entitlements,created_at,18,timestamp with time zone,timestamptz,NO,now(),0,0,0,3,0,-0.521739
entitlements,updated_at,19,timestamp with time zone,timestamptz,NO,now(),0,0,0,3,0,-0.891304
entitlements,line_item_index,20,integer,int4,NO,0,0,0,1,3,0,2
entitlements,ticket_id,21,text,text,YES,,0,1,0,3,0.26087,-0.73913
entitlements,policy_version_applied,22,integer,int4,YES,,0,0,0,3,0,1
entitlements,env,23,text,text,NO,'prod'::text,0,0,0,3,0,1
entitlements,booking_id,24,integer,int4,YES,,0,1,0,3,1,0
entitlements,store_order_line_id,25,integer,int4,YES,,0,1,0,3,1,0
event_access_policies,id,1,integer,int4,NO,nextval('app_v3.event_access_policies_id_seq'::regclass),1,0,0,69,0,-1
event_access_policies,event_id,2,integer,int4,NO,,0,1,1,69,0,-0.985507
event_access_policies,policy_version,3,integer,int4,NO,,0,0,1,69,0,2
event_access_policies,mode,4,USER-DEFINED,event_access_mode,NO,,0,0,0,69,0,1
event_access_policies,guest_checkout_allowed,5,boolean,bool,NO,,0,0,0,69,0,2
event_access_policies,invite_token_allowed,6,boolean,bool,NO,,0,0,0,69,0,1
event_access_policies,invite_identity_match,7,USER-DEFINED,invite_identity_match,NO,,0,0,0,69,0,2
event_access_policies,invite_token_ttl_seconds,8,integer,int4,YES,,0,0,0,69,1,0
event_access_policies,requires_entitlement_for_entry,9,boolean,bool,NO,,0,0,0,69,0,1
event_access_policies,checkin_methods,10,ARRAY,_checkin_method,NO,'{}'::app_v3.checkin_method[],0,0,0,69,0,2
event_access_policies,scanner_required,11,boolean,bool,NO,false,0,0,0,69,0,1
event_access_policies,allow_reentry,12,boolean,bool,NO,false,0,0,0,69,0,1
event_access_policies,reentry_window_minutes,13,integer,int4,NO,15,0,0,0,69,0,1
event_access_policies,max_entries,14,integer,int4,NO,1,0,0,0,69,0,1
event_access_policies,undo_window_minutes,15,integer,int4,NO,10,0,0,0,69,0,1
event_access_policies,created_at,16,timestamp with time zone,timestamptz,NO,now(),0,0,0,69,0,-1
event_access_policies,updated_at,17,timestamp with time zone,timestamptz,NO,now(),0,0,0,69,0,-1
event_access_policies,env,18,text,text,NO,'prod'::text,0,0,0,69,0,1
event_favorites,env,1,text,text,NO,'prod'::text,0,0,0,0,,
event_favorites,id,2,uuid,uuid,NO,gen_random_uuid(),1,0,0,0,,
event_favorites,user_id,3,uuid,uuid,NO,,0,1,1,0,,
event_favorites,event_id,4,integer,int4,NO,,0,1,1,0,,
event_favorites,notify,5,boolean,bool,NO,true,0,0,0,0,,
event_favorites,created_at,6,timestamp with time zone,timestamptz,NO,now(),0,0,0,0,,
event_favorites,updated_at,7,timestamp with time zone,timestamptz,NO,now(),0,0,0,0,,
event_invites,id,1,integer,int4,NO,nextval('app_v3.event_invites_id_seq'::regclass),1,0,0,0,,
event_invites,event_id,2,integer,int4,NO,,0,0,0,0,,
event_invites,invited_by_user_id,3,uuid,uuid,NO,,0,0,0,0,,
event_invites,target_identifier,4,USER-DEFINED,citext,NO,,0,0,0,0,,
event_invites,target_user_id,5,uuid,uuid,YES,,0,0,0,0,,
event_invites,created_at,6,timestamp with time zone,timestamptz,NO,now(),0,0,0,0,,
event_invites,updated_at,7,timestamp with time zone,timestamptz,NO,now(),0,0,0,0,,
event_invites,scope,8,USER-DEFINED,EventInviteScope,NO,"'PUBLIC'::app_v3.""EventInviteScope""",0,0,0,0,,
event_invites,env,9,text,text,NO,'prod'::text,0,0,0,0,,
event_logs,id,1,uuid,uuid,NO,,1,0,0,403,0,-1
event_logs,organization_id,2,integer,int4,NO,,0,1,0,403,0,6
event_logs,event_type,3,text,text,NO,,0,0,0,403,0,8
event_logs,idempotency_key,4,text,text,NO,,0,0,0,403,0,-1
event_logs,payload,5,jsonb,jsonb,NO,'{}'::jsonb,0,0,0,403,0,-0.950311
event_logs,actor_user_id,6,uuid,uuid,YES,,0,0,0,403,0.400621,-0.195652
event_logs,source_type,7,USER-DEFINED,SourceType,YES,,0,0,0,403,0.596273,5
event_logs,source_id,8,text,text,YES,,0,0,0,403,0.596273,-0.329193
event_logs,correlation_id,9,text,text,YES,,0,0,0,403,0,-0.888199
event_logs,created_at,10,timestamp with time zone,timestamptz,NO,now(),0,0,0,403,0,-1
event_logs,env,11,text,text,NO,'prod'::text,0,0,0,403,0,1
event_logs,event_version,12,text,text,NO,,0,0,0,403,0,1
event_logs,subject_type,13,text,text,NO,,0,0,0,403,0,6
event_logs,subject_id,14,text,text,NO,,0,0,0,403,0,-0.925466
event_logs,causation_id,15,text,text,NO,,0,0,0,403,0,-1
events,id,1,integer,int4,NO,nextval('app_v3.events_id_seq'::regclass),1,0,0,68,0,-1
events,slug,2,text,text,NO,,0,0,0,68,0,-1
events,title,3,text,text,NO,,0,0,0,68,0,-0.985294
events,description,4,text,text,NO,,0,0,0,68,0,-0.5
events,type,5,USER-DEFINED,EventType,NO,"'ORGANIZATION_EVENT'::app_v3.""EventType""",0,0,0,68,0,1
events,template_type,6,USER-DEFINED,EventTemplateType,YES,,0,0,0,68,0,3
events,organization_id,7,integer,int4,YES,,0,0,0,68,0,-0.279412
events,starts_at,8,timestamp without time zone,timestamp,NO,,0,0,0,68,0,-0.955882
events,ends_at,9,timestamp without time zone,timestamp,NO,,0,0,0,68,0,-1
events,status,16,USER-DEFINED,EventStatus,NO,"'DRAFT'::app_v3.""EventStatus""",0,0,0,68,0,2
events,timezone,17,text,text,NO,'Europe/Lisbon'::text,0,0,0,68,0,1
events,cover_image_url,18,text,text,YES,,0,0,0,68,0.323529,-0.676471
events,created_at,19,timestamp without time zone,timestamp,NO,CURRENT_TIMESTAMP,0,0,0,68,0,-1
events,updated_at,20,timestamp without time zone,timestamp,NO,,0,0,0,68,0,-0.926471
events,owner_user_id,21,uuid,uuid,NO,,0,0,0,68,0,-0.191176
events,deleted_at,22,timestamp without time zone,timestamp,YES,,0,0,0,68,1,0
events,is_deleted,23,boolean,bool,NO,false,0,0,0,68,0,1
events,resale_mode,24,USER-DEFINED,ResaleMode,NO,"'ALWAYS'::app_v3.""ResaleMode""",0,0,0,68,0,2
events,fee_mode,28,USER-DEFINED,FeeMode,NO,"'INCLUDED'::app_v3.""FeeMode""",0,0,0,68,0,2
events,payout_mode,29,USER-DEFINED,PayoutMode,NO,"'ORGANIZATION'::app_v3.""PayoutMode""",0,0,0,68,0,2
events,pricing_mode,42,USER-DEFINED,EventPricingMode,NO,"'STANDARD'::app_v3.""EventPricingMode""",0,0,0,68,0,2
events,env,43,text,text,NO,'prod'::text,0,0,0,68,0,1
events,address_id,44,uuid,uuid,YES,,0,1,0,68,0,-0.411765
events,interest_tags,45,ARRAY,_text,YES,ARRAY[]::text[],0,0,0,68,0,2
follow_requests,id,1,integer,int4,NO,nextval('app_v3.follow_requests_id_seq'::regclass),1,0,0,0,,
follow_requests,requester_id,2,uuid,uuid,NO,,0,1,0,0,,
follow_requests,target_id,3,uuid,uuid,NO,,0,1,0,0,,
follow_requests,created_at,4,timestamp with time zone,timestamptz,NO,now(),0,0,0,0,,
follow_requests,env,5,text,text,NO,'prod'::text,0,0,0,0,,
follows,id,1,integer,int4,NO,nextval('app_v3.follows_id_seq'::regclass),1,0,0,10100,0,-1
follows,follower_id,2,uuid,uuid,NO,,0,1,1,10100,0,100
follows,following_id,3,uuid,uuid,NO,,0,1,1,10100,0,100
follows,created_at,4,timestamp with time zone,timestamptz,NO,now(),0,0,0,10100,0,5
follows,env,5,text,text,NO,'prod'::text,0,0,0,10100,0,1
global_usernames,username,1,USER-DEFINED,citext,NO,,1,0,0,130,0,-1
global_usernames,owner_type,2,text,text,NO,,0,0,0,130,0,2
global_usernames,owner_id,3,text,text,NO,,0,0,0,130,0,-1
global_usernames,created_at,4,timestamp with time zone,timestamptz,NO,now(),0,0,0,130,0,-1
global_usernames,updated_at,5,timestamp with time zone,timestamptz,NO,now(),0,0,0,130,0,-1
global_usernames,env,6,text,text,NO,'prod'::text,0,0,0,130,0,1
group_membership_requests,id,1,uuid,uuid,NO,gen_random_uuid(),1,0,0,0,,
group_membership_requests,env,2,text,text,NO,'prod'::text,0,0,0,0,,
group_membership_requests,type,3,USER-DEFINED,GroupMembershipRequestType,NO,,0,0,0,0,,
group_membership_requests,status,4,USER-DEFINED,GroupMembershipRequestStatus,NO,"'PENDING_CODES'::app_v3.""GroupMembershipRequestStatus""",0,0,0,0,,
group_membership_requests,group_id,5,integer,int4,NO,,0,1,0,0,,
group_membership_requests,organization_id,6,integer,int4,NO,,0,1,0,0,,
group_membership_requests,initiator_user_id,7,uuid,uuid,NO,,0,1,0,0,,
group_membership_requests,current_org_owner_user_id,8,uuid,uuid,NO,,0,1,0,0,,
group_membership_requests,target_owner_user_id,9,uuid,uuid,YES,,0,1,0,0,,
group_membership_requests,group_owner_code_hash,10,text,text,YES,,0,0,0,0,,
group_membership_requests,org_owner_code_hash,11,text,text,YES,,0,0,0,0,,
group_membership_requests,target_owner_code_hash,12,text,text,YES,,0,0,0,0,,
group_membership_requests,group_owner_code_verified_at,13,timestamp with time zone,timestamptz,YES,,0,0,0,0,,
group_membership_requests,org_owner_code_verified_at,14,timestamp with time zone,timestamptz,YES,,0,0,0,0,,
group_membership_requests,target_owner_code_verified_at,15,timestamp with time zone,timestamptz,YES,,0,0,0,0,,
group_membership_requests,code_expires_at,16,timestamp with time zone,timestamptz,YES,,0,0,0,0,,
group_membership_requests,lockout_until,17,timestamp with time zone,timestamptz,YES,,0,0,0,0,,
group_membership_requests,attempt_count,18,integer,int4,NO,0,0,0,0,0,,
group_membership_requests,group_owner_email_token_hash,19,text,text,YES,,0,0,0,0,,
group_membership_requests,org_owner_email_token_hash,20,text,text,YES,,0,0,0,0,,
group_membership_requests,target_owner_email_token_hash,21,text,text,YES,,0,0,0,0,,
group_membership_requests,group_owner_email_confirmed_at,22,timestamp with time zone,timestamptz,YES,,0,0,0,0,,
group_membership_requests,org_owner_email_confirmed_at,23,timestamp with time zone,timestamptz,YES,,0,0,0,0,,
group_membership_requests,target_owner_email_confirmed_at,24,timestamp with time zone,timestamptz,YES,,0,0,0,0,,
group_membership_requests,email_token_expires_at,25,timestamp with time zone,timestamptz,YES,,0,0,0,0,,
group_membership_requests,resend_count,26,integer,int4,NO,0,0,0,0,0,,
group_membership_requests,correlation_id,27,text,text,YES,,0,0,0,0,,
group_membership_requests,metadata,28,jsonb,jsonb,YES,'{}'::jsonb,0,0,0,0,,
group_membership_requests,expires_at,29,timestamp with time zone,timestamptz,YES,,0,0,0,0,,
group_membership_requests,completed_at,30,timestamp with time zone,timestamptz,YES,,0,0,0,0,,
group_membership_requests,cancelled_at,31,timestamp with time zone,timestamptz,YES,,0,0,0,0,,
group_membership_requests,created_at,32,timestamp with time zone,timestamptz,NO,now(),0,0,0,0,,
group_membership_requests,updated_at,33,timestamp with time zone,timestamptz,NO,now(),0,0,0,0,,
guest_ticket_access_tokens,env,1,text,text,NO,'prod'::text,0,0,0,0,,
guest_ticket_access_tokens,id,2,uuid,uuid,NO,gen_random_uuid(),1,0,0,0,,
guest_ticket_access_tokens,purchase_id,3,text,text,NO,,0,0,0,0,,
guest_ticket_access_tokens,event_id,4,integer,int4,NO,,0,1,0,0,,
guest_ticket_access_tokens,guest_email,5,USER-DEFINED,citext,NO,,0,0,0,0,,
guest_ticket_access_tokens,token_hash,6,text,text,NO,,0,0,1,0,,
guest_ticket_access_tokens,expires_at,7,timestamp with time zone,timestamptz,NO,,0,0,0,0,,
guest_ticket_access_tokens,created_at,8,timestamp with time zone,timestamptz,NO,now(),0,0,0,0,,
guest_ticket_access_tokens,updated_at,9,timestamp with time zone,timestamptz,NO,now(),0,0,0,0,,
guest_ticket_links,ticket_id,1,text,text,NO,,1,1,0,0,0,-1
guest_ticket_links,guest_email,2,text,text,NO,,0,0,0,0,0,-0.5
guest_ticket_links,guest_name,3,text,text,NO,,0,0,0,0,0,-0.5
guest_ticket_links,guest_phone,4,text,text,YES,,0,0,0,0,0,1
guest_ticket_links,created_at,7,timestamp with time zone,timestamptz,YES,now(),0,0,0,0,0,-1
guest_ticket_links,updated_at,8,timestamp with time zone,timestamptz,YES,now(),0,0,0,0,0,-1
guest_ticket_links,env,9,text,text,NO,'prod'::text,0,0,0,0,0,1
identity_merge_logs,env,1,text,text,NO,'prod'::text,0,0,0,4,,
identity_merge_logs,id,2,uuid,uuid,NO,gen_random_uuid(),1,0,0,4,,
identity_merge_logs,from_identity_id,3,uuid,uuid,NO,,0,1,0,4,,
identity_merge_logs,to_identity_id,4,uuid,uuid,NO,,0,1,0,4,,
identity_merge_logs,reason,5,USER-DEFINED,IdentityMergeReason,NO,,0,0,0,4,,
identity_merge_logs,email_normalized,6,USER-DEFINED,citext,NO,,0,0,0,4,,
identity_merge_logs,email_hash_hmac,7,text,text,NO,,0,0,0,4,,
identity_merge_logs,trigger_source,8,USER-DEFINED,IdentityMergeTriggerSource,NO,,0,0,0,4,,
identity_merge_logs,idempotency_key,9,text,text,NO,,0,0,0,4,,
identity_merge_logs,merged_at,10,timestamp with time zone,timestamptz,NO,now(),0,0,0,4,,
identity_merge_logs,merged_by,11,uuid,uuid,YES,,0,0,0,4,,
identity_merge_logs,artifacts_moved,12,jsonb,jsonb,NO,'{}'::jsonb,0,0,0,4,,
identity_merge_logs,status,13,USER-DEFINED,IdentityMergeStatus,NO,,0,0,0,4,,
identity_merge_logs,failure_code,14,text,text,YES,,0,0,0,4,,
identity_merge_logs,created_at,15,timestamp with time zone,timestamptz,NO,now(),0,0,0,4,,
identity_merge_logs,updated_at,16,timestamp with time zone,timestamptz,NO,now(),0,0,0,4,,
identity_tombstones,env,1,text,text,NO,'prod'::text,0,0,0,0,,
identity_tombstones,id,2,uuid,uuid,NO,gen_random_uuid(),1,0,0,0,,
identity_tombstones,from_identity_id,3,uuid,uuid,NO,,0,1,0,0,,
identity_tombstones,to_identity_id,4,uuid,uuid,NO,,0,1,0,0,,
identity_tombstones,merge_id,5,uuid,uuid,YES,,0,1,0,0,,
identity_tombstones,reason,6,USER-DEFINED,IdentityMergeReason,NO,,0,0,0,0,,
identity_tombstones,created_at,7,timestamp with time zone,timestamptz,NO,now(),0,0,0,0,,
identity_tombstones,created_by,8,uuid,uuid,YES,,0,0,0,0,,
identity_tombstones,metadata,9,jsonb,jsonb,NO,'{}'::jsonb,0,0,0,0,,
invite_tokens,id,1,uuid,uuid,NO,gen_random_uuid(),1,0,0,0,,
invite_tokens,token_hash,2,text,text,NO,,0,0,1,0,,
invite_tokens,event_id,3,integer,int4,NO,,0,1,0,0,,
invite_tokens,ticket_type_id,4,integer,int4,YES,,0,1,0,0,,
invite_tokens,email_normalized,5,USER-DEFINED,citext,NO,,0,0,0,0,,
invite_tokens,expires_at,6,timestamp with time zone,timestamptz,NO,,0,0,0,0,,
invite_tokens,used_at,7,timestamp with time zone,timestamptz,YES,,0,0,0,0,,
invite_tokens,used_by_identity_id,8,uuid,uuid,YES,,0,0,0,0,,
invite_tokens,created_at,9,timestamp with time zone,timestamptz,NO,now(),0,0,0,0,,
invite_tokens,env,11,text,text,NO,'prod'::text,0,0,0,0,,
invoices,id,1,uuid,uuid,NO,gen_random_uuid(),1,0,0,152,0,-1
invoices,organization_id,2,integer,int4,NO,,0,1,0,152,0,1
invoices,customer_identity_id,3,uuid,uuid,YES,,0,0,0,152,0,-0.407895
invoices,source_type,4,USER-DEFINED,SourceType,NO,,0,0,0,152,0,2
invoices,source_id,5,text,text,NO,,0,0,0,152,0,-0.5
invoices,kind,6,USER-DEFINED,InvoiceKind,NO,"'CONSUMER'::app_v3.""InvoiceKind""",0,0,0,152,0,2
invoices,status,7,USER-DEFINED,InvoiceStatus,NO,"'ISSUED'::app_v3.""InvoiceStatus""",0,0,0,152,0,1
invoices,invoice_number,8,text,text,YES,,0,0,0,152,0,-1
invoices,currency,9,text,text,NO,'EUR'::text,0,0,0,152,0,1
invoices,amount_cents,10,integer,int4,NO,,0,0,0,152,0,-0.401316
invoices,issued_at,11,timestamp with time zone,timestamptz,YES,,0,0,0,152,0,-0.394737
invoices,paid_at,12,timestamp with time zone,timestamptz,YES,,0,0,0,152,0,-0.394737
invoices,metadata,13,jsonb,jsonb,YES,'{}'::jsonb,0,0,0,152,0,-1
invoices,created_at,14,timestamp with time zone,timestamptz,NO,now(),0,0,0,152,0,1
invoices,updated_at,15,timestamp with time zone,timestamptz,NO,now(),0,0,0,152,0,1
invoices,env,16,text,text,NO,'prod'::text,0,0,0,152,0,1
ledger_entries,id,1,integer,int4,NO,nextval('app_v3.ledger_entries_id_seq'::regclass),1,0,0,319,0,-1
ledger_entries,payment_id,2,text,text,NO,,0,1,0,319,0,-0.304075
ledger_entries,entry_type,3,USER-DEFINED,LedgerEntryType,NO,,0,0,0,319,0,9
ledger_entries,amount,4,integer,int4,NO,,0,0,0,319,0,-0.470219
ledger_entries,currency,5,text,text,NO,,0,0,0,319,0,1
ledger_entries,source_type,6,USER-DEFINED,SourceType,NO,,0,0,0,319,0,4
ledger_entries,source_id,7,text,text,NO,,0,0,0,319,0,-0.285266
ledger_entries,causation_id,8,text,text,NO,,0,0,0,319,0,-1
ledger_entries,correlation_id,9,text,text,NO,,0,0,0,319,0,-0.31348
ledger_entries,created_at,10,timestamp with time zone,timestamptz,NO,now(),0,0,0,319,0,-0.181818
ledger_entries,env,11,text,text,NO,'prod'::text,0,0,0,319,0,1
locks,key,1,text,text,NO,,1,0,0,0,,
locks,expires_at,2,timestamp with time zone,timestamptz,NO,,0,0,0,0,,
locks,env,3,text,text,NO,'prod'::text,0,0,0,0,,
loyalty_ledger,id,1,uuid,uuid,NO,gen_random_uuid(),1,0,0,0,,
loyalty_ledger,organization_id,2,integer,int4,NO,,0,1,0,0,,
loyalty_ledger,program_id,3,uuid,uuid,NO,,0,1,0,0,,
loyalty_ledger,user_id,4,uuid,uuid,NO,,0,1,0,0,,
loyalty_ledger,rule_id,5,uuid,uuid,YES,,0,1,0,0,,
loyalty_ledger,entry_type,6,USER-DEFINED,LoyaltyEntryType,NO,,0,0,0,0,,
loyalty_ledger,points,7,integer,int4,NO,,0,0,0,0,,
loyalty_ledger,balance_after,8,integer,int4,YES,,0,0,0,0,,
loyalty_ledger,source_type,9,USER-DEFINED,LoyaltySourceType,NO,,0,0,0,0,,
loyalty_ledger,source_id,10,text,text,YES,,0,0,0,0,,
loyalty_ledger,reward_id,11,uuid,uuid,YES,,0,1,0,0,,
loyalty_ledger,dedupe_key,12,text,text,YES,,0,0,0,0,,
loyalty_ledger,note,13,text,text,YES,,0,0,0,0,,
loyalty_ledger,expires_at,14,timestamp with time zone,timestamptz,YES,,0,0,0,0,,
loyalty_ledger,created_at,15,timestamp with time zone,timestamptz,NO,CURRENT_TIMESTAMP,0,0,0,0,,
loyalty_ledger,env,16,text,text,NO,'prod'::text,0,0,0,0,,
loyalty_programs,id,1,uuid,uuid,NO,gen_random_uuid(),1,0,0,0,,
loyalty_programs,organization_id,2,integer,int4,NO,,0,1,0,0,,
loyalty_programs,status,3,USER-DEFINED,LoyaltyProgramStatus,NO,"'ACTIVE'::app_v3.""LoyaltyProgramStatus""",0,0,0,0,,
loyalty_programs,name,4,text,text,NO,'Pontos ORYA'::text,0,0,0,0,,
loyalty_programs,pointsName,5,text,text,NO,'Pontos'::text,0,0,0,0,,
loyalty_programs,points_expiry_days,6,integer,int4,YES,,0,0,0,0,,
loyalty_programs,terms_url,7,text,text,YES,,0,0,0,0,,
loyalty_programs,created_at,8,timestamp with time zone,timestamptz,NO,CURRENT_TIMESTAMP,0,0,0,0,,
loyalty_programs,updated_at,9,timestamp with time zone,timestamptz,NO,CURRENT_TIMESTAMP,0,0,0,0,,
loyalty_programs,env,10,text,text,NO,'prod'::text,0,0,0,0,,
loyalty_rewards,id,1,uuid,uuid,NO,gen_random_uuid(),1,0,0,0,,
loyalty_rewards,program_id,2,uuid,uuid,NO,,0,1,0,0,,
loyalty_rewards,name,3,text,text,NO,,0,0,0,0,,
loyalty_rewards,type,4,USER-DEFINED,LoyaltyRewardType,NO,,0,0,0,0,,
loyalty_rewards,points_cost,5,integer,int4,NO,,0,0,0,0,,
loyalty_rewards,stock,6,integer,int4,YES,,0,0,0,0,,
loyalty_rewards,payload,7,jsonb,jsonb,YES,'{}'::jsonb,0,0,0,0,,
loyalty_rewards,is_active,8,boolean,bool,NO,true,0,0,0,0,,
loyalty_rewards,created_at,9,timestamp with time zone,timestamptz,NO,CURRENT_TIMESTAMP,0,0,0,0,,
loyalty_rewards,updated_at,10,timestamp with time zone,timestamptz,NO,CURRENT_TIMESTAMP,0,0,0,0,,
loyalty_rewards,env,11,text,text,NO,'prod'::text,0,0,0,0,,
loyalty_rules,id,1,uuid,uuid,NO,gen_random_uuid(),1,0,0,0,,
loyalty_rules,program_id,2,uuid,uuid,NO,,0,1,0,0,,
loyalty_rules,name,3,text,text,NO,,0,0,0,0,,
loyalty_rules,trigger,4,USER-DEFINED,LoyaltyRuleTrigger,NO,,0,0,0,0,,
loyalty_rules,points,5,integer,int4,NO,,0,0,0,0,,
loyalty_rules,max_points_per_day,6,integer,int4,YES,,0,0,0,0,,
loyalty_rules,max_points_per_user,7,integer,int4,YES,,0,0,0,0,,
loyalty_rules,conditions,8,jsonb,jsonb,YES,'{}'::jsonb,0,0,0,0,,
loyalty_rules,is_active,9,boolean,bool,NO,true,0,0,0,0,,
loyalty_rules,created_at,10,timestamp with time zone,timestamptz,NO,CURRENT_TIMESTAMP,0,0,0,0,,
loyalty_rules,updated_at,11,timestamp with time zone,timestamptz,NO,CURRENT_TIMESTAMP,0,0,0,0,,
loyalty_rules,env,12,text,text,NO,'prod'::text,0,0,0,0,,
match_notifications,id,1,integer,int4,NO,nextval('app_v3.match_notifications_id_seq'::regclass),1,0,0,0,,
match_notifications,match_id,2,integer,int4,NO,,0,0,0,0,,
match_notifications,dedupe_key,3,text,text,NO,,0,0,1,0,,
match_notifications,created_at,4,timestamp with time zone,timestamptz,YES,now(),0,0,0,0,,
match_notifications,payload,5,jsonb,jsonb,YES,,0,0,0,0,,
match_notifications,env,6,text,text,NO,'prod'::text,0,0,0,0,,
media_assets,env,1,text,text,NO,'prod'::text,0,0,0,13,,
media_assets,id,2,uuid,uuid,NO,gen_random_uuid(),1,0,0,13,,
media_assets,organization_id,3,integer,int4,YES,,0,1,0,13,,
media_assets,owner_type,4,USER-DEFINED,MediaOwnerType,NO,,0,0,0,13,,
media_assets,owner_id,5,text,text,NO,,0,0,0,13,,
media_assets,uploaded_by_user_id,6,uuid,uuid,YES,,0,0,0,13,,
media_assets,scope,7,text,text,NO,,0,0,0,13,,
media_assets,bucket,8,text,text,NO,,0,0,0,13,,
media_assets,object_path,9,text,text,NO,,0,0,0,13,,
media_assets,mime_type,10,text,text,NO,,0,0,0,13,,
media_assets,size_bytes,11,integer,int4,NO,,0,0,0,13,,
media_assets,checksum_sha256,12,text,text,NO,,0,0,0,13,,
media_assets,original_filename,13,text,text,YES,,0,0,0,13,,
media_assets,is_public,14,boolean,bool,NO,false,0,0,0,13,,
media_assets,created_at,15,timestamp with time zone,timestamptz,NO,now(),0,0,0,13,,
media_assets,deleted_at,16,timestamp with time zone,timestamptz,YES,,0,0,0,13,,
notification_mutes,env,1,text,text,NO,'prod'::text,0,0,0,0,,
notification_mutes,id,2,uuid,uuid,NO,gen_random_uuid(),1,0,0,0,,
notification_mutes,user_id,3,uuid,uuid,NO,,0,1,1,0,,
notification_mutes,organization_id,4,integer,int4,YES,,0,1,1,0,,
notification_mutes,event_id,5,integer,int4,YES,,0,1,1,0,,
notification_mutes,created_at,6,timestamp with time zone,timestamptz,NO,now(),0,0,0,0,,
notification_outbox,id,1,uuid,uuid,NO,gen_random_uuid(),1,0,0,146,0,-1
notification_outbox,user_id,2,uuid,uuid,YES,,0,0,0,146,0,-0.566434
notification_outbox,notification_type,3,text,text,NO,,0,0,0,146,0,5
notification_outbox,template_version,4,text,text,YES,,0,0,0,146,0.195804,1
notification_outbox,dedupe_key,5,text,text,NO,,0,0,0,146,0,-1
notification_outbox,status,6,text,text,NO,'PENDING'::text,0,0,0,146,0,1
notification_outbox,payload,7,jsonb,jsonb,NO,'{}'::jsonb,0,0,0,146,0,12
notification_outbox,retries,8,integer,int4,NO,0,0,0,0,146,0,1
notification_outbox,last_error,9,text,text,YES,,0,0,0,146,1,0
notification_outbox,created_at,10,timestamp with time zone,timestamptz,NO,now(),0,0,0,146,0,-1
notification_outbox,sent_at,11,timestamp with time zone,timestamptz,YES,,0,0,0,146,0,-1
notification_outbox,next_attempt_at,12,timestamp with time zone,timestamptz,YES,,0,0,0,146,1,0
notification_outbox,env,13,text,text,NO,'prod'::text,0,0,0,146,0,1
notification_preferences,userId,1,uuid,uuid,NO,,1,0,0,85,0,-1
notification_preferences,allow_email_notifications,2,boolean,bool,NO,true,0,0,0,85,0,1
notification_preferences,allow_event_reminders,3,boolean,bool,NO,true,0,0,0,85,0,1
notification_preferences,allow_follow_requests,4,boolean,bool,NO,true,0,0,0,85,0,1
notification_preferences,allow_sales_alerts,5,boolean,bool,NO,true,0,0,0,85,0,1
notification_preferences,allow_system_announcements,6,boolean,bool,NO,true,0,0,0,85,0,1
notification_preferences,created_at,7,timestamp with time zone,timestamptz,NO,now(),0,0,0,85,0,-1
notification_preferences,updated_at,8,timestamp with time zone,timestamptz,NO,now(),0,0,0,85,0,-1
notification_preferences,allow_marketing_campaigns,9,boolean,bool,NO,true,0,0,0,85,0,1
notification_preferences,env,10,text,text,NO,'prod'::text,0,0,0,85,0,1
notification_preferences,allow_social_notifications,11,boolean,bool,NO,true,0,0,0,85,0,1
notification_preferences,allow_event_notifications,12,boolean,bool,NO,true,0,0,0,85,0,1
notification_preferences,allow_system_notifications,13,boolean,bool,NO,true,0,0,0,85,0,1
notification_preferences,allow_marketing_notifications,14,boolean,bool,NO,true,0,0,0,85,0,1
notifications,id,1,uuid,uuid,NO,gen_random_uuid(),1,0,0,146,0,-1
notifications,user_id,2,uuid,uuid,NO,,0,1,0,146,0,-0.561644
notifications,type,3,USER-DEFINED,NotificationType,NO,,0,0,0,146,0,5
notifications,title,4,text,text,YES,,0,0,0,146,0,6
notifications,body,5,text,text,YES,,0,0,0,146,0,9
notifications,payload,6,jsonb,jsonb,YES,'{}'::jsonb,0,0,0,146,0,13
notifications,cta_url,7,text,text,YES,,0,0,0,146,0,6
notifications,cta_label,8,text,text,YES,,0,0,0,146,0,6
notifications,priority,9,USER-DEFINED,NotificationPriority,NO,"'NORMAL'::app_v3.""NotificationPriority""",0,0,0,146,0,2
notifications,from_user_id,10,uuid,uuid,YES,,0,1,0,146,0.965753,2
notifications,organization_id,11,integer,int4,YES,,0,1,0,146,0.253425,1
notifications,event_id,12,integer,int4,YES,,0,1,0,146,1,0
notifications,ticket_id,13,text,text,YES,,0,1,0,146,1,0
notifications,invite_id,14,uuid,uuid,YES,,0,1,0,146,1,0
notifications,is_read,15,boolean,bool,NO,false,0,0,0,146,0,2
notifications,read_at,16,timestamp with time zone,timestamptz,YES,,0,0,0,146,0.945205,6
notifications,expires_at,18,timestamp with time zone,timestamptz,YES,,0,0,0,146,1,0
notifications,created_at,19,timestamp with time zone,timestamptz,NO,now(),0,0,0,146,0,-1
notifications,source_event_id,20,text,text,YES,,0,0,0,146,0,-1
notifications,env,21,text,text,NO,'prod'::text,0,0,0,146,0,1
operations,id,1,integer,int4,NO,nextval('app_v3.operations_id_seq'::regclass),1,0,0,422,0,-1
operations,operation_type,2,text,text,NO,,0,0,0,422,0,3
operations,dedupe_key,3,text,text,NO,,0,0,1,422,0,-1
operations,status,4,USER-DEFINED,OperationStatus,NO,"'PENDING'::app_v3.""OperationStatus""",0,0,0,422,0,3
operations,attempts,5,integer,int4,NO,0,0,0,0,422,0,4
operations,last_error,6,text,text,YES,,0,0,0,422,0.985472,4
operations,locked_at,7,timestamp with time zone,timestamptz,YES,,0,0,0,422,1,0
operations,next_retry_at,8,timestamp with time zone,timestamptz,YES,,0,0,0,422,1,0
operations,payload,9,jsonb,jsonb,YES,'{}'::jsonb,0,0,0,422,0,-1
operations,purchase_id,10,text,text,YES,,0,0,0,422,0.985472,-0.0145279
operations,payment_intent_id,11,text,text,YES,,0,0,0,422,0.997579,-0.00242132
operations,stripe_event_id,12,text,text,YES,,0,0,0,422,1,0
operations,event_id,13,integer,int4,YES,,0,0,0,422,0.987893,4
operations,organization_id,14,integer,int4,YES,,0,0,0,422,1,0
operations,pairing_id,15,integer,int4,YES,,0,0,0,422,1,0
operations,created_at,16,timestamp with time zone,timestamptz,NO,now(),0,0,0,422,0,-1
operations,updated_at,17,timestamp with time zone,timestamptz,NO,now(),0,0,0,422,0,-1
operations,env,18,text,text,NO,'prod'::text,0,0,0,422,0,1
operations,reason_code,19,text,text,YES,,0,0,0,422,0.985472,3
operations,error_class,20,text,text,YES,,0,0,0,422,0.985472,2
operations,error_stack,21,text,text,YES,,0,0,0,422,0.985472,5
operations,first_seen_at,22,timestamp with time zone,timestamptz,YES,,0,0,0,422,0.985472,-0.0145279
operations,last_seen_at,23,timestamp with time zone,timestamptz,YES,,0,0,0,422,0.985472,-0.0145279
organization_audit_logs,id,1,uuid,uuid,NO,gen_random_uuid(),1,0,0,43,0,-1
organization_audit_logs,organization_id,2,integer,int4,NO,,0,0,0,43,0,1
organization_audit_logs,actor_user_id,3,uuid,uuid,YES,,0,0,0,43,0,1
organization_audit_logs,action,4,text,text,NO,,0,0,0,43,0,-0.461538
organization_audit_logs,from_user_id,5,uuid,uuid,YES,,0,0,0,43,1,0
organization_audit_logs,to_user_id,6,uuid,uuid,YES,,0,0,0,43,0.769231,-0.153846
organization_audit_logs,metadata,7,jsonb,jsonb,YES,'{}'::jsonb,0,0,0,43,0,-0.846154
organization_audit_logs,ip,8,text,text,YES,,0,0,0,43,0.153846,-0.153846
organization_audit_logs,user_agent,9,text,text,YES,,0,0,0,43,0.153846,1
organization_audit_logs,created_at,10,timestamp with time zone,timestamptz,YES,now(),0,0,0,43,0,-1
organization_audit_logs,group_id,11,integer,int4,YES,,0,0,0,43,0.769231,1
organization_audit_logs,entity_type,12,text,text,YES,,0,0,0,43,0.538462,-0.230769
organization_audit_logs,entity_id,13,text,text,YES,,0,0,0,43,0.538462,-0.461538
organization_audit_logs,correlation_id,14,text,text,YES,,0,0,0,43,0.538462,-0.461538
organization_audit_logs,env,15,text,text,NO,'prod'::text,0,0,0,43,0,1
organization_follows,id,1,integer,int4,NO,nextval('app_v3.organization_follows_id_seq'::regclass),1,0,0,1023,0,-1
organization_follows,follower_id,2,uuid,uuid,NO,,0,1,0,1023,0,-0.109307
organization_follows,organization_id,3,integer,int4,NO,,0,1,0,1023,0,14
organization_follows,created_at,4,timestamp with time zone,timestamptz,NO,now(),0,0,0,1023,0,16
organization_follows,env,5,text,text,NO,'prod'::text,0,0,0,1023,0,1
organization_form_fields,id,1,integer,int4,NO,nextval('app_v3.organization_form_fields_id_seq'::regclass),1,0,0,77,0,-1
organization_form_fields,form_id,2,integer,int4,NO,,0,1,0,77,0,-0.181818
organization_form_fields,label,3,text,text,NO,,0,0,0,77,0,-0.142857
organization_form_fields,field_type,4,USER-DEFINED,OrganizationFormFieldType,NO,,0,0,0,77,0,-0.103896
organization_form_fields,required,5,boolean,bool,NO,false,0,0,0,77,0,2
organization_form_fields,help_text,6,text,text,YES,,0,0,0,77,1,0
organization_form_fields,placeholder,7,text,text,YES,,0,0,0,77,0.272727,-0.103896
organization_form_fields,options,8,jsonb,jsonb,YES,,0,0,0,77,0.818182,2
organization_form_fields,order,9,integer,int4,NO,0,0,0,0,77,0,6
organization_form_fields,created_at,10,timestamp with time zone,timestamptz,NO,now(),0,0,0,77,0,-0.181818
organization_form_fields,updated_at,11,timestamp with time zone,timestamptz,NO,now(),0,0,0,77,0,-0.181818
organization_form_fields,env,12,text,text,NO,'prod'::text,0,0,0,77,0,1
organization_form_submissions,id,1,integer,int4,NO,nextval('app_v3.organization_form_submissions_id_seq'::regclass),1,0,0,0,,
organization_form_submissions,form_id,2,integer,int4,NO,,0,1,0,0,,
organization_form_submissions,user_id,3,uuid,uuid,YES,,0,1,0,0,,
organization_form_submissions,guest_email,4,text,text,YES,,0,0,0,0,,
organization_form_submissions,status,5,USER-DEFINED,OrganizationFormSubmissionStatus,NO,"'SUBMITTED'::app_v3.""OrganizationFormSubmissionStatus""",0,0,0,0,,
organization_form_submissions,answers,6,jsonb,jsonb,NO,'{}'::jsonb,0,0,0,0,,
organization_form_submissions,created_at,7,timestamp with time zone,timestamptz,NO,now(),0,0,0,0,,
organization_form_submissions,updated_at,8,timestamp with time zone,timestamptz,NO,now(),0,0,0,0,,
organization_form_submissions,env,9,text,text,NO,'prod'::text,0,0,0,0,,
organization_forms,id,1,integer,int4,NO,nextval('app_v3.organization_forms_id_seq'::regclass),1,0,0,14,0,-1
organization_forms,organization_id,2,integer,int4,NO,,0,1,0,14,0,-0.5
organization_forms,title,3,text,text,NO,,0,0,0,14,0,-1
organization_forms,description,4,text,text,YES,,0,0,0,14,0,-0.142857
organization_forms,status,5,USER-DEFINED,OrganizationFormStatus,NO,"'DRAFT'::app_v3.""OrganizationFormStatus""",0,0,0,14,0,1
organization_forms,capacity,6,integer,int4,YES,,0,0,0,14,0.5,1
organization_forms,waitlist_enabled,7,boolean,bool,NO,true,0,0,0,14,0,1
organization_forms,start_at,8,timestamp with time zone,timestamptz,YES,,0,0,0,14,0,-0.142857
organization_forms,end_at,9,timestamp with time zone,timestamptz,YES,,0,0,0,14,0,-0.142857
organization_forms,created_at,10,timestamp with time zone,timestamptz,NO,now(),0,0,0,14,0,-1
organization_forms,updated_at,11,timestamp with time zone,timestamptz,NO,now(),0,0,0,14,0,-1
organization_forms,env,12,text,text,NO,'prod'::text,0,0,0,14,0,1
organization_group_members,id,1,uuid,uuid,NO,gen_random_uuid(),1,0,0,193,0,-1
organization_group_members,group_id,2,integer,int4,NO,,0,1,0,193,0,9
organization_group_members,user_id,3,uuid,uuid,NO,,0,1,0,193,0,-0.208556
organization_group_members,role,4,USER-DEFINED,OrganizationMemberRole,NO,,0,0,0,193,0,5
organization_group_members,role_pack,5,USER-DEFINED,OrganizationRolePack,YES,,0,0,0,193,1,0
organization_group_members,scope_all_orgs,6,boolean,bool,NO,false,0,0,0,193,0,2
organization_group_members,scope_org_ids,7,ARRAY,_int4,NO,'{}'::integer[],0,0,0,193,0,9
organization_group_members,created_at,8,timestamp with time zone,timestamptz,NO,now(),0,0,0,193,0,-0.914438
organization_group_members,updated_at,9,timestamp with time zone,timestamptz,NO,now(),0,0,0,193,0,-0.951872
organization_group_members,env,10,text,text,NO,'prod'::text,0,0,0,193,0,1
organization_group_members,is_governance,11,boolean,bool,NO,false,0,0,0,193,0,2
organization_group_owner_transfers,id,1,uuid,uuid,NO,gen_random_uuid(),1,0,0,0,,
organization_group_owner_transfers,env,2,text,text,NO,'prod'::text,0,0,0,0,,
organization_group_owner_transfers,group_id,3,integer,int4,NO,,0,1,0,0,,
organization_group_owner_transfers,from_user_id,4,uuid,uuid,NO,,0,1,0,0,,
organization_group_owner_transfers,to_user_id,5,uuid,uuid,NO,,0,1,0,0,,
organization_group_owner_transfers,status,6,USER-DEFINED,GroupOwnerTransferStatus,NO,"'PENDING'::app_v3.""GroupOwnerTransferStatus""",0,0,0,0,,
organization_group_owner_transfers,token,7,text,text,NO,,0,0,1,0,,
organization_group_owner_transfers,expires_at,8,timestamp with time zone,timestamptz,NO,,0,0,0,0,,
organization_group_owner_transfers,created_at,9,timestamp with time zone,timestamptz,NO,now(),0,0,0,0,,
organization_group_owner_transfers,confirmed_at,10,timestamp with time zone,timestamptz,YES,,0,0,0,0,,
organization_group_owner_transfers,cancelled_at,11,timestamp with time zone,timestamptz,YES,,0,0,0,0,,
organization_groups,id,1,integer,int4,NO,,1,0,0,14,0,-1
organization_groups,created_at,2,timestamp with time zone,timestamptz,NO,now(),0,0,0,14,0,-1
organization_groups,updated_at,3,timestamp with time zone,timestamptz,NO,now(),0,0,0,14,0,-1
organization_groups,env,4,text,text,NO,'prod'::text,0,0,0,14,0,-0.5
organization_groups,owner_user_id,5,uuid,uuid,NO,,0,1,0,14,0,-1
organization_groups,name,6,text,text,YES,,0,0,0,14,,
organization_member_invites,id,1,uuid,uuid,NO,gen_random_uuid(),1,0,0,2,,
organization_member_invites,organization_id,2,integer,int4,NO,,0,1,0,2,,
organization_member_invites,invited_by_user_id,3,uuid,uuid,NO,,0,1,0,2,,
organization_member_invites,target_identifier,4,USER-DEFINED,citext,NO,,0,0,0,2,,
organization_member_invites,target_user_id,5,uuid,uuid,YES,,0,0,0,2,,
organization_member_invites,role,6,USER-DEFINED,OrganizationMemberRole,NO,,0,0,0,2,,
organization_member_invites,token,7,uuid,uuid,NO,,0,0,1,2,,
organization_member_invites,expires_at,8,timestamp with time zone,timestamptz,NO,,0,0,0,2,,
organization_member_invites,accepted_at,9,timestamp with time zone,timestamptz,YES,,0,0,0,2,,
organization_member_invites,declined_at,10,timestamp with time zone,timestamptz,YES,,0,0,0,2,,
organization_member_invites,cancelled_at,11,timestamp with time zone,timestamptz,YES,,0,0,0,2,,
organization_member_invites,created_at,12,timestamp with time zone,timestamptz,YES,now(),0,0,0,2,,
organization_member_invites,updated_at,13,timestamp with time zone,timestamptz,YES,now(),0,0,0,2,,
organization_member_invites,role_pack,14,USER-DEFINED,OrganizationRolePack,YES,,0,0,0,2,,
organization_member_invites,env,15,text,text,NO,'prod'::text,0,0,0,2,,
organization_member_overrides,id,1,uuid,uuid,NO,gen_random_uuid(),1,0,0,0,,
organization_member_overrides,group_member_id,2,uuid,uuid,NO,,0,1,0,0,,
organization_member_overrides,organization_id,3,integer,int4,NO,,0,1,0,0,,
organization_member_overrides,role_override,4,USER-DEFINED,OrganizationMemberRole,YES,,0,0,0,0,,
organization_member_overrides,revoked_at,5,timestamp with time zone,timestamptz,YES,,0,0,0,0,,
organization_member_overrides,created_at,6,timestamp with time zone,timestamptz,NO,now(),0,0,0,0,,
organization_member_overrides,updated_at,7,timestamp with time zone,timestamptz,NO,now(),0,0,0,0,,
organization_member_overrides,env,8,text,text,NO,'prod'::text,0,0,0,0,,
organization_member_permissions,id,1,integer,int4,NO,nextval('app_v3.organization_member_permissions_id_seq'::regclass),1,0,0,0,0,-1
organization_member_permissions,organization_id,2,integer,int4,NO,,0,1,0,0,0,2
organization_member_permissions,user_id,3,uuid,uuid,NO,,0,1,0,0,0,6
organization_member_permissions,module_key,4,USER-DEFINED,OrganizationModule,NO,,0,0,0,0,0,-0.157895
organization_member_permissions,access_level,5,USER-DEFINED,OrganizationPermissionLevel,NO,"'VIEW'::app_v3.""OrganizationPermissionLevel""",0,0,0,0,0,3
organization_member_permissions,scope_type,6,text,text,YES,,0,0,0,0,1,0
organization_member_permissions,scope_id,7,text,text,YES,,0,0,0,0,1,0
organization_member_permissions,created_at,8,timestamp with time zone,timestamptz,YES,now(),0,0,0,0,0,-0.105263
organization_member_permissions,updated_at,9,timestamp with time zone,timestamptz,YES,now(),0,0,0,0,0,-0.105263
organization_member_permissions,env,10,text,text,NO,'prod'::text,0,0,0,0,0,1
organization_modules,organization_id,1,integer,int4,NO,,1,1,0,212,0,20
organization_modules,module_key,2,USER-DEFINED,OrganizationModule,NO,,1,0,0,212,0,13
organization_modules,enabled,3,boolean,bool,NO,true,0,0,0,212,0,1
organization_modules,env,4,text,text,NO,'prod'::text,0,0,0,212,0,1
organization_official_email_requests,id,1,integer,int4,NO,nextval('app_v3.organization_official_email_requests_id_seq'::regclass),1,0,0,0,,
organization_official_email_requests,organization_id,2,integer,int4,NO,,0,1,0,0,,
organization_official_email_requests,requested_by_user_id,3,uuid,uuid,YES,,0,0,0,0,,
organization_official_email_requests,new_email,4,text,text,NO,,0,0,0,0,,
organization_official_email_requests,token,5,text,text,NO,,0,0,1,0,,
organization_official_email_requests,status,6,text,text,NO,'PENDING'::text,0,0,0,0,,
organization_official_email_requests,expires_at,7,timestamp with time zone,timestamptz,YES,,0,0,0,0,,
organization_official_email_requests,created_at,8,timestamp with time zone,timestamptz,NO,now(),0,0,0,0,,
organization_official_email_requests,confirmed_at,9,timestamp with time zone,timestamptz,YES,,0,0,0,0,,
organization_official_email_requests,cancelled_at,10,timestamp with time zone,timestamptz,YES,,0,0,0,0,,
organization_official_email_requests,env,11,text,text,NO,'prod'::text,0,0,0,0,,
organization_owner_transfers,id,1,uuid,uuid,NO,gen_random_uuid(),1,0,0,0,,
organization_owner_transfers,organization_id,2,integer,int4,NO,,0,0,0,0,,
organization_owner_transfers,from_user_id,3,uuid,uuid,NO,,0,0,0,0,,
organization_owner_transfers,to_user_id,4,uuid,uuid,NO,,0,0,0,0,,
organization_owner_transfers,status,5,USER-DEFINED,OrganizationOwnerTransferStatus,NO,"'PENDING'::app_v3.""OrganizationOwnerTransferStatus""",0,0,0,0,,
organization_owner_transfers,token,6,text,text,NO,,0,0,1,0,,
organization_owner_transfers,expires_at,7,timestamp with time zone,timestamptz,NO,,0,0,0,0,,
organization_owner_transfers,created_at,8,timestamp with time zone,timestamptz,YES,now(),0,0,0,0,,
organization_owner_transfers,confirmed_at,9,timestamp with time zone,timestamptz,YES,,0,0,0,0,,
organization_owner_transfers,cancelled_at,10,timestamp with time zone,timestamptz,YES,,0,0,0,0,,
organization_owner_transfers,env,11,text,text,NO,'prod'::text,0,0,0,0,,
organization_policies,id,1,integer,int4,NO,nextval('app_v3.organization_policies_id_seq'::regclass),1,0,0,18,0,-1
organization_policies,organization_id,2,integer,int4,NO,,0,1,0,18,0,-0.785714
organization_policies,name,3,text,text,NO,,0,0,0,18,0,-0.785714
organization_policies,policy_type,4,USER-DEFINED,OrganizationPolicyType,NO,,0,0,0,18,0,-0.214286
organization_policies,cancellation_window_minutes,5,integer,int4,YES,,0,0,0,18,0,-0.285714
organization_policies,created_at,6,timestamp with time zone,timestamptz,NO,CURRENT_TIMESTAMP,0,0,0,18,0,-0.857143
organization_policies,updated_at,7,timestamp with time zone,timestamptz,NO,CURRENT_TIMESTAMP,0,0,0,18,0,-0.857143
organization_policies,guest_booking_allowed,8,boolean,bool,NO,false,0,0,0,18,0,-0.142857
organization_policies,no_show_fee_cents,12,integer,int4,NO,0,0,0,0,18,0,1
organization_policies,env,13,text,text,NO,'prod'::text,0,0,0,18,0,1
organization_policies,allow_cancellation,14,boolean,bool,NO,true,0,0,0,18,0,1
organization_policies,cancellation_penalty_bps,15,integer,int4,NO,0,0,0,0,18,0,1
organization_policies,allow_reschedule,16,boolean,bool,NO,true,0,0,0,18,0,1
organization_policies,reschedule_window_minutes,17,integer,int4,YES,,0,0,0,18,0,-0.285714
organization_settings,organization_id,1,integer,int4,NO,,1,1,0,8,,
organization_settings,invoicing_mode,2,USER-DEFINED,InvoicingMode,YES,,0,0,0,8,,
organization_settings,invoicing_software_name,3,text,text,YES,,0,0,0,8,,
organization_settings,invoicing_notes,4,text,text,YES,,0,0,0,8,,
organization_settings,invoicing_acknowledged_at,5,timestamp with time zone,timestamptz,YES,,0,0,0,8,,
organization_settings,invoicing_acknowledged_by_identity_id,6,uuid,uuid,YES,,0,1,0,8,,
organization_settings,created_at,7,timestamp with time zone,timestamptz,NO,now(),0,0,0,8,,
organization_settings,updated_at,8,timestamp with time zone,timestamptz,NO,now(),0,0,0,8,,
organization_settings,env,9,text,text,NO,'prod'::text,0,0,0,8,,
organization_settings,support_email,10,text,text,YES,,0,0,0,8,,
organization_settings,support_phone,11,text,text,YES,,0,0,0,8,,
organization_settings,store_return_policy_mode,14,text,text,YES,,0,0,0,8,,
organization_settings,store_return_window_days,15,integer,int4,YES,,0,0,0,8,,
organization_settings,booking_grid_minutes,17,integer,int4,NO,30,0,0,0,8,,
organization_settings,booking_allowed_durations,18,ARRAY,_int4,NO,"ARRAY[60, 90]",0,0,0,8,,
organization_settings,booking_allow_custom_duration,19,boolean,bool,NO,false,0,0,0,8,,
organization_step_up_challenges,env,1,text,text,NO,'prod'::text,0,0,0,0,,
organization_step_up_challenges,id,2,uuid,uuid,NO,gen_random_uuid(),1,0,0,0,,
organization_step_up_challenges,organization_id,3,integer,int4,NO,,0,1,0,0,,
organization_step_up_challenges,user_id,4,uuid,uuid,NO,,0,0,0,0,,
organization_step_up_challenges,action,5,USER-DEFINED,OrganizationStepUpAction,NO,,0,0,0,0,,
organization_step_up_challenges,code_hash,6,text,text,NO,,0,0,0,0,,
organization_step_up_challenges,expires_at,7,timestamp with time zone,timestamptz,NO,,0,0,0,0,,
organization_step_up_challenges,attempt_count,8,integer,int4,NO,0,0,0,0,0,,
organization_step_up_challenges,lockout_until,9,timestamp with time zone,timestamptz,YES,,0,0,0,0,,
organization_step_up_challenges,consumed_at,10,timestamp with time zone,timestamptz,YES,,0,0,0,0,,
organization_step_up_challenges,last_sent_at,11,timestamp with time zone,timestamptz,YES,,0,0,0,0,,
organization_step_up_challenges,metadata,12,jsonb,jsonb,YES,'{}'::jsonb,0,0,0,0,,
organization_step_up_challenges,created_at,13,timestamp with time zone,timestamptz,NO,now(),0,0,0,0,,
organization_step_up_challenges,updated_at,14,timestamp with time zone,timestamptz,NO,now(),0,0,0,0,,
organizations,id,1,integer,int4,NO,nextval('app_v3.organizations_id_seq'::regclass),1,0,0,20,0,-1
organizations,stripe_account_id,2,text,text,YES,,0,0,0,20,0,1
organizations,status,3,USER-DEFINED,OrganizationStatus,NO,"'PENDING'::app_v3.""OrganizationStatus""",0,0,0,20,0,1
organizations,created_at,4,timestamp without time zone,timestamp,NO,CURRENT_TIMESTAMP,0,0,0,20,0,-1
organizations,updated_at,5,timestamp without time zone,timestamp,NO,now(),0,0,0,20,0,-1
organizations,fee_mode,6,USER-DEFINED,FeeMode,NO,"'ADDED'::app_v3.""FeeMode""",0,0,0,20,0,1
organizations,platform_fee_bps,7,integer,int4,NO,200,0,0,0,20,0,1
organizations,platform_fee_fixed_cents,8,integer,int4,NO,0,0,0,0,20,0,1
organizations,stripe_charges_enabled,9,boolean,bool,NO,false,0,0,0,20,0,1
organizations,stripe_payouts_enabled,10,boolean,bool,NO,false,0,0,0,20,0,1
organizations,entity_type,11,text,text,YES,,0,0,0,20,1,0
organizations,business_name,12,text,text,YES,,0,0,0,20,0.466667,-0.533333
organizations,payout_iban,14,text,text,YES,,0,0,0,20,1,0
organizations,username,15,USER-DEFINED,citext,YES,,0,0,0,20,0,-1
organizations,language,16,text,text,YES,'pt'::text,0,0,0,20,0,1
organizations,alerts_email,17,text,text,YES,,0,0,0,20,0.933333,-0.0666667
organizations,alerts_sales_enabled,18,boolean,bool,YES,true,0,0,0,20,0,1
organizations,alerts_payout_enabled,19,boolean,bool,YES,false,0,0,0,20,0,1
organizations,branding_avatar_url,20,text,text,YES,,0,0,0,20,0.933333,-0.0666667
organizations,branding_primary_color,21,text,text,YES,,0,0,0,20,0.933333,-0.0666667
organizations,branding_secondary_color,22,text,text,YES,,0,0,0,20,0.933333,-0.0666667
organizations,organization_kind,24,USER-DEFINED,OrganizationKind,NO,"'PESSOA_SINGULAR'::app_v3.""OrganizationKind""",0,0,0,20,0,-0.133333
organizations,padel_default_short_name,25,text,text,YES,,0,0,0,20,1,0
organizations,padel_default_courts,28,integer,int4,NO,0,0,0,0,20,0,1
organizations,padel_default_hours,29,text,text,YES,,0,0,0,20,1,0
organizations,padel_default_rule_set_id,30,integer,int4,YES,,0,1,0,20,1,0
organizations,padel_favorite_categories,31,ARRAY,_int4,NO,'{}'::integer[],0,0,0,20,0,1
organizations,public_name,32,text,text,NO,,0,0,0,20,0,-1
organizations,show_address_publicly,34,boolean,bool,NO,false,0,0,0,20,0,-0.133333
organizations,org_type,36,USER-DEFINED,OrgType,NO,"'EXTERNAL'::app_v3.""OrgType""",0,0,0,20,0,-0.133333
organizations,official_email,37,text,text,YES,,0,0,0,20,0,-1
organizations,official_email_verified_at,38,timestamp with time zone,timestamptz,YES,,0,0,0,20,0,-1
organizations,public_website,40,text,text,YES,,0,0,0,20,0.466667,-0.533333
organizations,public_description,41,text,text,YES,,0,0,0,20,0.466667,-0.533333
organizations,public_hours,42,text,text,YES,,0,0,0,20,0.466667,-0.466667
organizations,info_rules,43,text,text,YES,,0,0,0,20,0.533333,1
organizations,info_requirements,45,text,text,YES,,0,0,0,20,0.533333,-0.466667
organizations,info_policies,46,text,text,YES,,0,0,0,20,0.533333,1
organizations,info_location_notes,47,text,text,YES,,0,0,0,20,0.466667,-0.533333
organizations,public_instagram,49,text,text,YES,,0,0,0,20,0.466667,-0.533333
organizations,public_youtube,50,text,text,YES,,0,0,0,20,0.933333,-0.0666667
organizations,branding_cover_url,51,text,text,YES,,0,0,0,20,0.933333,-0.0666667
organizations,timezone,54,text,text,NO,'Europe/Lisbon'::text,0,0,0,20,0,1
organizations,reservation_assignment_mode,55,USER-DEFINED,ReservationAssignmentMode,NO,"'PROFESSIONAL_ONLY'::app_v3.""ReservationAssignmentMode""",0,0,0,20,0,1
organizations,primary_module,56,USER-DEFINED,OrganizationModule,NO,"'EVENTOS'::app_v3.""OrganizationModule""",0,0,0,20,0,-0.133333
organizations,group_id,58,integer,int4,NO,,0,1,0,20,0,-0.6
organizations,env,59,text,text,NO,'prod'::text,0,0,0,20,0,1
organizations,address_id,60,uuid,uuid,YES,,0,0,0,20,0.466667,-0.533333
organizations,public_tiktok,68,text,text,YES,,0,0,0,20,0.933333,-0.0666667
organizations,public_linkedin,69,text,text,YES,,0,0,0,20,0.933333,-0.0666667
organizations,org_reschedule_window_minutes,70,integer,int4,NO,240,0,0,0,20,0,1
outbox_events,event_id,1,uuid,uuid,NO,,1,0,0,416,0,-1
outbox_events,event_type,2,text,text,NO,,0,0,0,416,0,11
outbox_events,payload,3,jsonb,jsonb,NO,'{}'::jsonb,0,0,0,416,0,-1
outbox_events,created_at,4,timestamp with time zone,timestamptz,NO,now(),0,0,0,416,0,-1
outbox_events,published_at,5,timestamp with time zone,timestamptz,YES,,0,0,0,416,0.00242718,-0.997573
outbox_events,attempts,6,integer,int4,NO,0,0,0,0,416,0,1
outbox_events,next_attempt_at,7,timestamp with time zone,timestamptz,YES,,0,0,0,416,0.997573,-0.00242716
outbox_events,causation_id,8,text,text,YES,,0,0,0,416,0.0339806,-0.966019
outbox_events,correlation_id,9,text,text,YES,,0,0,0,416,0,-0.803398
outbox_events,dead_lettered_at,10,timestamp with time zone,timestamptz,YES,,0,0,0,416,1,0
outbox_events,dedupe_key,11,text,text,NO,,0,0,0,416,0,-1
outbox_events,claimed_at,12,timestamp with time zone,timestamptz,YES,,0,0,0,416,0,-0.487864
outbox_events,processing_token,13,uuid,uuid,YES,,0,0,0,416,0,-0.487864
outbox_events,env,14,text,text,NO,'prod'::text,0,0,0,416,0,1
outbox_events,reason_code,15,text,text,YES,,0,0,0,416,1,0
outbox_events,error_class,16,text,text,YES,,0,0,0,416,1,0
outbox_events,error_stack,17,text,text,YES,,0,0,0,416,1,0
outbox_events,first_seen_at,18,timestamp with time zone,timestamptz,YES,,0,0,0,416,1,0
outbox_events,last_seen_at,19,timestamp with time zone,timestamptz,YES,,0,0,0,416,1,0
padel_availabilities,id,1,integer,int4,NO,nextval('app_v3.padel_availabilities_id_seq'::regclass),1,0,0,0,,
padel_availabilities,organization_id,2,integer,int4,NO,,0,1,0,0,,
padel_availabilities,event_id,3,integer,int4,NO,,0,1,0,0,,
padel_availabilities,player_profile_id,4,integer,int4,YES,,0,1,0,0,,
padel_availabilities,player_name,5,text,text,YES,,0,0,0,0,,
padel_availabilities,player_email,6,text,text,YES,,0,0,0,0,,
padel_availabilities,start_at,7,timestamp with time zone,timestamptz,NO,,0,0,0,0,,
padel_availabilities,end_at,8,timestamp with time zone,timestamptz,NO,,0,0,0,0,,
padel_availabilities,note,9,text,text,YES,,0,0,0,0,,
padel_availabilities,created_at,10,timestamp with time zone,timestamptz,YES,now(),0,0,0,0,,
padel_availabilities,updated_at,11,timestamp with time zone,timestamptz,YES,now(),0,0,0,0,,
padel_availabilities,env,12,text,text,NO,'prod'::text,0,0,0,0,,
padel_categories,id,1,integer,int4,NO,nextval('app_v3.padel_categories_id_seq'::regclass),1,0,0,48,0,-1
padel_categories,organization_id,2,integer,int4,NO,,0,1,0,48,0,-0.25
padel_categories,label,3,text,text,NO,,0,0,0,48,0,-0.2
padel_categories,gender_restriction,4,text,text,YES,,0,0,0,48,0.5,2
padel_categories,min_level,5,text,text,YES,,0,0,0,48,0,2
padel_categories,max_level,6,text,text,YES,,0,0,0,48,0,-0.15
padel_categories,is_default,7,boolean,bool,NO,false,0,0,0,48,0,2
padel_categories,is_active,8,boolean,bool,NO,true,0,0,0,48,0,1
padel_categories,season,9,text,text,YES,,0,0,0,48,0,1
padel_categories,year,10,integer,int4,YES,,0,0,0,48,0,1
padel_categories,created_at,11,timestamp with time zone,timestamptz,NO,now(),0,0,0,48,0,-0.75
padel_categories,updated_at,12,timestamp with time zone,timestamptz,NO,now(),0,0,0,48,0,-0.75
padel_categories,env,13,text,text,NO,'prod'::text,0,0,0,48,0,1
padel_club_courts,id,1,integer,int4,NO,nextval('app_v3.padel_club_courts_id_seq'::regclass),1,0,0,48,0,-1
padel_club_courts,padel_club_id,2,integer,int4,NO,,0,1,0,48,0,-0.162791
padel_club_courts,name,3,text,text,NO,,0,0,0,48,0,-0.186047
padel_club_courts,description,4,text,text,YES,,0,0,0,48,0,-0.302326
padel_club_courts,surface,5,text,text,YES,,0,0,0,48,0,2
padel_club_courts,indoor,6,boolean,bool,NO,false,0,0,0,48,0,2
padel_club_courts,is_active,7,boolean,bool,NO,true,0,0,0,48,0,1
padel_club_courts,display_order,8,integer,int4,NO,0,0,0,0,48,0,-0.186047
padel_club_courts,created_at,9,timestamp with time zone,timestamptz,NO,now(),0,0,0,48,0,-0.581395
padel_club_courts,updated_at,10,timestamp with time zone,timestamptz,NO,now(),0,0,0,48,0,-0.581395
padel_club_courts,env,11,text,text,NO,'prod'::text,0,0,0,48,0,1
padel_club_courts,deleted_at,12,timestamp with time zone,timestamptz,YES,,0,0,0,48,1,0
padel_club_staff,id,1,integer,int4,NO,nextval('app_v3.padel_club_staff_id_seq'::regclass),1,0,0,48,0,-1
padel_club_staff,padel_club_id,2,integer,int4,NO,,0,1,0,48,0,-0.145833
padel_club_staff,user_id,3,uuid,uuid,NO,,0,0,0,48,0,-0.25
padel_club_staff,role,5,USER-DEFINED,PadelClubStaffRole,NO,,0,0,0,48,0,3
padel_club_staff,inherit_to_events,6,boolean,bool,NO,true,0,0,0,48,0,1
padel_club_staff,created_at,7,timestamp with time zone,timestamptz,NO,now(),0,0,0,48,0,-0.145833
padel_club_staff,updated_at,8,timestamp with time zone,timestamptz,NO,now(),0,0,0,48,0,-0.145833
padel_club_staff,is_active,9,boolean,bool,NO,true,0,0,0,48,0,1
padel_club_staff,deleted_at,10,timestamp with time zone,timestamptz,YES,,0,0,0,48,1,0
padel_club_staff,env,11,text,text,NO,'prod'::text,0,0,0,48,0,1
padel_club_staff_invites,id,1,uuid,uuid,NO,gen_random_uuid(),1,0,0,0,,
padel_club_staff_invites,env,2,text,text,NO,'prod'::text,0,0,0,0,,
padel_club_staff_invites,organization_id,3,integer,int4,NO,,0,1,0,0,,
padel_club_staff_invites,padel_club_id,4,integer,int4,NO,,0,1,0,0,,
padel_club_staff_invites,invited_by_user_id,5,uuid,uuid,NO,,0,1,0,0,,
padel_club_staff_invites,target_identifier,6,USER-DEFINED,citext,NO,,0,0,0,0,,
padel_club_staff_invites,target_user_id,7,uuid,uuid,YES,,0,1,0,0,,
padel_club_staff_invites,role,8,USER-DEFINED,PadelClubStaffRole,NO,,0,0,0,0,,
padel_club_staff_invites,inherit_to_events,9,boolean,bool,NO,true,0,0,0,0,,
padel_club_staff_invites,token,10,uuid,uuid,NO,,0,0,1,0,,
padel_club_staff_invites,expires_at,11,timestamp with time zone,timestamptz,NO,,0,0,0,0,,
padel_club_staff_invites,accepted_at,12,timestamp with time zone,timestamptz,YES,,0,0,0,0,,
padel_club_staff_invites,declined_at,13,timestamp with time zone,timestamptz,YES,,0,0,0,0,,
padel_club_staff_invites,cancelled_at,14,timestamp with time zone,timestamptz,YES,,0,0,0,0,,
padel_club_staff_invites,created_at,15,timestamp with time zone,timestamptz,NO,now(),0,0,0,0,,
padel_club_staff_invites,updated_at,16,timestamp with time zone,timestamptz,NO,now(),0,0,0,0,,
padel_clubs,id,1,integer,int4,NO,nextval('app_v3.padel_clubs_id_seq'::regclass),1,0,0,12,0,-1
padel_clubs,organization_id,2,integer,int4,NO,,0,1,0,12,0,-1
padel_clubs,name,3,text,text,NO,,0,0,0,12,0,-1
padel_clubs,short_name,4,text,text,YES,,0,0,0,12,0,-1
padel_clubs,courts_count,7,integer,int4,NO,1,0,0,0,12,0,-0.571429
padel_clubs,hours,8,text,text,YES,,0,0,0,12,0,-0.857143
padel_clubs,favorite_category_ids,9,ARRAY,_int4,NO,'{}'::integer[],0,0,0,12,0,-0.142857
padel_clubs,slug,10,text,text,YES,,0,0,1,12,0,-1
padel_clubs,is_active,11,boolean,bool,NO,true,0,0,0,12,0,-0.142857
padel_clubs,created_at,12,timestamp with time zone,timestamptz,NO,now(),0,0,0,12,0,-1
padel_clubs,updated_at,13,timestamp with time zone,timestamptz,NO,now(),0,0,0,12,0,-1
padel_clubs,is_default,14,boolean,bool,NO,false,0,0,0,12,0,-0.142857
padel_clubs,deleted_at,15,timestamp with time zone,timestamptz,YES,,0,0,0,12,1,0
padel_clubs,kind,16,USER-DEFINED,PadelClubKind,NO,"'OWN'::app_v3.""PadelClubKind""",0,0,0,12,0,-0.142857
padel_clubs,source_club_id,17,integer,int4,YES,,0,0,0,12,1,0
padel_clubs,env,24,text,text,NO,'prod'::text,0,0,0,12,0,-0.142857
padel_clubs,address_id,25,uuid,uuid,NO,,0,1,0,12,0,-1
padel_community_comments,id,1,integer,int4,NO,nextval('app_v3.padel_community_comments_id_seq'::regclass),1,0,0,0,,
padel_community_comments,env,2,text,text,NO,'prod'::text,0,0,0,0,,
padel_community_comments,post_id,3,integer,int4,NO,,0,1,0,0,,
padel_community_comments,author_user_id,4,uuid,uuid,YES,,0,1,0,0,,
padel_community_comments,body,5,text,text,NO,,0,0,0,0,,
padel_community_comments,created_at,6,timestamp with time zone,timestamptz,NO,now(),0,0,0,0,,
padel_community_comments,updated_at,7,timestamp with time zone,timestamptz,NO,now(),0,0,0,0,,
padel_community_posts,id,1,integer,int4,NO,nextval('app_v3.padel_community_posts_id_seq'::regclass),1,0,0,0,,
padel_community_posts,env,2,text,text,NO,'prod'::text,0,0,0,0,,
padel_community_posts,organization_id,3,integer,int4,NO,,0,1,0,0,,
padel_community_posts,padel_club_id,4,integer,int4,YES,,0,1,0,0,,
padel_community_posts,author_user_id,5,uuid,uuid,YES,,0,1,0,0,,
padel_community_posts,title,6,text,text,YES,,0,0,0,0,,
padel_community_posts,body,7,text,text,NO,,0,0,0,0,,
padel_community_posts,kind,8,USER-DEFINED,PadelCommunityPostKind,NO,"'ANNOUNCEMENT'::app_v3.""PadelCommunityPostKind""",0,0,0,0,,
padel_community_posts,visibility,9,USER-DEFINED,PadelCommunityVisibility,NO,"'CLUB_MEMBERS'::app_v3.""PadelCommunityVisibility""",0,0,0,0,,
padel_community_posts,is_pinned,10,boolean,bool,NO,false,0,0,0,0,,
padel_community_posts,created_at,11,timestamp with time zone,timestamptz,NO,now(),0,0,0,0,,
padel_community_posts,updated_at,12,timestamp with time zone,timestamptz,NO,now(),0,0,0,0,,
padel_community_reactions,id,1,integer,int4,NO,nextval('app_v3.padel_community_reactions_id_seq'::regclass),1,0,0,0,,
padel_community_reactions,env,2,text,text,NO,'prod'::text,0,0,0,0,,
padel_community_reactions,post_id,3,integer,int4,NO,,0,1,0,0,,
padel_community_reactions,user_id,4,uuid,uuid,NO,,0,1,0,0,,
padel_community_reactions,reaction,5,text,text,NO,,0,0,0,0,,
padel_community_reactions,created_at,6,timestamp with time zone,timestamptz,NO,now(),0,0,0,0,,
padel_court_blocks,id,1,integer,int4,NO,nextval('app_v3.padel_court_blocks_id_seq'::regclass),1,0,0,0,,
padel_court_blocks,organization_id,2,integer,int4,NO,,0,1,0,0,,
padel_court_blocks,event_id,3,integer,int4,NO,,0,1,0,0,,
padel_court_blocks,padel_club_id,4,integer,int4,YES,,0,1,0,0,,
padel_court_blocks,court_id,5,integer,int4,YES,,0,1,0,0,,
padel_court_blocks,start_at,6,timestamp with time zone,timestamptz,NO,,0,0,0,0,,
padel_court_blocks,end_at,7,timestamp with time zone,timestamptz,NO,,0,0,0,0,,
padel_court_blocks,label,8,text,text,YES,,0,0,0,0,,
padel_court_blocks,kind,9,text,text,YES,'BLOCK'::text,0,0,0,0,,
padel_court_blocks,note,10,text,text,YES,,0,0,0,0,,
padel_court_blocks,created_at,11,timestamp with time zone,timestamptz,YES,now(),0,0,0,0,,
padel_court_blocks,updated_at,12,timestamp with time zone,timestamptz,YES,now(),0,0,0,0,,
padel_court_blocks,env,13,text,text,NO,'prod'::text,0,0,0,0,,
padel_event_category_links,id,1,integer,int4,NO,nextval('app_v3.padel_event_category_links_id_seq'::regclass),1,0,0,20,0,-1
padel_event_category_links,event_id,2,integer,int4,NO,,0,1,0,20,0,-1
padel_event_category_links,padel_category_id,3,integer,int4,NO,,0,1,0,20,0,-1
padel_event_category_links,format,4,USER-DEFINED,padel_format,YES,,0,0,0,20,0,1
padel_event_category_links,capacity_teams,5,integer,int4,YES,,0,0,0,20,0,-0.181818
padel_event_category_links,capacity_players,6,integer,int4,YES,,0,0,0,20,0,-0.181818
padel_event_category_links,is_enabled,8,boolean,bool,NO,true,0,0,0,20,0,1
padel_event_category_links,is_hidden,9,boolean,bool,NO,false,0,0,0,20,0,1
padel_event_category_links,created_at,10,timestamp with time zone,timestamptz,NO,now(),0,0,0,20,0,-1
padel_event_category_links,updated_at,11,timestamp with time zone,timestamptz,NO,now(),0,0,0,20,0,-1
padel_event_category_links,env,12,text,text,NO,'prod'::text,0,0,0,20,0,1
padel_event_category_links,price_per_player_cents,13,integer,int4,NO,0,0,0,0,20,0,-1
padel_event_category_links,currency,14,text,text,NO,'EUR'::text,0,0,0,20,0,1
padel_match_participants,id,1,integer,int4,NO,nextval('app_v3.padel_match_participants_id_seq'::regclass),1,0,0,436,0,-1
padel_match_participants,env,2,text,text,NO,'prod'::text,0,0,0,436,0,1
padel_match_participants,match_id,3,integer,int4,NO,,0,1,0,436,0,-0.25
padel_match_participants,participant_id,4,integer,int4,NO,,0,1,0,436,0,-1
padel_match_participants,side,5,USER-DEFINED,PadelMatchSide,NO,,0,0,0,436,0,2
padel_match_participants,slot_order,6,integer,int4,NO,0,0,0,0,436,0,2
padel_match_participants,created_at,7,timestamp with time zone,timestamptz,NO,now(),0,0,0,436,0,-0.25
padel_match_result_cards,env,1,text,text,NO,'prod'::text,0,0,0,0,,
padel_match_result_cards,id,2,uuid,uuid,NO,gen_random_uuid(),1,0,0,0,,
padel_match_result_cards,match_id,3,integer,int4,NO,,0,1,0,0,,
padel_match_result_cards,organization_id,4,integer,int4,NO,,0,0,0,0,,
padel_match_result_cards,event_id,5,integer,int4,NO,,0,0,0,0,,
padel_match_result_cards,submitted_by_user_id,6,uuid,uuid,YES,,0,0,0,0,,
padel_match_result_cards,payload,7,jsonb,jsonb,NO,,0,0,0,0,,
padel_match_result_cards,payload_hash,8,text,text,NO,,0,0,0,0,,
padel_match_result_cards,status,9,USER-DEFINED,PadelMatchResultCardStatus,NO,"'PENDING_SIGNATURES'::app_v3.""PadelMatchResultCardStatus""",0,0,0,0,,
padel_match_result_cards,confirmed_at,10,timestamp with time zone,timestamptz,YES,,0,0,0,0,,
padel_match_result_cards,conflict_at,11,timestamp with time zone,timestamptz,YES,,0,0,0,0,,
padel_match_result_cards,cancelled_at,12,timestamp with time zone,timestamptz,YES,,0,0,0,0,,
padel_match_result_cards,applied_at,13,timestamp with time zone,timestamptz,YES,,0,0,0,0,,
padel_match_result_cards,created_at,14,timestamp with time zone,timestamptz,NO,now(),0,0,0,0,,
padel_match_result_cards,updated_at,15,timestamp with time zone,timestamptz,NO,now(),0,0,0,0,,
padel_match_result_signatures,env,1,text,text,NO,'prod'::text,0,0,0,0,,
padel_match_result_signatures,id,2,integer,int4,NO,,1,0,0,0,,
padel_match_result_signatures,result_card_id,3,uuid,uuid,NO,,0,1,1,0,,
padel_match_result_signatures,side,4,USER-DEFINED,PadelMatchSide,NO,,0,0,1,0,,
padel_match_result_signatures,user_id,5,uuid,uuid,NO,,0,0,1,0,,
padel_match_result_signatures,created_at,6,timestamp with time zone,timestamptz,NO,now(),0,0,0,0,,
padel_matches,id,1,integer,int4,NO,nextval('app_v3.padel_matches_id_seq'::regclass),1,0,0,109,0,-1
padel_matches,event_id,2,integer,int4,NO,,0,1,0,109,0,-0.162162
padel_matches,category_id,3,integer,int4,YES,,0,1,0,109,0,-0.162162
padel_matches,court_number,4,integer,int4,YES,,0,0,0,109,0,6
padel_matches,start_time,5,timestamp with time zone,timestamptz,YES,,0,0,0,109,0,-1
padel_matches,round_label,6,text,text,YES,,0,0,0,109,0,-0.108108
padel_matches,score,9,jsonb,jsonb,NO,'{}'::jsonb,0,0,0,109,0,2
padel_matches,status,10,USER-DEFINED,padel_match_status,NO,'PENDING'::app_v3.padel_match_status,0,0,0,109,0,3
padel_matches,created_at,11,timestamp with time zone,timestamptz,NO,now(),0,0,0,109,0,-1
padel_matches,updated_at,12,timestamp with time zone,timestamptz,NO,now(),0,0,0,109,0,-1
padel_matches,pairing_a_id,13,integer,int4,YES,,0,1,0,109,0,-1
padel_matches,pairing_b_id,14,integer,int4,YES,,0,1,0,109,0,-1
padel_matches,group_label,15,text,text,YES,,0,0,0,109,0,1
padel_matches,round_type,16,text,text,YES,,0,0,0,109,0,1
padel_matches,winner_pairing_id,17,integer,int4,YES,,0,1,0,109,0,-1
padel_matches,score_sets,18,jsonb,jsonb,YES,,0,0,0,109,0,2
padel_matches,court_name,19,text,text,YES,,0,0,0,109,0,-0.108108
padel_matches,court_id,20,integer,int4,YES,,0,1,0,109,0.135135,-0.108108
padel_matches,planned_start_at,21,timestamp with time zone,timestamptz,YES,,0,0,0,109,0,-1
padel_matches,planned_end_at,22,timestamp with time zone,timestamptz,YES,,0,0,0,109,0,-1
padel_matches,planned_duration_minutes,23,integer,int4,YES,,0,0,0,109,0,1
padel_matches,actual_start_at,24,timestamp with time zone,timestamptz,YES,,0,0,0,109,0,-1
padel_matches,actual_end_at,25,timestamp with time zone,timestamptz,YES,,0,0,0,109,0,-1
padel_matches,env,26,text,text,NO,'prod'::text,0,0,0,109,0,1
padel_matches,winner_side,27,USER-DEFINED,PadelMatchSide,YES,,0,0,0,109,0,2
padel_matches,round_id,28,integer,int4,YES,,0,1,0,109,0,-0.162162
padel_matches,winner_participant_id,29,integer,int4,YES,,0,1,0,109,0,-1
padel_matches,score_mode,30,USER-DEFINED,PadelScoreMode,NO,"'SETS'::app_v3.""PadelScoreMode""",0,0,0,109,0,1
padel_pairing_holds,id,1,integer,int4,NO,nextval('app_v3.padel_pairing_holds_id_seq'::regclass),1,0,0,1,0,-1
padel_pairing_holds,pairing_id,2,integer,int4,NO,,0,0,0,1,0,-0.25
padel_pairing_holds,event_id,3,integer,int4,NO,,0,0,0,1,0,-0.25
padel_pairing_holds,holds,4,integer,int4,NO,2,0,0,0,1,0,-0.25
padel_pairing_holds,status,5,USER-DEFINED,PadelPairingHoldStatus,NO,"'ACTIVE'::app_v3.""PadelPairingHoldStatus""",0,0,0,1,0,-0.5
padel_pairing_holds,expires_at,6,timestamp with time zone,timestamptz,YES,,0,0,0,1,0,-1
padel_pairing_holds,created_at,7,timestamp with time zone,timestamptz,NO,now(),0,0,0,1,0,-1
padel_pairing_holds,updated_at,8,timestamp with time zone,timestamptz,NO,now(),0,0,0,1,0,-1
padel_pairing_holds,env,9,text,text,NO,'prod'::text,0,0,0,1,,
padel_pairing_slots,id,1,integer,int4,NO,nextval('app_v3.padel_pairing_slots_id_seq'::regclass),1,0,0,502,0,-1
padel_pairing_slots,pairing_id,2,integer,int4,NO,,0,1,0,502,0,-0.5
padel_pairing_slots,profile_id,4,uuid,uuid,YES,,0,1,0,502,0.0481172,-0.209205
padel_pairing_slots,slot_role,5,USER-DEFINED,PadelPairingSlotRole,NO,,0,0,0,502,0,2
padel_pairing_slots,slot_status,6,USER-DEFINED,PadelPairingSlotStatus,NO,"'PENDING'::app_v3.""PadelPairingSlotStatus""",0,0,0,502,0,2
padel_pairing_slots,payment_status,7,USER-DEFINED,PadelPairingPaymentStatus,NO,"'UNPAID'::app_v3.""PadelPairingPaymentStatus""",0,0,0,502,0,2
padel_pairing_slots,invited_contact,8,text,text,YES,,0,0,0,502,1,0
padel_pairing_slots,is_public_open,9,boolean,bool,NO,false,0,0,0,502,0,2
padel_pairing_slots,created_at,10,timestamp with time zone,timestamptz,NO,now(),0,0,0,502,0,-0.5
padel_pairing_slots,updated_at,11,timestamp with time zone,timestamptz,NO,now(),0,0,0,502,0,-0.5
padel_pairing_slots,player_profile_id,12,integer,int4,YES,,0,1,0,502,0.0481172,-0.533473
padel_pairing_slots,invited_user_id,13,uuid,uuid,YES,,0,1,0,502,1,0
padel_pairing_slots,env,14,text,text,NO,'prod'::text,0,0,0,502,0,1
padel_pairings,id,1,integer,int4,NO,nextval('app_v3.padel_pairings_id_seq'::regclass),1,0,0,251,0,-1
padel_pairings,event_id,2,integer,int4,NO,,0,1,0,251,0,20
padel_pairings,organization_id,3,integer,int4,NO,,0,1,0,251,0,7
padel_pairings,category_id,4,integer,int4,YES,,0,1,0,251,0,20
padel_pairings,payment_mode,5,USER-DEFINED,PadelPaymentMode,NO,,0,0,0,251,0,2
padel_pairings,pairing_status,6,USER-DEFINED,PadelPairingStatus,NO,"'INCOMPLETE'::app_v3.""PadelPairingStatus""",0,0,0,251,0,2
padel_pairings,created_by_user_id,7,uuid,uuid,YES,,0,0,0,251,0,-0.123506
padel_pairings,invite_token,9,text,text,YES,,0,0,1,251,1,0
padel_pairings,invite_expires_at,10,timestamp with time zone,timestamptz,YES,,0,0,0,251,1,0
padel_pairings,locked_until,11,timestamp with time zone,timestamptz,YES,,0,0,0,251,1,0
padel_pairings,is_public_open,12,boolean,bool,NO,false,0,0,0,251,0,2
padel_pairings,created_at,13,timestamp with time zone,timestamptz,NO,now(),0,0,0,251,0,-1
padel_pairings,updated_at,14,timestamp with time zone,timestamptz,NO,now(),0,0,0,251,0,-1
padel_pairings,player1_user_id,15,uuid,uuid,YES,,0,0,0,251,0,-0.38247
padel_pairings,player2_user_id,16,uuid,uuid,YES,,0,0,0,251,0.0996016,-0.36255
padel_pairings,pairing_join_mode,18,USER-DEFINED,PadelPairingJoinMode,NO,"'INVITE_PARTNER'::app_v3.""PadelPairingJoinMode""",0,0,0,251,0,2
padel_pairings,partner_invite_used_at,20,timestamp with time zone,timestamptz,YES,,0,0,0,251,1,0
padel_pairings,partner_link_token,21,text,text,YES,,0,0,0,251,1,0
padel_pairings,deadline_at,22,timestamp with time zone,timestamptz,YES,,0,0,0,251,0,-0.139442
padel_pairings,partner_swap_allowed_until_at,23,timestamp with time zone,timestamptz,YES,,0,0,0,251,1,0
padel_pairings,grace_until_at,24,timestamp with time zone,timestamptz,YES,,0,0,0,251,1,0
padel_pairings,partner_invited_at,25,timestamp with time zone,timestamptz,YES,,0,0,0,251,1,0
padel_pairings,partner_accepted_at,26,timestamp with time zone,timestamptz,YES,,0,0,0,251,0.0996016,20
padel_pairings,partner_paid_at,27,timestamp with time zone,timestamptz,YES,,0,0,0,251,0.0996016,20
padel_pairings,captain_second_charged_at,28,timestamp with time zone,timestamptz,YES,,0,0,0,251,1,0
padel_pairings,guarantee_status,29,USER-DEFINED,PadelPairingGuaranteeStatus,NO,"'NONE'::app_v3.""PadelPairingGuaranteeStatus""",0,0,0,251,0,2
padel_pairings,payment_method_id,31,text,text,YES,,0,0,0,251,1,0
padel_pairings,second_charge_payment_intent_id,32,text,text,YES,,0,0,0,251,1,0
padel_pairings,env,37,text,text,NO,'prod'::text,0,0,0,251,0,1
padel_partner_court_snapshots,id,1,integer,int4,NO,nextval('app_v3.padel_partner_court_snapshots_id_seq'::regclass),1,0,0,0,,
padel_partner_court_snapshots,env,2,text,text,NO,'prod'::text,0,0,0,0,,
padel_partner_court_snapshots,partner_organization_id,3,integer,int4,NO,,0,1,0,0,,
padel_partner_court_snapshots,partner_club_id,4,integer,int4,NO,,0,1,0,0,,
padel_partner_court_snapshots,source_club_id,5,integer,int4,NO,,0,1,0,0,,
padel_partner_court_snapshots,source_court_id,6,integer,int4,NO,,0,0,0,0,,
padel_partner_court_snapshots,local_court_id,7,integer,int4,YES,,0,1,0,0,,
padel_partner_court_snapshots,name,8,text,text,NO,,0,0,0,0,,
padel_partner_court_snapshots,surface,9,text,text,YES,,0,0,0,0,,
padel_partner_court_snapshots,indoor,10,boolean,bool,NO,false,0,0,0,0,,
padel_partner_court_snapshots,display_order,11,integer,int4,NO,0,0,0,0,0,,
padel_partner_court_snapshots,source_updated_at,12,timestamp with time zone,timestamptz,YES,,0,0,0,0,,
padel_partner_court_snapshots,synced_at,13,timestamp with time zone,timestamptz,NO,now(),0,0,0,0,,
padel_partner_court_snapshots,ttl_at,14,timestamp with time zone,timestamptz,YES,,0,0,0,0,,
padel_partner_court_snapshots,version,15,integer,int4,NO,1,0,0,0,0,,
padel_partner_court_snapshots,is_active,16,boolean,bool,NO,true,0,0,0,0,,
padel_partner_role_grants,id,1,integer,int4,NO,nextval('app_v3.padel_partner_role_grants_id_seq'::regclass),1,0,0,0,,
padel_partner_role_grants,env,2,text,text,NO,'prod'::text,0,0,0,0,,
padel_partner_role_grants,agreement_id,3,integer,int4,NO,,0,1,0,0,,
padel_partner_role_grants,partner_organization_id,4,integer,int4,NO,,0,1,0,0,,
padel_partner_role_grants,event_id,5,integer,int4,YES,,0,1,0,0,,
padel_partner_role_grants,user_id,6,uuid,uuid,NO,,0,0,0,0,,
padel_partner_role_grants,role,7,USER-DEFINED,PadelTournamentRole,NO,,0,0,0,0,,
padel_partner_role_grants,starts_at,8,timestamp with time zone,timestamptz,NO,,0,0,0,0,,
padel_partner_role_grants,expires_at,9,timestamp with time zone,timestamptz,NO,,0,0,0,0,,
padel_partner_role_grants,auto_revoke,10,boolean,bool,NO,true,0,0,0,0,,
padel_partner_role_grants,is_active,11,boolean,bool,NO,true,0,0,0,0,,
padel_partner_role_grants,granted_by_user_id,12,uuid,uuid,YES,,0,0,0,0,,
padel_partner_role_grants,revoked_by_user_id,13,uuid,uuid,YES,,0,0,0,0,,
padel_partner_role_grants,revoked_at,14,timestamp with time zone,timestamptz,YES,,0,0,0,0,,
padel_partner_role_grants,scope,15,jsonb,jsonb,YES,'{}'::jsonb,0,0,0,0,,
padel_partner_role_grants,created_at,16,timestamp with time zone,timestamptz,NO,now(),0,0,0,0,,
padel_partner_role_grants,updated_at,17,timestamp with time zone,timestamptz,NO,now(),0,0,0,0,,
padel_partnership_agreements,id,1,integer,int4,NO,nextval('app_v3.padel_partnership_agreements_id_seq'::regclass),1,0,0,0,,
padel_partnership_agreements,env,2,text,text,NO,'prod'::text,0,0,0,0,,
padel_partnership_agreements,owner_organization_id,3,integer,int4,NO,,0,1,0,0,,
padel_partnership_agreements,partner_organization_id,4,integer,int4,NO,,0,1,0,0,,
padel_partnership_agreements,owner_club_id,5,integer,int4,NO,,0,1,0,0,,
padel_partnership_agreements,partner_club_id,6,integer,int4,YES,,0,1,0,0,,
padel_partnership_agreements,status,7,USER-DEFINED,PadelPartnershipStatus,NO,"'PENDING'::app_v3.""PadelPartnershipStatus""",0,0,0,0,,
padel_partnership_agreements,starts_at,8,timestamp with time zone,timestamptz,YES,,0,0,0,0,,
padel_partnership_agreements,ends_at,9,timestamp with time zone,timestamptz,YES,,0,0,0,0,,
padel_partnership_agreements,requested_by_user_id,10,uuid,uuid,YES,,0,0,0,0,,
padel_partnership_agreements,approved_by_user_id,11,uuid,uuid,YES,,0,0,0,0,,
padel_partnership_agreements,approved_at,12,timestamp with time zone,timestamptz,YES,,0,0,0,0,,
padel_partnership_agreements,revoked_by_user_id,13,uuid,uuid,YES,,0,0,0,0,,
padel_partnership_agreements,revoked_at,14,timestamp with time zone,timestamptz,YES,,0,0,0,0,,
padel_partnership_agreements,notes,15,text,text,YES,,0,0,0,0,,
padel_partnership_agreements,created_at,16,timestamp with time zone,timestamptz,NO,now(),0,0,0,0,,
padel_partnership_agreements,updated_at,17,timestamp with time zone,timestamptz,NO,now(),0,0,0,0,,
padel_partnership_booking_policies,id,1,integer,int4,NO,nextval('app_v3.padel_partnership_booking_policies_id_seq'::regclass),1,0,0,0,,
padel_partnership_booking_policies,env,2,text,text,NO,'prod'::text,0,0,0,0,,
padel_partnership_booking_policies,agreement_id,3,integer,int4,NO,,0,1,0,0,,
padel_partnership_booking_policies,priority_mode,4,USER-DEFINED,PadelPartnershipPriorityMode,NO,"'FIRST_CONFIRMED_WITH_OWNER_OVERRIDE'::app_v3.""PadelPartnershipPriorityMode""",0,0,0,0,,
padel_partnership_booking_policies,owner_override_allowed,5,boolean,bool,NO,true,0,0,0,0,,
padel_partnership_booking_policies,owner_override_requires_audit,6,boolean,bool,NO,true,0,0,0,0,,
padel_partnership_booking_policies,auto_compensation_on_override,7,boolean,bool,NO,true,0,0,0,0,,
padel_partnership_booking_policies,protect_external_reservations,8,boolean,bool,NO,true,0,0,0,0,,
padel_partnership_booking_policies,hard_stop_minutes_before_booking,9,integer,int4,NO,30,0,0,0,0,,
padel_partnership_booking_policies,created_at,10,timestamp with time zone,timestamptz,NO,now(),0,0,0,0,,
padel_partnership_booking_policies,updated_at,11,timestamp with time zone,timestamptz,NO,now(),0,0,0,0,,
padel_partnership_compensation_cases,id,1,integer,int4,NO,nextval('app_v3.padel_partnership_compensation_cases_id_seq'::regclass),1,0,0,0,,
padel_partnership_compensation_cases,env,2,text,text,NO,'prod'::text,0,0,0,0,,
padel_partnership_compensation_cases,agreement_id,3,integer,int4,NO,,0,1,0,0,,
padel_partnership_compensation_cases,override_id,4,integer,int4,YES,,0,1,0,0,,
padel_partnership_compensation_cases,owner_organization_id,5,integer,int4,NO,,0,1,0,0,,
padel_partnership_compensation_cases,partner_organization_id,6,integer,int4,NO,,0,1,0,0,,
padel_partnership_compensation_cases,event_id,7,integer,int4,YES,,0,1,0,0,,
padel_partnership_compensation_cases,status,8,USER-DEFINED,PadelPartnershipCompensationStatus,NO,"'OPEN'::app_v3.""PadelPartnershipCompensationStatus""",0,0,0,0,,
padel_partnership_compensation_cases,reason_code,9,text,text,YES,,0,0,0,0,,
padel_partnership_compensation_cases,window_start,10,timestamp with time zone,timestamptz,YES,,0,0,0,0,,
padel_partnership_compensation_cases,window_end,11,timestamp with time zone,timestamptz,YES,,0,0,0,0,,
padel_partnership_compensation_cases,metadata,12,jsonb,jsonb,YES,'{}'::jsonb,0,0,0,0,,
padel_partnership_compensation_cases,created_by_user_id,13,uuid,uuid,YES,,0,0,0,0,,
padel_partnership_compensation_cases,resolved_by_user_id,14,uuid,uuid,YES,,0,0,0,0,,
padel_partnership_compensation_cases,resolved_at,15,timestamp with time zone,timestamptz,YES,,0,0,0,0,,
padel_partnership_compensation_cases,created_at,16,timestamp with time zone,timestamptz,NO,now(),0,0,0,0,,
padel_partnership_compensation_cases,updated_at,17,timestamp with time zone,timestamptz,NO,now(),0,0,0,0,,
padel_partnership_overrides,id,1,integer,int4,NO,nextval('app_v3.padel_partnership_overrides_id_seq'::regclass),1,0,0,0,,
padel_partnership_overrides,env,2,text,text,NO,'prod'::text,0,0,0,0,,
padel_partnership_overrides,agreement_id,3,integer,int4,NO,,0,1,0,0,,
padel_partnership_overrides,owner_organization_id,4,integer,int4,NO,,0,1,0,0,,
padel_partnership_overrides,partner_organization_id,5,integer,int4,NO,,0,1,0,0,,
padel_partnership_overrides,event_id,6,integer,int4,YES,,0,1,0,0,,
padel_partnership_overrides,target_type,7,text,text,NO,,0,0,0,0,,
padel_partnership_overrides,target_source_id,8,text,text,YES,,0,0,0,0,,
padel_partnership_overrides,court_id,9,integer,int4,YES,,0,1,0,0,,
padel_partnership_overrides,starts_at,10,timestamp with time zone,timestamptz,YES,,0,0,0,0,,
padel_partnership_overrides,ends_at,11,timestamp with time zone,timestamptz,YES,,0,0,0,0,,
padel_partnership_overrides,reason,12,text,text,NO,,0,0,0,0,,
padel_partnership_overrides,impact,13,jsonb,jsonb,YES,'{}'::jsonb,0,0,0,0,,
padel_partnership_overrides,created_by_user_id,14,uuid,uuid,YES,,0,0,0,0,,
padel_partnership_overrides,created_at,15,timestamp with time zone,timestamptz,NO,now(),0,0,0,0,,
padel_partnership_overrides,reason_code,16,text,text,NO,'UNSPECIFIED'::text,0,0,0,0,,
padel_partnership_overrides,executed_by_user_id,17,uuid,uuid,YES,,0,0,0,0,,
padel_partnership_overrides,executed_at,18,timestamp with time zone,timestamptz,YES,,0,0,0,0,,
padel_partnership_overrides,execution_status,19,text,text,YES,,0,0,0,0,,
padel_partnership_tournament_requests,id,1,integer,int4,NO,nextval('app_v3.padel_partnership_tournament_requests_id_seq'::regclass),1,0,0,0,,
padel_partnership_tournament_requests,env,2,text,text,NO,'prod'::text,0,0,0,0,,
padel_partnership_tournament_requests,agreement_id,3,integer,int4,NO,,0,0,0,0,,
padel_partnership_tournament_requests,owner_organization_id,4,integer,int4,NO,,0,0,0,0,,
padel_partnership_tournament_requests,partner_organization_id,5,integer,int4,NO,,0,0,0,0,,
padel_partnership_tournament_requests,owner_club_id,6,integer,int4,NO,,0,0,0,0,,
padel_partnership_tournament_requests,partner_club_id,7,integer,int4,NO,,0,0,0,0,,
padel_partnership_tournament_requests,title,8,text,text,NO,,0,0,0,0,,
padel_partnership_tournament_requests,starts_at,9,timestamp with time zone,timestamptz,NO,,0,0,0,0,,
padel_partnership_tournament_requests,ends_at,10,timestamp with time zone,timestamptz,NO,,0,0,0,0,,
padel_partnership_tournament_requests,requested_payload,11,jsonb,jsonb,YES,'{}'::jsonb,0,0,0,0,,
padel_partnership_tournament_requests,requested_by_user_id,12,uuid,uuid,YES,,0,0,0,0,,
padel_partnership_tournament_requests,reviewed_by_user_id,13,uuid,uuid,YES,,0,0,0,0,,
padel_partnership_tournament_requests,reviewed_at,14,timestamp with time zone,timestamptz,YES,,0,0,0,0,,
padel_partnership_tournament_requests,status,15,USER-DEFINED,PadelPartnershipTournamentRequestStatus,NO,"'PENDING'::app_v3.""PadelPartnershipTournamentRequestStatus""",0,0,0,0,,
padel_partnership_tournament_requests,event_id,16,integer,int4,YES,,0,0,0,0,,
padel_partnership_tournament_requests,expires_at,17,timestamp with time zone,timestamptz,YES,,0,0,0,0,,
padel_partnership_tournament_requests,created_at,18,timestamp with time zone,timestamptz,NO,now(),0,0,0,0,,
padel_partnership_tournament_requests,updated_at,19,timestamp with time zone,timestamptz,NO,now(),0,0,0,0,,
padel_partnership_windows,id,1,integer,int4,NO,nextval('app_v3.padel_partnership_windows_id_seq'::regclass),1,0,0,0,,
padel_partnership_windows,env,2,text,text,NO,'prod'::text,0,0,0,0,,
padel_partnership_windows,agreement_id,3,integer,int4,NO,,0,1,0,0,,
padel_partnership_windows,owner_club_id,4,integer,int4,NO,,0,1,0,0,,
padel_partnership_windows,owner_court_id,5,integer,int4,YES,,0,1,0,0,,
padel_partnership_windows,weekday_mask,6,integer,int4,NO,127,0,0,0,0,,
padel_partnership_windows,start_minute,7,integer,int4,NO,,0,0,0,0,,
padel_partnership_windows,end_minute,8,integer,int4,NO,,0,0,0,0,,
padel_partnership_windows,timezone,9,text,text,NO,'Europe/Lisbon'::text,0,0,0,0,,
padel_partnership_windows,starts_at,10,timestamp with time zone,timestamptz,YES,,0,0,0,0,,
padel_partnership_windows,ends_at,11,timestamp with time zone,timestamptz,YES,,0,0,0,0,,
padel_partnership_windows,requires_approval,12,boolean,bool,NO,false,0,0,0,0,,
padel_partnership_windows,capacity_parallel_slots,13,integer,int4,NO,1,0,0,0,0,,
padel_partnership_windows,is_active,14,boolean,bool,NO,true,0,0,0,0,,
padel_partnership_windows,created_at,15,timestamp with time zone,timestamptz,NO,now(),0,0,0,0,,
padel_partnership_windows,updated_at,16,timestamp with time zone,timestamptz,NO,now(),0,0,0,0,,
padel_player_history_projection,id,1,integer,int4,NO,nextval('app_v3.padel_player_history_projection_id_seq'::regclass),1,0,0,0,,
padel_player_history_projection,env,2,text,text,NO,'prod'::text,0,0,0,0,,
padel_player_history_projection,organization_id,3,integer,int4,NO,,0,1,0,0,,
padel_player_history_projection,event_id,4,integer,int4,NO,,0,1,0,0,,
padel_player_history_projection,category_id,5,integer,int4,YES,,0,1,0,0,,
padel_player_history_projection,player_profile_id,6,integer,int4,NO,,0,1,0,0,,
padel_player_history_projection,partner_player_profile_id,7,integer,int4,YES,,0,1,0,0,,
padel_player_history_projection,final_position,8,integer,int4,YES,,0,0,0,0,,
padel_player_history_projection,won_title,9,boolean,bool,NO,false,0,0,0,0,,
padel_player_history_projection,bracket_snapshot,10,jsonb,jsonb,YES,,0,0,0,0,,
padel_player_history_projection,computed_at,11,timestamp with time zone,timestamptz,NO,now(),0,0,0,0,,
padel_player_history_projection,created_at,12,timestamp with time zone,timestamptz,NO,now(),0,0,0,0,,
padel_player_history_projection,updated_at,13,timestamp with time zone,timestamptz,NO,now(),0,0,0,0,,
padel_player_profiles,id,1,integer,int4,NO,nextval('app_v3.padel_player_profiles_id_seq'::regclass),1,0,0,695,0,-1
padel_player_profiles,organization_id,2,integer,int4,NO,,0,1,1,695,0,7
padel_player_profiles,user_id,3,uuid,uuid,YES,,0,1,1,695,0.00143885,-0.146763
padel_player_profiles,full_name,4,text,text,NO,,0,0,0,695,0,-0.146763
padel_player_profiles,email,5,USER-DEFINED,citext,YES,,0,0,0,695,0.00143885,-0.148201
padel_player_profiles,phone,6,text,text,YES,,0,0,0,695,0.998561,-0.00143886
padel_player_profiles,gender,7,text,text,YES,,0,0,0,695,0.00143885,2
padel_player_profiles,level,8,text,text,YES,,0,0,0,695,0.00143885,-0.423022
padel_player_profiles,is_active,9,boolean,bool,NO,true,0,0,0,695,0,1
padel_player_profiles,notes,10,text,text,YES,,0,0,0,695,1,0
padel_player_profiles,created_at,11,timestamp with time zone,timestamptz,NO,now(),0,0,0,695,0,-1
padel_player_profiles,updated_at,12,timestamp with time zone,timestamptz,NO,now(),0,0,0,695,0,-0.997122
padel_player_profiles,display_name,13,text,text,YES,,0,0,0,695,0.00143885,-0.145324
padel_player_profiles,preferred_side,14,USER-DEFINED,PadelPreferredSide,YES,,0,0,0,695,0.00143885,3
padel_player_profiles,club_name,15,text,text,YES,,0,0,0,695,0.854676,1
padel_player_profiles,birth_date,16,timestamp without time zone,timestamp,YES,,0,0,0,695,1,0
padel_player_profiles,env,17,text,text,NO,'prod'::text,0,0,0,695,0,1
padel_player_profiles,crm_contact_id,18,uuid,uuid,YES,,0,1,0,695,1,0
padel_ranking_entries,id,1,integer,int4,NO,nextval('app_v3.padel_ranking_entries_id_seq'::regclass),1,0,0,80,0,-1
padel_ranking_entries,organization_id,2,integer,int4,NO,,0,1,0,80,0,1
padel_ranking_entries,player_id,3,integer,int4,NO,,0,1,0,80,0,-1
padel_ranking_entries,event_id,4,integer,int4,NO,,0,1,0,80,0,1
padel_ranking_entries,points,5,integer,int4,NO,0,0,0,0,80,0,-0.925
padel_ranking_entries,position,6,integer,int4,YES,,0,0,0,80,0,-1
padel_ranking_entries,level,7,text,text,YES,,0,0,0,80,0,-0.7875
padel_ranking_entries,season,8,text,text,YES,,0,0,0,80,0,1
padel_ranking_entries,year,9,integer,int4,YES,,0,0,0,80,0,1
padel_ranking_entries,created_at,10,timestamp with time zone,timestamptz,NO,now(),0,0,0,80,0,1
padel_ranking_entries,env,11,text,text,NO,'prod'::text,0,0,0,80,0,1
padel_rating_events,id,1,integer,int4,NO,nextval('app_v3.padel_rating_events_id_seq'::regclass),1,0,0,256,0,-1
padel_rating_events,env,2,text,text,NO,'prod'::text,0,0,0,256,0,1
padel_rating_events,organization_id,3,integer,int4,NO,,0,1,0,256,0,1
padel_rating_events,event_id,4,integer,int4,YES,,0,1,0,256,0,10
padel_rating_events,match_id,5,integer,int4,YES,,0,1,0,256,0,-0.25
padel_rating_events,player_id,6,integer,int4,NO,,0,1,0,256,0,-0.371094
padel_rating_events,opponent_avg_rating,7,double precision,float8,YES,,0,0,0,256,0,-0.929688
padel_rating_events,pre_rating,8,double precision,float8,NO,,0,0,0,256,0,-0.929688
padel_rating_events,pre_rd,9,double precision,float8,NO,,0,0,0,256,0,1
padel_rating_events,pre_sigma,10,double precision,float8,NO,,0,0,0,256,0,1
padel_rating_events,post_rating,11,double precision,float8,NO,,0,0,0,256,0,-0.925781
padel_rating_events,post_rd,12,double precision,float8,NO,,0,0,0,256,0,1
padel_rating_events,post_sigma,13,double precision,float8,NO,,0,0,0,256,0,1
padel_rating_events,expected_score,14,double precision,float8,YES,,0,0,0,256,0,2
padel_rating_events,actual_score,15,double precision,float8,YES,,0,0,0,256,0,2
padel_rating_events,games_for,16,integer,int4,YES,,0,0,0,256,0,2
padel_rating_events,games_against,17,integer,int4,YES,,0,0,0,256,0,2
padel_rating_events,tier_multiplier,18,double precision,float8,NO,1,0,0,0,256,0,1
padel_rating_events,carry_multiplier,19,double precision,float8,NO,1,0,0,0,256,0,1
padel_rating_events,metadata,20,jsonb,jsonb,YES,'{}'::jsonb,0,0,0,256,0,3
padel_rating_events,created_at,21,timestamp with time zone,timestamptz,NO,now(),0,0,0,256,0,-0.25
padel_rating_events,tier,22,text,text,YES,,0,0,0,256,0,1
padel_rating_events,club_id,23,integer,int4,YES,,0,1,0,256,0,1
padel_rating_events,city,24,text,text,YES,,0,0,0,256,0,1
padel_rating_profiles,id,1,integer,int4,NO,nextval('app_v3.padel_rating_profiles_id_seq'::regclass),1,0,0,103,0,-1
padel_rating_profiles,env,2,text,text,NO,'prod'::text,0,0,0,103,0,1
padel_rating_profiles,organization_id,3,integer,int4,NO,,0,1,0,103,0,1
padel_rating_profiles,player_id,4,integer,int4,NO,,0,1,0,103,0,-1
padel_rating_profiles,rating,5,double precision,float8,NO,1200,0,0,0,103,0,-1
padel_rating_profiles,rd,6,double precision,float8,NO,350,0,0,0,103,0,1
padel_rating_profiles,sigma,7,double precision,float8,NO,0.06,0,0,0,103,0,1
padel_rating_profiles,tau,8,double precision,float8,NO,0.5,0,0,0,103,0,1
padel_rating_profiles,matches_played,9,integer,int4,NO,0,0,0,0,103,0,7
padel_rating_profiles,level_visual,10,numeric,numeric,YES,,0,0,0,103,0,-0.786408
padel_rating_profiles,leaderboard_eligible,11,boolean,bool,NO,true,0,0,0,103,0,1
padel_rating_profiles,blocked_new_matches,12,boolean,bool,NO,false,0,0,0,103,0,1
padel_rating_profiles,suspension_ends_at,13,timestamp with time zone,timestamptz,YES,,0,0,0,103,1,0
padel_rating_profiles,last_match_at,14,timestamp with time zone,timestamptz,YES,,0,0,0,103,0.0776699,-0.446602
padel_rating_profiles,last_activity_at,15,timestamp with time zone,timestamptz,YES,,0,0,0,103,0.0776699,-0.446602
padel_rating_profiles,last_rebuild_at,16,timestamp with time zone,timestamptz,YES,,0,0,0,103,0,-1
padel_rating_profiles,metadata,17,jsonb,jsonb,YES,'{}'::jsonb,0,0,0,103,0,1
padel_rating_profiles,created_at,18,timestamp with time zone,timestamptz,NO,now(),0,0,0,103,0,-1
padel_rating_profiles,updated_at,19,timestamp with time zone,timestamptz,NO,now(),0,0,0,103,0,-1
padel_rating_sanctions,id,1,integer,int4,NO,nextval('app_v3.padel_rating_sanctions_id_seq'::regclass),1,0,0,0,,
padel_rating_sanctions,env,2,text,text,NO,'prod'::text,0,0,0,0,,
padel_rating_sanctions,organization_id,3,integer,int4,NO,,0,1,0,0,,
padel_rating_sanctions,player_id,4,integer,int4,NO,,0,1,0,0,,
padel_rating_sanctions,type,5,USER-DEFINED,PadelRatingSanctionType,NO,,0,0,0,0,,
padel_rating_sanctions,status,6,USER-DEFINED,PadelRatingSanctionStatus,NO,"'ACTIVE'::app_v3.""PadelRatingSanctionStatus""",0,0,0,0,,
padel_rating_sanctions,reason_code,7,text,text,YES,,0,0,0,0,,
padel_rating_sanctions,reason,8,text,text,YES,,0,0,0,0,,
padel_rating_sanctions,starts_at,9,timestamp with time zone,timestamptz,NO,now(),0,0,0,0,,
padel_rating_sanctions,ends_at,10,timestamp with time zone,timestamptz,YES,,0,0,0,0,,
padel_rating_sanctions,metadata,11,jsonb,jsonb,YES,'{}'::jsonb,0,0,0,0,,
padel_rating_sanctions,created_by_user_id,12,uuid,uuid,YES,,0,0,0,0,,
padel_rating_sanctions,resolved_by_user_id,13,uuid,uuid,YES,,0,0,0,0,,
padel_rating_sanctions,resolved_at,14,timestamp with time zone,timestamptz,YES,,0,0,0,0,,
padel_rating_sanctions,created_at,15,timestamp with time zone,timestamptz,NO,now(),0,0,0,0,,
padel_rating_sanctions,updated_at,16,timestamp with time zone,timestamptz,NO,now(),0,0,0,0,,
padel_registration_lines,id,1,integer,int4,NO,nextval('app_v3.padel_registration_lines_id_seq'::regclass),1,0,0,0,,
padel_registration_lines,padel_registration_id,2,uuid,uuid,NO,,0,1,0,0,,
padel_registration_lines,label,3,text,text,NO,,0,0,0,0,,
padel_registration_lines,qty,4,integer,int4,NO,,0,0,0,0,,
padel_registration_lines,unit_amount,5,integer,int4,NO,,0,0,0,0,,
padel_registration_lines,total_amount,6,integer,int4,NO,,0,0,0,0,,
padel_registration_lines,env,7,text,text,NO,'prod'::text,0,0,0,0,,
padel_registration_lines,pairing_slot_id,8,integer,int4,YES,,0,0,0,0,,
padel_registrations,id,1,uuid,uuid,NO,gen_random_uuid(),1,0,0,0,,
padel_registrations,organization_id,2,integer,int4,NO,,0,1,0,0,,
padel_registrations,event_id,3,integer,int4,NO,,0,1,0,0,,
padel_registrations,buyer_identity_id,4,uuid,uuid,YES,,0,0,0,0,,
padel_registrations,currency,5,text,text,NO,'EUR'::text,0,0,0,0,,
padel_registrations,status,6,USER-DEFINED,PadelRegistrationStatus,NO,"'PENDING_PARTNER'::app_v3.""PadelRegistrationStatus""",0,0,0,0,,
padel_registrations,created_at,7,timestamp with time zone,timestamptz,NO,now(),0,0,0,0,,
padel_registrations,updated_at,8,timestamp with time zone,timestamptz,NO,now(),0,0,0,0,,
padel_registrations,pairing_id,9,integer,int4,YES,,0,1,0,0,,
padel_registrations,env,10,text,text,NO,'prod'::text,0,0,0,0,,
padel_rounds,id,1,integer,int4,NO,nextval('app_v3.padel_rounds_id_seq'::regclass),1,0,0,20,0,-1
padel_rounds,env,2,text,text,NO,'prod'::text,0,0,0,20,0,1
padel_rounds,event_id,3,integer,int4,NO,,0,1,0,20,0,-1
padel_rounds,category_id,4,integer,int4,YES,,0,1,0,20,0,-1
padel_rounds,organization_id,5,integer,int4,NO,,0,1,0,20,0,-0.25
padel_rounds,round_key,6,text,text,NO,,0,0,0,20,0,-1
padel_rounds,phase,7,USER-DEFINED,PadelRoundPhase,NO,,0,0,0,20,0,1
padel_rounds,round_number,8,integer,int4,NO,1,0,0,0,20,0,1
padel_rounds,group_label,9,text,text,YES,,0,0,0,20,0,1
padel_rounds,state,10,USER-DEFINED,PadelRoundState,NO,"'PENDING'::app_v3.""PadelRoundState""",0,0,0,20,0,1
padel_rounds,score_mode,11,USER-DEFINED,PadelScoreMode,NO,"'SETS'::app_v3.""PadelScoreMode""",0,0,0,20,0,1
padel_rounds,duration_seconds,12,integer,int4,YES,,0,0,0,20,1,0
padel_rounds,starts_at,13,timestamp with time zone,timestamptz,YES,,0,0,0,20,0,-1
padel_rounds,ends_at,14,timestamp with time zone,timestamptz,YES,,0,0,0,20,0,-1
padel_rounds,timer_state,15,USER-DEFINED,PadelRoundTimerState,NO,"'IDLE'::app_v3.""PadelRoundTimerState""",0,0,0,20,0,1
padel_rounds,created_at,16,timestamp with time zone,timestamptz,NO,now(),0,0,0,20,0,-1
padel_rounds,updated_at,17,timestamp with time zone,timestamptz,NO,now(),0,0,0,20,0,-1
padel_rule_set_versions,env,1,text,text,NO,'prod'::text,0,0,0,0,,
padel_rule_set_versions,id,2,integer,int4,NO,nextval('app_v3.padel_rule_set_versions_id_seq'::regclass),1,0,0,0,,
padel_rule_set_versions,tournament_config_id,3,integer,int4,NO,,0,1,1,0,,
padel_rule_set_versions,version,4,integer,int4,NO,1,0,0,1,0,,
padel_rule_set_versions,source_rule_set_id,5,integer,int4,YES,,0,1,0,0,,
padel_rule_set_versions,name,6,text,text,NO,,0,0,0,0,,
padel_rule_set_versions,tie_break_rules,7,jsonb,jsonb,NO,'{}'::jsonb,0,0,0,0,,
padel_rule_set_versions,points_table,8,jsonb,jsonb,NO,'{}'::jsonb,0,0,0,0,,
padel_rule_set_versions,enabled_formats,9,ARRAY,_text,NO,"ARRAY['TODOS_CONTRA_TODOS'::text, 'QUADRO_ELIMINATORIO'::text]",0,0,0,0,,
padel_rule_set_versions,season,10,text,text,YES,,0,0,0,0,,
padel_rule_set_versions,year,11,integer,int4,YES,,0,0,0,0,,
padel_rule_set_versions,created_at,12,timestamp with time zone,timestamptz,NO,now(),0,0,0,0,,
padel_rule_set_versions,created_by_user_id,13,uuid,uuid,YES,,0,0,0,0,,
padel_rule_sets,id,1,integer,int4,NO,nextval('app_v3.padel_rule_sets_id_seq'::regclass),1,0,0,0,,
padel_rule_sets,organization_id,2,integer,int4,NO,,0,1,0,0,,
padel_rule_sets,name,3,text,text,NO,,0,0,0,0,,
padel_rule_sets,tie_break_rules,4,jsonb,jsonb,NO,'{}'::jsonb,0,0,0,0,,
padel_rule_sets,points_table,5,jsonb,jsonb,NO,'{}'::jsonb,0,0,0,0,,
padel_rule_sets,enabled_formats,6,ARRAY,_text,NO,"ARRAY['TODOS_CONTRA_TODOS'::text, 'QUADRO_ELIMINATORIO'::text]",0,0,0,0,,
padel_rule_sets,season,7,text,text,YES,,0,0,0,0,,
padel_rule_sets,year,8,integer,int4,YES,,0,0,0,0,,
padel_rule_sets,created_at,9,timestamp with time zone,timestamptz,NO,now(),0,0,0,0,,
padel_rule_sets,updated_at,10,timestamp with time zone,timestamptz,NO,now(),0,0,0,0,,
padel_rule_sets,env,11,text,text,NO,'prod'::text,0,0,0,0,,
padel_schedule_run_decisions,env,1,text,text,NO,'prod'::text,0,0,0,0,,
padel_schedule_run_decisions,id,2,integer,int4,NO,nextval('app_v3.padel_schedule_run_decisions_id_seq'::regclass),1,0,0,0,,
padel_schedule_run_decisions,run_id,3,uuid,uuid,NO,,0,1,0,0,,
padel_schedule_run_decisions,event_id,4,integer,int4,NO,,0,1,0,0,,
padel_schedule_run_decisions,organization_id,5,integer,int4,NO,,0,1,0,0,,
padel_schedule_run_decisions,match_id,6,integer,int4,YES,,0,0,0,0,,
padel_schedule_run_decisions,category_id,7,integer,int4,YES,,0,0,0,0,,
padel_schedule_run_decisions,decision_type,8,text,text,NO,,0,0,0,0,,
padel_schedule_run_decisions,reason,9,text,text,YES,,0,0,0,0,,
padel_schedule_run_decisions,court_id,10,integer,int4,YES,,0,0,0,0,,
padel_schedule_run_decisions,starts_at,11,timestamp with time zone,timestamptz,YES,,0,0,0,0,,
padel_schedule_run_decisions,ends_at,12,timestamp with time zone,timestamptz,YES,,0,0,0,0,,
padel_schedule_run_decisions,details,13,jsonb,jsonb,YES,,0,0,0,0,,
padel_schedule_run_decisions,created_at,14,timestamp with time zone,timestamptz,NO,now(),0,0,0,0,,
padel_schedule_runs,env,1,text,text,NO,'prod'::text,0,0,0,0,,
padel_schedule_runs,id,2,uuid,uuid,NO,gen_random_uuid(),1,0,0,0,,
padel_schedule_runs,event_id,3,integer,int4,NO,,0,1,0,0,,
padel_schedule_runs,organization_id,4,integer,int4,NO,,0,1,0,0,,
padel_schedule_runs,status,5,text,text,NO,'QUEUED'::text,0,0,0,0,,
padel_schedule_runs,strategy,6,text,text,NO,'BALANCED_BY_CATEGORY'::text,0,0,0,0,,
padel_schedule_runs,partial_mode,7,text,text,NO,'ALLOW_PARTIAL'::text,0,0,0,0,,
padel_schedule_runs,execution_mode,8,text,text,NO,'SYNC'::text,0,0,0,0,,
padel_schedule_runs,dry_run,9,boolean,bool,NO,false,0,0,0,0,,
padel_schedule_runs,scheduled_count,10,integer,int4,NO,0,0,0,0,0,,
padel_schedule_runs,skipped_count,11,integer,int4,NO,0,0,0,0,0,,
padel_schedule_runs,unscheduled_by_reason,12,jsonb,jsonb,YES,,0,0,0,0,,
padel_schedule_runs,by_category,13,jsonb,jsonb,YES,,0,0,0,0,,
padel_schedule_runs,warnings,14,jsonb,jsonb,YES,,0,0,0,0,,
padel_schedule_runs,error_code,15,text,text,YES,,0,0,0,0,,
padel_schedule_runs,requested_by_user_id,16,uuid,uuid,YES,,0,0,0,0,,
padel_schedule_runs,requested_at,17,timestamp with time zone,timestamptz,NO,now(),0,0,0,0,,
padel_schedule_runs,started_at,18,timestamp with time zone,timestamptz,YES,,0,0,0,0,,
padel_schedule_runs,finished_at,19,timestamp with time zone,timestamptz,YES,,0,0,0,0,,
padel_schedule_runs,applied,20,boolean,bool,NO,false,0,0,0,0,,
padel_schedule_runs,queued,21,boolean,bool,NO,false,0,0,0,0,,
padel_schedule_runs,outbox_event_id,22,text,text,YES,,0,0,1,0,,
padel_schedule_runs,category_ids,23,jsonb,jsonb,YES,,0,0,0,0,,
padel_schedule_runs,match_ids,24,jsonb,jsonb,YES,,0,0,0,0,,
padel_schedule_runs,request_meta,25,jsonb,jsonb,YES,,0,0,0,0,,
padel_schedule_runs,created_at,26,timestamp with time zone,timestamptz,NO,now(),0,0,0,0,,
padel_schedule_runs,updated_at,27,timestamp with time zone,timestamptz,NO,now(),0,0,0,0,,
padel_team_entries,id,1,integer,int4,NO,nextval('app_v3.padel_team_entries_id_seq'::regclass),1,0,0,2,,
padel_team_entries,env,2,text,text,NO,'prod'::text,0,0,0,2,,
padel_team_entries,event_id,3,integer,int4,NO,,0,1,0,2,,
padel_team_entries,team_id,4,integer,int4,NO,,0,1,0,2,,
padel_team_entries,category_id,5,integer,int4,YES,,0,1,0,2,,
padel_team_entries,status,6,USER-DEFINED,PadelTeamEntryStatus,NO,"'PENDING'::app_v3.""PadelTeamEntryStatus""",0,0,0,2,,
padel_team_entries,created_at,7,timestamp with time zone,timestamptz,NO,now(),0,0,0,2,,
padel_team_entries,updated_at,8,timestamp with time zone,timestamptz,NO,now(),0,0,0,2,,
padel_team_member_invites,id,1,uuid,uuid,NO,gen_random_uuid(),1,0,0,0,,
padel_team_member_invites,env,2,text,text,NO,'prod'::text,0,0,0,0,,
padel_team_member_invites,organization_id,3,integer,int4,NO,,0,1,0,0,,
padel_team_member_invites,team_id,4,integer,int4,NO,,0,1,0,0,,
padel_team_member_invites,invited_by_user_id,5,uuid,uuid,NO,,0,1,0,0,,
padel_team_member_invites,target_identifier,6,USER-DEFINED,citext,NO,,0,0,0,0,,
padel_team_member_invites,target_user_id,7,uuid,uuid,YES,,0,1,0,0,,
padel_team_member_invites,role,8,USER-DEFINED,PadelTeamRole,NO,"'PLAYER'::app_v3.""PadelTeamRole""",0,0,0,0,,
padel_team_member_invites,token,9,uuid,uuid,NO,,0,0,1,0,,
padel_team_member_invites,expires_at,10,timestamp with time zone,timestamptz,NO,,0,0,0,0,,
padel_team_member_invites,accepted_at,11,timestamp with time zone,timestamptz,YES,,0,0,0,0,,
padel_team_member_invites,declined_at,12,timestamp with time zone,timestamptz,YES,,0,0,0,0,,
padel_team_member_invites,cancelled_at,13,timestamp with time zone,timestamptz,YES,,0,0,0,0,,
padel_team_member_invites,created_at,14,timestamp with time zone,timestamptz,NO,now(),0,0,0,0,,
padel_team_member_invites,updated_at,15,timestamp with time zone,timestamptz,NO,now(),0,0,0,0,,
padel_team_members,id,1,integer,int4,NO,nextval('app_v3.padel_team_members_id_seq'::regclass),1,0,0,2,,
padel_team_members,env,2,text,text,NO,'prod'::text,0,0,0,2,,
padel_team_members,team_id,3,integer,int4,NO,,0,1,0,2,,
padel_team_members,user_id,4,uuid,uuid,NO,,0,1,0,2,,
padel_team_members,role,5,USER-DEFINED,PadelTeamRole,NO,"'PLAYER'::app_v3.""PadelTeamRole""",0,0,0,2,,
padel_team_members,status,6,USER-DEFINED,PadelTeamMemberStatus,NO,"'ACTIVE'::app_v3.""PadelTeamMemberStatus""",0,0,0,2,,
padel_team_members,joined_at,7,timestamp with time zone,timestamptz,YES,,0,0,0,2,,
padel_team_members,created_at,8,timestamp with time zone,timestamptz,NO,now(),0,0,0,2,,
padel_team_members,updated_at,9,timestamp with time zone,timestamptz,NO,now(),0,0,0,2,,
padel_teams,id,1,integer,int4,NO,nextval('app_v3.padel_teams_id_seq'::regclass),1,0,0,2,,
padel_teams,env,2,text,text,NO,'prod'::text,0,0,0,2,,
padel_teams,organization_id,3,integer,int4,NO,,0,1,0,2,,
padel_teams,padel_club_id,4,integer,int4,YES,,0,1,0,2,,
padel_teams,category_id,5,integer,int4,YES,,0,1,0,2,,
padel_teams,name,6,text,text,NO,,0,0,0,2,,
padel_teams,level,7,text,text,YES,,0,0,0,2,,
padel_teams,is_active,8,boolean,bool,NO,true,0,0,0,2,,
padel_teams,created_at,9,timestamp with time zone,timestamptz,NO,now(),0,0,0,2,,
padel_teams,updated_at,10,timestamp with time zone,timestamptz,NO,now(),0,0,0,2,,
padel_tournament_configs,id,1,integer,int4,NO,nextval('app_v3.padel_tournament_configs_id_seq'::regclass),1,0,0,22,0,-1
padel_tournament_configs,event_id,2,integer,int4,NO,,0,1,1,22,0,-1
padel_tournament_configs,organization_id,3,integer,int4,NO,,0,1,0,22,0,-0.333333
padel_tournament_configs,format,4,USER-DEFINED,padel_format,NO,,0,0,0,22,0,-1
padel_tournament_configs,number_of_courts,5,integer,int4,NO,1,0,0,0,22,0,-0.333333
padel_tournament_configs,rule_set_id,6,integer,int4,YES,,0,1,0,22,1,0
padel_tournament_configs,default_category_id,7,integer,int4,YES,,0,1,0,22,0,-1
padel_tournament_configs,enabled_formats,8,ARRAY,_text,NO,ARRAY[]::text[],0,0,0,22,0,-0.333333
padel_tournament_configs,created_at,9,timestamp with time zone,timestamptz,NO,now(),0,0,0,22,0,-1
padel_tournament_configs,updated_at,10,timestamp with time zone,timestamptz,NO,now(),0,0,0,22,0,-1
padel_tournament_configs,padel_v2_enabled,11,boolean,bool,NO,false,0,0,0,22,0,-0.333333
padel_tournament_configs,split_deadline_hours,12,integer,int4,YES,,0,0,0,22,0,-0.333333
padel_tournament_configs,padel_club_id,17,integer,int4,YES,,0,1,0,22,0,-0.333333
padel_tournament_configs,partner_club_ids,19,ARRAY,_int4,NO,'{}'::integer[],0,0,0,22,0,-0.333333
padel_tournament_configs,advanced_settings,20,jsonb,jsonb,YES,,0,0,0,22,0,-0.333333
padel_tournament_configs,eligibility_type,21,USER-DEFINED,PadelEligibilityType,NO,"'OPEN'::app_v3.""PadelEligibilityType""",0,0,0,22,0,-0.333333
padel_tournament_configs,env,22,text,text,NO,'prod'::text,0,0,0,22,0,-0.333333
padel_tournament_configs,is_interclub,23,boolean,bool,NO,false,0,0,0,22,0,-0.666667
padel_tournament_configs,rule_set_version_id,24,integer,int4,YES,,0,0,0,22,1,0
padel_tournament_configs,team_size,25,integer,int4,YES,,0,0,0,22,1,0
padel_tournament_configs,lifecycle_status,26,USER-DEFINED,PadelTournamentLifecycleStatus,NO,"'DRAFT'::app_v3.""PadelTournamentLifecycleStatus""",0,0,0,22,0,-0.333333
padel_tournament_configs,published_at,27,timestamp with time zone,timestamptz,YES,,0,0,0,22,0,-1
padel_tournament_configs,locked_at,28,timestamp with time zone,timestamptz,YES,,0,0,0,22,1,0
padel_tournament_configs,completed_at,30,timestamp with time zone,timestamptz,YES,,0,0,0,22,1,0
padel_tournament_configs,cancelled_at,31,timestamp with time zone,timestamptz,YES,,0,0,0,22,1,0
padel_tournament_configs,lifecycle_updated_at,32,timestamp with time zone,timestamptz,YES,,0,0,0,22,0,-0.333333
padel_tournament_configs,result_validation_mode,33,USER-DEFINED,PadelResultValidationMode,NO,"'IMMEDIATE_OFFICIAL'::app_v3.""PadelResultValidationMode""",0,0,0,22,,
padel_tournament_configs,pending_confirmation_window_minutes,34,integer,int4,NO,15,0,0,0,22,0,-0.333333
padel_tournament_configs,player_result_submission_enabled,35,boolean,bool,NO,false,0,0,0,22,0,-0.333333
padel_tournament_participants,id,1,integer,int4,NO,nextval('app_v3.padel_tournament_participants_id_seq'::regclass),1,0,0,452,0,-1
padel_tournament_participants,env,2,text,text,NO,'prod'::text,0,0,0,452,0,1
padel_tournament_participants,event_id,3,integer,int4,NO,,0,1,0,452,0,19
padel_tournament_participants,category_id,4,integer,int4,YES,,0,1,0,452,0,19
padel_tournament_participants,organization_id,5,integer,int4,NO,,0,1,0,452,0,7
padel_tournament_participants,player_profile_id,6,integer,int4,NO,,0,1,0,452,0,-0.583721
padel_tournament_participants,source_pairing_id,7,integer,int4,YES,,0,1,0,452,0,-0.5
padel_tournament_participants,status,8,USER-DEFINED,PadelTournamentParticipantStatus,NO,"'ACTIVE'::app_v3.""PadelTournamentParticipantStatus""",0,0,0,452,0,1
padel_tournament_participants,seed_rank,9,integer,int4,YES,,0,0,0,452,1,0
padel_tournament_participants,created_at,10,timestamp with time zone,timestamptz,NO,now(),0,0,0,452,0,-1
padel_tournament_participants,updated_at,11,timestamp with time zone,timestamptz,NO,now(),0,0,0,452,0,-1
padel_tournament_roles,env,1,text,text,NO,'prod'::text,0,0,0,2,,
padel_tournament_roles,id,2,integer,int4,NO,,1,0,0,2,,
padel_tournament_roles,event_id,3,integer,int4,NO,,0,1,1,2,,
padel_tournament_roles,organization_id,4,integer,int4,NO,,0,1,0,2,,
padel_tournament_roles,user_id,5,uuid,uuid,NO,,0,1,1,2,,
padel_tournament_roles,role,6,USER-DEFINED,PadelTournamentRole,NO,,0,0,1,2,,
padel_tournament_roles,created_at,7,timestamp with time zone,timestamptz,NO,now(),0,0,0,2,,
padel_tournament_roles,updated_at,8,timestamp with time zone,timestamptz,NO,now(),0,0,0,2,,
padel_tournament_tier_approvals,id,1,integer,int4,NO,nextval('app_v3.padel_tournament_tier_approvals_id_seq'::regclass),1,0,0,0,,
padel_tournament_tier_approvals,env,2,text,text,NO,'prod'::text,0,0,0,0,,
padel_tournament_tier_approvals,organization_id,3,integer,int4,NO,,0,1,0,0,,
padel_tournament_tier_approvals,event_id,4,integer,int4,NO,,0,1,0,0,,
padel_tournament_tier_approvals,requested_tier,5,text,text,NO,,0,0,0,0,,
padel_tournament_tier_approvals,approved_tier,6,text,text,YES,,0,0,0,0,,
padel_tournament_tier_approvals,status,7,USER-DEFINED,PadelTournamentTierApprovalStatus,NO,"'PENDING'::app_v3.""PadelTournamentTierApprovalStatus""",0,0,0,0,,
padel_tournament_tier_approvals,reason,8,text,text,YES,,0,0,0,0,,
padel_tournament_tier_approvals,metadata,9,jsonb,jsonb,YES,'{}'::jsonb,0,0,0,0,,
padel_tournament_tier_approvals,requested_by_user_id,10,uuid,uuid,YES,,0,0,0,0,,
padel_tournament_tier_approvals,approved_by_user_id,11,uuid,uuid,YES,,0,0,0,0,,
padel_tournament_tier_approvals,approved_at,12,timestamp with time zone,timestamptz,YES,,0,0,0,0,,
padel_tournament_tier_approvals,created_at,13,timestamp with time zone,timestamptz,NO,now(),0,0,0,0,,
padel_tournament_tier_approvals,updated_at,14,timestamp with time zone,timestamptz,NO,now(),0,0,0,0,,
padel_waitlist_entries,id,1,integer,int4,NO,nextval('app_v3.padel_waitlist_entries_id_seq'::regclass),1,0,0,0,,
padel_waitlist_entries,event_id,2,integer,int4,NO,,0,1,1,0,,
padel_waitlist_entries,organization_id,3,integer,int4,NO,,0,1,0,0,,
padel_waitlist_entries,category_id,4,integer,int4,YES,,0,1,1,0,,
padel_waitlist_entries,user_id,5,uuid,uuid,NO,,0,1,1,0,,
padel_waitlist_entries,payment_mode,6,USER-DEFINED,PadelPaymentMode,NO,,0,0,0,0,,
padel_waitlist_entries,pairing_join_mode,7,USER-DEFINED,PadelPairingJoinMode,NO,,0,0,0,0,,
padel_waitlist_entries,invited_contact,8,text,text,YES,,0,0,0,0,,
padel_waitlist_entries,status,9,USER-DEFINED,PadelWaitlistStatus,NO,"'PENDING'::app_v3.""PadelWaitlistStatus""",0,0,0,0,,
padel_waitlist_entries,promoted_pairing_id,10,integer,int4,YES,,0,1,0,0,,
padel_waitlist_entries,created_at,11,timestamp with time zone,timestamptz,NO,now(),0,0,0,0,,
padel_waitlist_entries,updated_at,12,timestamp with time zone,timestamptz,NO,now(),0,0,0,0,,
padel_waitlist_entries,env,13,text,text,NO,'prod'::text,0,0,0,0,,
payment_events,id,1,integer,int4,NO,nextval('app_v3.payment_events_id_seq'::regclass),1,0,0,20,0,-1
payment_events,status,3,text,text,NO,'PROCESSING'::text,0,0,0,20,0,-0.2
payment_events,event_id,4,integer,int4,YES,,0,0,0,20,0.3,-0.4
payment_events,user_id,5,uuid,uuid,YES,,0,0,0,20,0.6,-0.15
payment_events,amount_cents,6,integer,int4,YES,,0,0,0,20,0,-0.7
payment_events,platform_fee_cents,7,integer,int4,YES,,0,0,0,20,0,-0.55
payment_events,error_message,8,text,text,YES,,0,0,0,20,0.95,-0.05
payment_events,created_at,9,timestamp with time zone,timestamptz,YES,now(),0,0,0,20,0,-1
payment_events,updated_at,10,timestamp with time zone,timestamptz,YES,now(),0,0,0,20,0,-1
payment_events,mode,11,USER-DEFINED,PaymentMode,NO,"'LIVE'::app_v3.""PaymentMode""",0,0,0,20,0,2
payment_events,is_test,12,boolean,bool,NO,false,0,0,0,20,0,2
payment_events,stripe_fee_cents,13,integer,int4,YES,,0,0,0,20,0.6,-0.15
payment_events,stripe_event_id,14,text,text,YES,,0,0,0,20,1,0
payment_events,purchase_id,15,text,text,YES,,0,0,0,20,0,-1
payment_events,source,16,USER-DEFINED,PaymentEventSource,NO,"'WEBHOOK'::app_v3.""PaymentEventSource""",0,0,0,20,0,1
payment_events,dedupe_key,17,text,text,YES,,0,0,0,20,0.45,-0.55
payment_events,attempt,18,integer,int4,NO,1,0,0,0,20,0,1
payment_events,stripe_payment_intent_id,19,text,text,YES,,0,0,0,20,0.7,-0.3
payment_events,env,20,text,text,NO,'prod'::text,0,0,0,20,0,1
payment_snapshots,payment_id,1,text,text,NO,,1,1,0,167,0,-1
payment_snapshots,organization_id,2,integer,int4,NO,,0,0,0,167,0,4
payment_snapshots,source_type,3,USER-DEFINED,SourceType,NO,,0,0,0,167,0,4
payment_snapshots,source_id,4,text,text,NO,,0,0,0,167,0,-0.964072
payment_snapshots,status,5,USER-DEFINED,PaymentStatus,NO,,0,0,0,167,0,3
payment_snapshots,currency,6,text,text,NO,,0,0,0,167,0,1
payment_snapshots,gross_cents,7,integer,int4,YES,,0,0,0,167,0,-0.365269
payment_snapshots,platform_fee_cents,8,integer,int4,YES,,0,0,0,167,0,-0.347305
payment_snapshots,processor_fees_cents,9,integer,int4,YES,,0,0,0,167,0.0718563,-0.197605
payment_snapshots,net_to_org_cents,10,integer,int4,YES,,0,0,0,167,0,-0.365269
payment_snapshots,last_event_id,11,text,text,YES,,0,0,0,167,0.389222,-0.610778
payment_snapshots,created_at,12,timestamp with time zone,timestamptz,NO,now(),0,0,0,167,0,-0.347305
payment_snapshots,updated_at,13,timestamp with time zone,timestamptz,NO,now(),0,0,0,167,0,-0.317365
payment_snapshots,env,14,text,text,NO,'prod'::text,0,0,0,167,0,1
payments,id,1,text,text,NO,,1,0,0,174,0,-1
payments,organization_id,2,integer,int4,NO,,0,1,0,174,0,7
payments,source_type,3,USER-DEFINED,SourceType,NO,,0,0,0,174,0,4
payments,source_id,4,text,text,NO,,0,0,0,174,0,-0.965517
payments,customer_identity_id,5,uuid,uuid,YES,,0,0,0,174,0.0517241,-0.551724
payments,status,6,USER-DEFINED,PaymentStatus,NO,"'CREATED'::app_v3.""PaymentStatus""",0,0,0,174,0,4
payments,fee_policy_version,7,text,text,NO,,0,0,0,174,0,5
payments,pricing_snapshot_json,8,jsonb,jsonb,NO,,0,0,0,174,0,-0.994253
payments,pricing_snapshot_hash,9,text,text,YES,,0,0,0,174,0.0344828,-0.95977
payments,processor_fees_status,10,USER-DEFINED,ProcessorFeesStatus,NO,"'PENDING'::app_v3.""ProcessorFeesStatus""",0,0,0,174,0,2
payments,processor_fees_actual,11,integer,int4,YES,,0,0,0,174,0.0977011,-0.201149
payments,idempotency_key,12,text,text,NO,,0,0,0,174,0,-1
payments,created_at,13,timestamp with time zone,timestamptz,NO,now(),0,0,0,174,0,-0.689655
payments,updated_at,14,timestamp with time zone,timestamptz,NO,now(),0,0,0,174,0,-0.689655
payments,env,15,text,text,NO,'prod'::text,0,0,0,174,0,1
payouts,id,1,uuid,uuid,NO,gen_random_uuid(),1,0,0,13,0,-1
payouts,organization_id,2,integer,int4,NO,,0,1,0,13,0,-0.166667
payouts,source_type,3,text,text,YES,,0,0,0,13,0,-0.166667
payouts,source_id,4,text,text,YES,,0,0,0,13,0,-1
payouts,payment_id,5,text,text,YES,,0,0,0,13,0,-1
payouts,payment_intent_id,6,text,text,YES,,0,0,0,13,0,-1
payouts,transfer_id,8,text,text,YES,,0,0,0,13,0,-1
payouts,currency,9,text,text,NO,'EUR'::text,0,0,0,13,0,-0.166667
payouts,gross_amount_cents,10,integer,int4,YES,,0,0,0,13,0,-1
payouts,platform_fee_cents,11,integer,int4,YES,,0,0,0,13,0,-1
payouts,fee_mode,12,USER-DEFINED,FeeMode,YES,,0,0,0,13,0,-0.166667
payouts,amount_cents,13,integer,int4,NO,,0,0,0,13,0,-1
payouts,status,14,USER-DEFINED,PayoutStatus,NO,"'PENDING'::app_v3.""PayoutStatus""",0,0,0,13,0,-0.166667
payouts,released_at,15,timestamp with time zone,timestamptz,YES,,0,0,0,13,0,-1
payouts,created_at,16,timestamp with time zone,timestamptz,NO,now(),0,0,0,13,0,-1
payouts,updated_at,17,timestamp with time zone,timestamptz,NO,now(),0,0,0,13,0,-1
payouts,env,18,text,text,NO,'prod'::text,0,0,0,13,0,-0.166667
platform_settings,id,1,integer,int4,NO,nextval('app_v3.platform_settings_id_seq'::regclass),1,0,0,0,,
platform_settings,key,2,text,text,NO,,0,0,1,0,,
platform_settings,value,3,text,text,NO,,0,0,0,0,,
platform_settings,created_at,4,timestamp with time zone,timestamptz,YES,now(),0,0,0,0,,
platform_settings,updated_at,5,timestamp with time zone,timestamptz,YES,now(),0,0,0,0,,
platform_settings,env,6,text,text,NO,'prod'::text,0,0,0,0,,
profiles,id,1,uuid,uuid,NO,,1,1,0,124,0,-1
profiles,username,2,USER-DEFINED,citext,YES,,0,0,0,124,0.037037,-0.962963
profiles,full_name,3,text,text,YES,,0,0,0,124,0.037037,-0.953704
profiles,avatar_url,4,text,text,YES,,0,0,0,124,0.435185,-0.518519
profiles,bio,5,text,text,YES,,0,0,0,124,1,0
profiles,favourite_categories,7,ARRAY,_text,YES,ARRAY[]::text[],0,0,0,124,0,5
profiles,onboarding_done,8,boolean,bool,NO,false,0,0,0,124,0,2
profiles,roles,9,ARRAY,_text,YES,ARRAY['user'::text],0,0,0,124,0,3
profiles,created_at,10,timestamp without time zone,timestamp,NO,CURRENT_TIMESTAMP,0,0,0,124,0,-1
profiles,updated_at,11,timestamp without time zone,timestamp,NO,CURRENT_TIMESTAMP,0,0,0,124,0,-1
profiles,deleted_at,12,timestamp without time zone,timestamp,YES,,0,0,0,124,1,0
profiles,is_deleted,13,boolean,bool,NO,false,0,0,0,124,0,1
profiles,visibility,14,USER-DEFINED,Visibility,NO,"'PUBLIC'::app_v3.""Visibility""",0,0,0,124,0,1
profiles,is_verified,15,boolean,bool,NO,false,0,0,0,124,0,1
profiles,contact_phone,16,text,text,YES,,0,0,0,124,0.990741,-0.00925928
profiles,status,17,USER-DEFINED,AccountStatus,YES,"'ACTIVE'::app_v3.""AccountStatus""",0,0,0,124,0,1
profiles,deletion_requested_at,18,timestamp with time zone,timestamptz,YES,,0,0,0,124,1,0
profiles,deletion_scheduled_for,19,timestamp with time zone,timestamptz,YES,,0,0,0,124,1,0
profiles,deleted_at_final,20,timestamp with time zone,timestamptz,YES,,0,0,0,124,1,0
profiles,gender,21,USER-DEFINED,Gender,YES,,0,0,0,124,0.0648148,2
profiles,cover_url,22,text,text,YES,,0,0,0,124,0.990741,-0.00925928
profiles,padel_level,26,text,text,YES,,0,0,0,124,0.981481,-0.0185185
profiles,padel_preferred_side,27,USER-DEFINED,PadelPreferredSide,YES,,0,0,0,124,0.981481,-0.0185185
profiles,padel_club_name,28,text,text,YES,,0,0,0,124,1,0
profiles,active_organization_id,29,integer,int4,YES,,0,0,0,124,0.0555556,2
profiles,location_consent,30,USER-DEFINED,LocationConsent,NO,"'PENDING'::app_v3.""LocationConsent""",0,0,0,124,0,2
profiles,location_granularity,31,USER-DEFINED,LocationGranularity,NO,"'COARSE'::app_v3.""LocationGranularity""",0,0,0,124,0,1
profiles,location_source,32,USER-DEFINED,UserLocationSource,YES,,0,0,0,124,1,0
profiles,location_updated_at,35,timestamp with time zone,timestamptz,YES,,0,0,0,124,0.972222,-0.0277778
profiles,env,36,text,text,NO,'prod'::text,0,0,0,124,0,1
promo_codes,id,1,integer,int4,NO,,1,0,0,4,0,-1
promo_codes,code,2,text,text,NO,,0,0,0,4,0,-1
promo_codes,type,3,USER-DEFINED,PromoType,NO,,0,0,0,4,0,-0.5
promo_codes,value,4,integer,int4,NO,,0,0,0,4,0,-1
promo_codes,max_uses,5,integer,int4,YES,,0,0,0,4,0,-0.25
promo_codes,per_user_limit,6,integer,int4,YES,,0,0,0,4,0,-0.25
promo_codes,valid_from,7,timestamp with time zone,timestamptz,YES,,0,0,0,4,0,-0.25
promo_codes,valid_until,8,timestamp with time zone,timestamptz,YES,,0,0,0,4,0,-0.25
promo_codes,active,9,boolean,bool,NO,true,0,0,0,4,0,-0.25
promo_codes,event_id,10,integer,int4,YES,,0,1,0,4,1,0
promo_codes,created_at,11,timestamp with time zone,timestamptz,NO,now(),0,0,0,4,0,-0.75
promo_codes,updated_at,12,timestamp with time zone,timestamptz,NO,now(),0,0,0,4,0,-0.75
promo_codes,auto_apply,13,boolean,bool,YES,false,0,0,0,4,0,-0.25
promo_codes,min_quantity,14,integer,int4,YES,,0,0,0,4,1,0
promo_codes,min_total_cents,15,integer,int4,YES,,0,0,0,4,1,0
promo_codes,organization_id,16,integer,int4,YES,,0,1,0,4,0,-0.25
promo_codes,promoter_user_id,17,uuid,uuid,YES,,0,1,0,4,0,-0.25
promo_codes,env,18,text,text,NO,'prod'::text,0,0,0,4,0,-0.25
promo_redemptions,id,1,integer,int4,NO,,1,0,0,18,0,-1
promo_redemptions,promo_code_id,2,integer,int4,NO,,0,1,1,18,0,-0.222222
promo_redemptions,user_id,3,uuid,uuid,YES,,0,0,0,18,0,-1
promo_redemptions,guest_email,4,text,text,YES,,0,0,0,18,1,0
promo_redemptions,used_at,5,timestamp with time zone,timestamptz,NO,now(),0,0,0,18,0,-1
promo_redemptions,purchase_id,6,text,text,YES,,0,0,1,18,0,-1
promo_redemptions,env,7,text,text,NO,'prod'::text,0,0,0,18,0,1
public_api_keys,id,1,uuid,uuid,NO,gen_random_uuid(),1,0,0,0,,
public_api_keys,organization_id,2,integer,int4,NO,,0,1,0,0,,
public_api_keys,key_prefix,3,text,text,NO,,0,0,0,0,,
public_api_keys,key_hash,4,text,text,NO,,0,0,1,0,,
public_api_keys,scopes,5,ARRAY,_PublicApiScope,NO,,0,0,0,0,,
public_api_keys,revoked_at,6,timestamp with time zone,timestamptz,YES,,0,0,0,0,,
public_api_keys,last_used_at,7,timestamp with time zone,timestamptz,YES,,0,0,0,0,,
public_api_keys,created_at,8,timestamp with time zone,timestamptz,NO,now(),0,0,0,0,,
public_api_keys,env,9,text,text,NO,'prod'::text,0,0,0,0,,
push_device_tokens,id,1,uuid,uuid,NO,gen_random_uuid(),1,0,0,0,,
push_device_tokens,user_id,2,uuid,uuid,NO,,0,1,0,0,,
push_device_tokens,platform,3,text,text,NO,,0,0,0,0,,
push_device_tokens,token,4,text,text,NO,,0,0,0,0,,
push_device_tokens,created_at,5,timestamp with time zone,timestamptz,NO,now(),0,0,0,0,,
push_device_tokens,revoked_at,6,timestamp with time zone,timestamptz,YES,,0,0,0,0,,
push_device_tokens,env,7,text,text,NO,'prod'::text,0,0,0,0,,
refund_policy_versions,env,1,text,text,NO,'prod'::text,0,0,0,0,,
refund_policy_versions,id,2,integer,int4,NO,,1,0,0,0,,
refund_policy_versions,organization_id,3,integer,int4,NO,,0,1,1,0,,
refund_policy_versions,event_id,4,integer,int4,YES,,0,1,1,0,,
refund_policy_versions,policy_version,5,text,text,NO,,0,0,1,0,,
refund_policy_versions,fee_bps,6,integer,int4,NO,0,0,0,0,0,,
refund_policy_versions,fee_fixed_cents,7,integer,int4,NO,0,0,0,0,0,,
refund_policy_versions,fee_payer,8,USER-DEFINED,RefundFeePayer,NO,"'CUSTOMER'::app_v3.""RefundFeePayer""",0,0,0,0,,
refund_policy_versions,created_at,9,timestamp with time zone,timestamptz,NO,now(),0,0,0,0,,
refund_policy_versions,created_by_user_id,10,uuid,uuid,YES,,0,0,0,0,,
refunds,id,1,integer,int4,NO,nextval('app_v3.refunds_id_seq'::regclass),1,0,0,10,0,-1
refunds,dedupe_key,2,text,text,NO,,0,0,1,10,0,-1
refunds,purchase_id,3,text,text,YES,,0,0,0,10,0,-1
refunds,payment_intent_id,4,text,text,YES,,0,0,0,10,0,-1
refunds,event_id,5,integer,int4,NO,,0,0,0,10,0,1
refunds,base_amount_cents,6,integer,int4,NO,0,0,0,0,10,0,-0.6
refunds,fees_excluded_cents,7,integer,int4,NO,0,0,0,0,10,0,-0.6
refunds,reason,8,USER-DEFINED,RefundReason,NO,,0,0,0,10,0,-0.3
refunds,refunded_by,9,text,text,YES,,0,0,0,10,0,1
refunds,refunded_at,10,timestamp with time zone,timestamptz,YES,now(),0,0,0,10,0,-0.7
refunds,stripe_refund_id,11,text,text,YES,,0,0,0,10,0,-1
refunds,audit_payload,12,jsonb,jsonb,YES,,0,0,0,10,0,-0.6
refunds,created_at,13,timestamp with time zone,timestamptz,YES,now(),0,0,0,10,0,-1
refunds,updated_at,14,timestamp with time zone,timestamptz,YES,now(),0,0,0,10,0,-1
refunds,env,15,text,text,NO,'prod'::text,0,0,0,10,0,1
reservation_professionals,id,1,integer,int4,NO,nextval('app_v3.reservation_professionals_id_seq'::regclass),1,0,0,39,0,-1
reservation_professionals,organization_id,2,integer,int4,NO,,0,1,0,39,0,-0.205882
reservation_professionals,user_id,3,uuid,uuid,YES,,0,1,0,39,0,-0.294118
reservation_professionals,name,4,text,text,NO,,0,0,0,39,0,-0.294118
reservation_professionals,role_title,5,text,text,YES,,0,0,0,39,0,3
reservation_professionals,is_active,6,boolean,bool,NO,true,0,0,0,39,0,1
reservation_professionals,priority,7,integer,int4,NO,0,0,0,0,39,0,-0.294118
reservation_professionals,created_at,8,timestamp with time zone,timestamptz,NO,now(),0,0,0,39,0,-0.676471
reservation_professionals,updated_at,9,timestamp with time zone,timestamptz,NO,now(),0,0,0,39,0,-0.676471
reservation_professionals,env,10,text,text,NO,'prod'::text,0,0,0,39,0,1
reservation_resources,id,1,integer,int4,NO,nextval('app_v3.reservation_resources_id_seq'::regclass),1,0,0,43,0,-1
reservation_resources,organization_id,2,integer,int4,NO,,0,1,0,43,0,-0.162791
reservation_resources,label,3,text,text,NO,,0,0,0,43,0,-0.186047
reservation_resources,capacity,4,integer,int4,NO,1,0,0,0,43,0,2
reservation_resources,is_active,5,boolean,bool,NO,true,0,0,0,43,0,1
reservation_resources,priority,6,integer,int4,NO,0,0,0,0,43,0,-0.186047
reservation_resources,created_at,7,timestamp with time zone,timestamptz,NO,now(),0,0,0,43,0,-0.651163
reservation_resources,updated_at,8,timestamp with time zone,timestamptz,NO,now(),0,0,0,43,0,-0.651163
reservation_resources,env,9,text,text,NO,'prod'::text,0,0,0,43,0,1
reservation_resources,court_id,10,integer,int4,YES,,0,1,0,43,0,-1
sale_lines,id,1,integer,int4,NO,nextval('app_v3.sale_lines_id_seq'::regclass),1,0,0,142,0,-1
sale_lines,sale_summary_id,2,integer,int4,NO,,0,1,0,142,0,-1
sale_lines,event_id,3,integer,int4,NO,,0,1,0,142,0,-0.169014
sale_lines,ticket_type_id,4,integer,int4,NO,,0,1,0,142,0,-0.302817
sale_lines,promo_code_id,5,integer,int4,YES,,0,1,0,142,0.873239,4
sale_lines,promo_code_snapshot,6,text,text,YES,,0,0,0,142,0.873239,4
sale_lines,promo_label_snapshot,7,text,text,YES,,0,0,0,142,0.873239,4
sale_lines,promo_type_snapshot,8,USER-DEFINED,PromoType,YES,,0,0,0,142,0.873239,2
sale_lines,promo_value_snapshot,9,integer,int4,YES,,0,0,0,142,0.873239,4
sale_lines,quantity,10,integer,int4,NO,1,0,0,0,142,0,1
sale_lines,unit_price_cents,11,integer,int4,YES,,0,0,0,142,0,-0.253521
sale_lines,discount_per_unit_cents,12,integer,int4,YES,,0,0,0,142,0,-0.105634
sale_lines,gross_cents,13,integer,int4,YES,,0,0,0,142,0,-0.253521
sale_lines,net_cents,14,integer,int4,YES,,0,0,0,142,0,-0.359155
sale_lines,platform_fee_cents,15,integer,int4,YES,,0,0,0,142,0,-0.330986
sale_lines,created_at,16,timestamp with time zone,timestamptz,NO,now(),0,0,0,142,0,-1
sale_lines,env,17,text,text,NO,'prod'::text,0,0,0,142,0,1
sale_lines,padel_registration_line_id,18,integer,int4,YES,,0,0,0,142,1,0
sale_summaries,id,1,integer,int4,NO,nextval('app_v3.sale_summaries_id_seq'::regclass),1,0,0,142,0,-1
sale_summaries,event_id,2,integer,int4,NO,,0,1,0,142,0,-0.169014
sale_summaries,user_id,3,uuid,uuid,YES,,0,0,0,142,0,-0.633803
sale_summaries,owner_user_id,4,uuid,uuid,YES,,0,0,0,142,0,-0.633803
sale_summaries,owner_identity_id,5,uuid,uuid,YES,,0,0,0,142,1,0
sale_summaries,purchase_id,6,text,text,YES,,0,0,1,142,0,-1
sale_summaries,payment_intent_id,7,text,text,YES,,0,0,1,142,0.514085,-0.485915
sale_summaries,promo_code_id,8,integer,int4,YES,,0,1,0,142,0.873239,4
sale_summaries,promo_code_snapshot,9,text,text,YES,,0,0,0,142,0.873239,4
sale_summaries,promo_label_snapshot,10,text,text,YES,,0,0,0,142,0.873239,4
sale_summaries,promo_type_snapshot,11,USER-DEFINED,PromoType,YES,,0,0,0,142,0.873239,2
sale_summaries,promo_value_snapshot,12,integer,int4,YES,,0,0,0,142,0.873239,4
sale_summaries,subtotal_cents,13,integer,int4,YES,,0,0,0,142,0,-0.253521
sale_summaries,discount_cents,14,integer,int4,YES,,0,0,0,142,0,-0.105634
sale_summaries,platform_fee_cents,15,integer,int4,YES,,0,0,0,142,0,-0.330986
sale_summaries,card_platform_fee_cents,16,integer,int4,YES,,0,0,0,142,0,7
sale_summaries,stripe_fee_cents,17,integer,int4,YES,,0,0,0,142,0,-0.204225
sale_summaries,total_cents,18,integer,int4,YES,,0,0,0,142,0,-0.359155
sale_summaries,net_cents,19,integer,int4,YES,,0,0,0,142,0,-0.359155
sale_summaries,fee_mode,20,USER-DEFINED,FeeMode,YES,,0,0,0,142,0,2
sale_summaries,payment_method,21,text,text,YES,,0,0,0,142,0,2
sale_summaries,currency,22,text,text,NO,'EUR'::text,0,0,0,142,0,1
sale_summaries,status,23,USER-DEFINED,SaleSummaryStatus,NO,"'PAID'::app_v3.""SaleSummaryStatus""",0,0,0,142,0,1
sale_summaries,created_at,24,timestamp with time zone,timestamptz,NO,now(),0,0,0,142,0,-1
sale_summaries,updated_at,25,timestamp with time zone,timestamptz,NO,now(),0,0,0,142,0,-1
sale_summaries,env,26,text,text,NO,'prod'::text,0,0,0,142,0,1
schedule_delays,env,1,text,text,NO,'prod'::text,0,0,0,3,,
schedule_delays,id,2,integer,int4,NO,,1,0,0,3,,
schedule_delays,organization_id,3,integer,int4,NO,,0,1,0,3,,
schedule_delays,scope_type,4,USER-DEFINED,AvailabilityScopeType,NO,,0,0,0,3,,
schedule_delays,scope_id,5,integer,int4,NO,0,0,0,0,3,,
schedule_delays,delay_minutes,6,integer,int4,NO,0,0,0,0,3,,
schedule_delays,reason,7,text,text,YES,,0,0,0,3,,
schedule_delays,effective_from,8,timestamp with time zone,timestamptz,NO,now(),0,0,0,3,,
schedule_delays,created_by_user_id,9,uuid,uuid,YES,,0,1,0,3,,
schedule_delays,created_at,10,timestamp with time zone,timestamptz,NO,now(),0,0,0,3,,
schedule_delays,updated_at,11,timestamp with time zone,timestamptz,NO,now(),0,0,0,3,,
search_index_items,id,1,uuid,uuid,NO,gen_random_uuid(),1,0,0,46,0,-1
search_index_items,organization_id,2,integer,int4,NO,,0,1,0,46,0,-0.173913
search_index_items,source_type,3,USER-DEFINED,SourceType,NO,,0,0,0,46,0,1
search_index_items,source_id,4,text,text,NO,,0,0,0,46,0,-1
search_index_items,slug,5,text,text,NO,,0,0,0,46,0,-1
search_index_items,title,6,text,text,NO,,0,0,0,46,0,-1
search_index_items,description,7,text,text,YES,,0,0,0,46,0,-0.652174
search_index_items,starts_at,8,timestamp with time zone,timestamptz,NO,,0,0,0,46,0,-0.978261
search_index_items,ends_at,9,timestamp with time zone,timestamptz,NO,,0,0,0,46,0,-1
search_index_items,template_type,10,USER-DEFINED,EventTemplateType,YES,,0,0,0,46,0,3
search_index_items,pricing_mode,11,USER-DEFINED,EventPricingMode,YES,,0,0,0,46,0,1
search_index_items,is_gratis,12,boolean,bool,NO,false,0,0,0,46,0,2
search_index_items,price_from_cents,13,integer,int4,YES,,0,0,0,46,0.434783,-0.5
search_index_items,cover_image_url,14,text,text,YES,,0,0,0,46,0,-1
search_index_items,host_name,15,text,text,YES,,0,0,0,46,0,-0.173913
search_index_items,host_username,16,text,text,YES,,0,0,0,46,0,-0.173913
search_index_items,status,24,USER-DEFINED,EventStatus,NO,,0,0,0,46,0,2
search_index_items,visibility,25,USER-DEFINED,SearchIndexVisibility,NO,,0,0,0,46,0,2
search_index_items,last_event_id,26,uuid,uuid,NO,,0,0,0,46,0,-1
search_index_items,updated_at,27,timestamp with time zone,timestamptz,NO,,0,0,0,46,0,-1
search_index_items,env,28,text,text,NO,'prod'::text,0,0,0,46,0,1
search_index_items,address_id,29,uuid,uuid,YES,,0,1,0,46,0,-0.369565
search_index_items,interest_tags,30,ARRAY,_text,YES,ARRAY[]::text[],0,0,0,46,0,1
service_addons,env,1,text,text,NO,'prod'::text,0,0,0,12,0,1
service_addons,id,2,integer,int4,NO,,1,0,0,12,0,-1
service_addons,service_id,3,integer,int4,NO,,0,1,0,12,0,-0.5
service_addons,label,4,text,text,NO,,0,0,0,12,0,-0.166667
service_addons,description,5,text,text,YES,,0,0,0,12,0,-0.166667
service_addons,delta_minutes,6,integer,int4,NO,0,0,0,0,12,0,1
service_addons,delta_price_cents,7,integer,int4,NO,0,0,0,0,12,0,-0.166667
service_addons,max_qty,8,integer,int4,YES,,0,0,0,12,0,1
service_addons,category,9,text,text,YES,,0,0,0,12,0,-0.166667
service_addons,sort_order,10,integer,int4,NO,0,0,0,0,12,0,-0.166667
service_addons,is_active,11,boolean,bool,NO,true,0,0,0,12,0,1
service_addons,created_at,12,timestamp with time zone,timestamptz,NO,now(),0,0,0,12,0,-0.5
service_addons,updated_at,13,timestamp with time zone,timestamptz,NO,now(),0,0,0,12,0,-0.5
service_credit_balances,id,1,integer,int4,NO,nextval('app_v3.service_credit_balances_id_seq'::regclass),1,0,0,0,,
service_credit_balances,user_id,2,uuid,uuid,NO,,0,1,1,0,,
service_credit_balances,service_id,3,integer,int4,NO,,0,1,1,0,,
service_credit_balances,remaining_units,4,integer,int4,NO,,0,0,0,0,,
service_credit_balances,expires_at,5,timestamp with time zone,timestamptz,YES,,0,0,0,0,,
service_credit_balances,status,6,USER-DEFINED,ServiceCreditBalanceStatus,NO,"'ACTIVE'::app_v3.""ServiceCreditBalanceStatus""",0,0,0,0,,
service_credit_balances,created_at,7,timestamp with time zone,timestamptz,NO,now(),0,0,0,0,,
service_credit_balances,updated_at,8,timestamp with time zone,timestamptz,NO,now(),0,0,0,0,,
service_credit_balances,env,9,text,text,NO,'prod'::text,0,0,0,0,,
service_credit_ledger,id,1,integer,int4,NO,nextval('app_v3.service_credit_ledger_id_seq'::regclass),1,0,0,0,,
service_credit_ledger,user_id,2,uuid,uuid,NO,,0,1,0,0,,
service_credit_ledger,service_id,3,integer,int4,NO,,0,1,0,0,,
service_credit_ledger,booking_id,4,integer,int4,YES,,0,1,0,0,,
service_credit_ledger,payment_intent_id,5,text,text,YES,,0,0,0,0,,
service_credit_ledger,change_units,6,integer,int4,NO,,0,0,0,0,,
service_credit_ledger,type,7,USER-DEFINED,ServiceCreditLedgerType,NO,,0,0,0,0,,
service_credit_ledger,metadata,8,jsonb,jsonb,NO,'{}'::jsonb,0,0,0,0,,
service_credit_ledger,expires_at,9,timestamp with time zone,timestamptz,YES,,0,0,0,0,,
service_credit_ledger,created_at,10,timestamp with time zone,timestamptz,NO,now(),0,0,0,0,,
service_credit_ledger,env,11,text,text,NO,'prod'::text,0,0,0,0,,
service_duration_prices,id,1,integer,int4,NO,nextval('app_v3.service_duration_prices_id_seq'::regclass),1,0,0,18,0,-1
service_duration_prices,env,2,text,text,NO,'prod'::text,0,0,0,18,0,1
service_duration_prices,service_id,3,integer,int4,NO,,0,1,1,18,0,-0.333333
service_duration_prices,duration_minutes,4,integer,int4,NO,,0,0,1,18,0,-0.166667
service_duration_prices,price_cents,5,integer,int4,NO,,0,0,0,18,0,-1
service_duration_prices,is_active,6,boolean,bool,NO,true,0,0,0,18,0,1
service_duration_prices,created_at,7,timestamp with time zone,timestamptz,NO,now(),0,0,0,18,0,-0.333333
service_duration_prices,updated_at,8,timestamp with time zone,timestamptz,NO,now(),0,0,0,18,0,-0.333333
service_packages,env,1,text,text,NO,'prod'::text,0,0,0,12,0,1
service_packages,id,2,integer,int4,NO,,1,0,0,12,0,-1
service_packages,service_id,3,integer,int4,NO,,0,1,0,12,0,-0.5
service_packages,label,4,text,text,NO,,0,0,0,12,0,-0.166667
service_packages,description,5,text,text,YES,,0,0,0,12,0,-0.166667
service_packages,duration_minutes,6,integer,int4,NO,,0,0,0,12,0,1
service_packages,price_cents,7,integer,int4,NO,,0,0,0,12,0,-1
service_packages,recommended,8,boolean,bool,NO,false,0,0,0,12,0,-0.166667
service_packages,sort_order,9,integer,int4,NO,0,0,0,0,12,0,-0.166667
service_packages,is_active,10,boolean,bool,NO,true,0,0,0,12,0,1
service_packages,created_at,11,timestamp with time zone,timestamptz,NO,now(),0,0,0,12,0,-0.5
service_packages,updated_at,12,timestamp with time zone,timestamptz,NO,now(),0,0,0,12,0,-0.5
service_packs,id,1,integer,int4,NO,nextval('app_v3.service_packs_id_seq'::regclass),1,0,0,12,0,-1
service_packs,service_id,2,integer,int4,NO,,0,1,0,12,0,-0.5
service_packs,quantity,3,integer,int4,NO,,0,0,0,12,0,-0.166667
service_packs,pack_price_cents,4,integer,int4,NO,,0,0,0,12,0,-1
service_packs,label,5,text,text,YES,,0,0,0,12,0,-0.166667
service_packs,recommended,6,boolean,bool,NO,false,0,0,0,12,0,-0.166667
service_packs,is_active,7,boolean,bool,NO,true,0,0,0,12,0,1
service_packs,created_at,8,timestamp with time zone,timestamptz,NO,now(),0,0,0,12,0,-0.5
service_packs,updated_at,9,timestamp with time zone,timestamptz,NO,now(),0,0,0,12,0,-0.5
service_packs,env,10,text,text,NO,'prod'::text,0,0,0,12,0,1
service_professionals,id,1,integer,int4,NO,nextval('app_v3.service_professionals_id_seq'::regclass),1,0,0,53,0,-1
service_professionals,service_id,2,integer,int4,NO,,0,1,1,53,0,-0.27451
service_professionals,professional_id,3,integer,int4,NO,,0,1,1,53,0,-0.666667
service_professionals,created_at,4,timestamp with time zone,timestamptz,NO,now(),0,0,0,53,0,-0.27451
service_professionals,env,5,text,text,NO,'prod'::text,0,0,0,53,0,1
service_resources,id,1,integer,int4,NO,nextval('app_v3.service_resources_id_seq'::regclass),1,0,0,78,0,-1
service_resources,service_id,2,integer,int4,NO,,0,1,1,78,0,-0.179487
service_resources,resource_id,3,integer,int4,NO,,0,1,1,78,0,-0.551282
service_resources,created_at,4,timestamp with time zone,timestamptz,NO,now(),0,0,0,78,0,-0.179487
service_resources,env,5,text,text,NO,'prod'::text,0,0,0,78,0,1
service_reviews,id,1,integer,int4,NO,nextval('app_v3.service_reviews_id_seq'::regclass),1,0,0,0,,
service_reviews,booking_id,2,integer,int4,NO,,0,1,1,0,,
service_reviews,service_id,3,integer,int4,NO,,0,1,0,0,,
service_reviews,organization_id,4,integer,int4,NO,,0,1,0,0,,
service_reviews,user_id,5,uuid,uuid,NO,,0,1,0,0,,
service_reviews,rating,6,integer,int4,NO,,0,0,0,0,,
service_reviews,comment,7,text,text,YES,,0,0,0,0,,
service_reviews,is_verified,8,boolean,bool,NO,true,0,0,0,0,,
service_reviews,created_at,9,timestamp with time zone,timestamptz,NO,now(),0,0,0,0,,
service_reviews,updated_at,10,timestamp with time zone,timestamptz,NO,now(),0,0,0,0,,
service_reviews,env,11,text,text,NO,'prod'::text,0,0,0,0,,
services,id,1,integer,int4,NO,nextval('app_v3.services_id_seq'::regclass),1,0,0,23,0,-1
services,organization_id,2,integer,int4,NO,,0,1,0,23,0,-0.333333
services,policy_id,3,integer,int4,YES,,0,1,0,23,0,-0.333333
services,name,4,text,text,NO,,0,0,0,23,0,-0.285714
services,description,5,text,text,YES,,0,0,0,23,0,-0.52381
services,duration_minutes,6,integer,int4,NO,,0,0,0,23,0,2
services,price,7,integer,int4,NO,,0,0,0,23,0,-1
services,currency,8,text,text,NO,'EUR'::text,0,0,0,23,0,1
services,is_active,9,boolean,bool,NO,true,0,0,0,23,0,1
services,created_at,10,timestamp with time zone,timestamptz,NO,CURRENT_TIMESTAMP,0,0,0,23,0,-1
services,updated_at,11,timestamp with time zone,timestamptz,NO,CURRENT_TIMESTAMP,0,0,0,23,0,-1
services,kind,12,USER-DEFINED,ServiceKind,NO,"'GENERAL'::app_v3.""ServiceKind""",0,0,0,23,0,2
services,instructor_id,13,uuid,uuid,YES,,0,1,0,23,1,0
services,category_tag,15,text,text,YES,,0,0,0,23,1,0
services,location_mode,16,USER-DEFINED,ServiceLocationMode,NO,"'FIXED'::app_v3.""ServiceLocationMode""",0,0,0,23,0,1
services,cover_image_url,18,text,text,YES,,0,0,0,23,1,0
services,env,19,text,text,NO,'prod'::text,0,0,0,23,0,1
services,address_id,20,uuid,uuid,YES,,0,1,0,23,0,-0.333333
services,assignment_mode,23,USER-DEFINED,ReservationAssignmentMode,NO,"'PROFESSIONAL_ONLY'::app_v3.""ReservationAssignmentMode""",0,0,0,23,0,-0.142857
services,party_size_required,24,boolean,bool,NO,false,0,0,0,23,0,2
services,party_size_min,25,integer,int4,NO,1,0,0,0,23,0,2
services,party_size_max,26,integer,int4,NO,1,0,0,0,23,0,2
services,party_size_step,27,integer,int4,NO,1,0,0,0,23,0,1
soft_blocks,id,1,integer,int4,NO,nextval('app_v3.soft_blocks_id_seq'::regclass),1,0,0,0,,
soft_blocks,organization_id,2,integer,int4,NO,,0,1,0,0,,
soft_blocks,scope_type,3,USER-DEFINED,SoftBlockScope,NO,"'ORGANIZATION'::app_v3.""SoftBlockScope""",0,0,0,0,,
soft_blocks,scope_id,4,integer,int4,NO,0,0,0,0,0,,
soft_blocks,starts_at,5,timestamp with time zone,timestamptz,NO,,0,0,0,0,,
soft_blocks,ends_at,6,timestamp with time zone,timestamptz,NO,,0,0,0,0,,
soft_blocks,reason,7,text,text,YES,,0,0,0,0,,
soft_blocks,created_at,8,timestamp with time zone,timestamptz,NO,now(),0,0,0,0,,
soft_blocks,updated_at,9,timestamp with time zone,timestamptz,NO,now(),0,0,0,0,,
soft_blocks,env,10,text,text,NO,'prod'::text,0,0,0,0,,
store_bundle_items,id,1,integer,int4,NO,nextval('app_v3.store_bundle_items_id_seq'::regclass),1,0,0,0,,
store_bundle_items,bundle_id,2,integer,int4,NO,,0,1,0,0,,
store_bundle_items,product_id,3,integer,int4,NO,,0,1,0,0,,
store_bundle_items,variant_id,4,integer,int4,YES,,0,1,0,0,,
store_bundle_items,quantity,5,integer,int4,NO,1,0,0,0,0,,
store_bundle_items,env,6,text,text,NO,'prod'::text,0,0,0,0,,
store_bundles,id,1,integer,int4,NO,nextval('app_v3.store_bundles_id_seq'::regclass),1,0,0,0,,
store_bundles,store_id,2,integer,int4,NO,,0,1,0,0,,
store_bundles,name,3,text,text,NO,,0,0,0,0,,
store_bundles,slug,4,text,text,NO,,0,0,0,0,,
store_bundles,description,5,text,text,YES,,0,0,0,0,,
store_bundles,pricing_mode,6,USER-DEFINED,StoreBundlePricingMode,NO,,0,0,0,0,,
store_bundles,price_cents,7,integer,int4,YES,,0,0,0,0,,
store_bundles,percent_off,8,integer,int4,YES,,0,0,0,0,,
store_bundles,created_at,11,timestamp with time zone,timestamptz,NO,now(),0,0,0,0,,
store_bundles,updated_at,12,timestamp with time zone,timestamptz,NO,now(),0,0,0,0,,
store_bundles,env,13,text,text,NO,'prod'::text,0,0,0,0,,
store_bundles,visibility,14,USER-DEFINED,StoreVisibility,NO,"'HIDDEN'::app_v3.""StoreVisibility""",0,0,0,0,,
store_cart_items,id,1,integer,int4,NO,nextval('app_v3.store_cart_items_id_seq'::regclass),1,0,0,0,,
store_cart_items,cart_id,2,uuid,uuid,NO,,0,1,0,0,,
store_cart_items,product_id,3,integer,int4,NO,,0,1,0,0,,
store_cart_items,variant_id,4,integer,int4,YES,,0,1,0,0,,
store_cart_items,quantity,5,integer,int4,NO,,0,0,0,0,,
store_cart_items,unit_price_cents,6,integer,int4,NO,,0,0,0,0,,
store_cart_items,personalization,7,jsonb,jsonb,NO,'{}'::jsonb,0,0,0,0,,
store_cart_items,created_at,8,timestamp with time zone,timestamptz,NO,now(),0,0,0,0,,
store_cart_items,updated_at,9,timestamp with time zone,timestamptz,NO,now(),0,0,0,0,,
store_cart_items,bundle_id,10,integer,int4,YES,,0,1,0,0,,
store_cart_items,bundle_key,11,text,text,YES,,0,0,0,0,,
store_cart_items,env,12,text,text,NO,'prod'::text,0,0,0,0,,
store_carts,id,1,uuid,uuid,NO,gen_random_uuid(),1,0,0,0,,
store_carts,store_id,2,integer,int4,NO,,0,1,0,0,,
store_carts,user_id,3,uuid,uuid,YES,,0,1,0,0,,
store_carts,session_id,4,text,text,YES,,0,0,0,0,,
store_carts,status,5,USER-DEFINED,StoreCartStatus,NO,"'ACTIVE'::app_v3.""StoreCartStatus""",0,0,0,0,,
store_carts,currency,6,text,text,NO,'EUR'::text,0,0,0,0,,
store_carts,created_at,7,timestamp with time zone,timestamptz,NO,now(),0,0,0,0,,
store_carts,updated_at,8,timestamp with time zone,timestamptz,NO,now(),0,0,0,0,,
store_carts,env,9,text,text,NO,'prod'::text,0,0,0,0,,
store_categories,id,1,integer,int4,NO,nextval('app_v3.store_categories_id_seq'::regclass),1,0,0,8,0,-1
store_categories,store_id,2,integer,int4,NO,,0,1,0,8,0,-1
store_categories,name,3,text,text,NO,,0,0,0,8,0,-0.142857
store_categories,slug,4,text,text,NO,,0,0,0,8,0,-1
store_categories,description,5,text,text,YES,,0,0,0,8,0,-1
store_categories,sort_order,6,integer,int4,NO,0,0,0,0,8,0,-0.142857
store_categories,is_active,7,boolean,bool,NO,true,0,0,0,8,0,-0.142857
store_categories,cover_image_url,8,text,text,YES,,0,0,0,8,1,0
store_categories,created_at,9,timestamp with time zone,timestamptz,NO,now(),0,0,0,8,0,-1
store_categories,updated_at,10,timestamp with time zone,timestamptz,NO,now(),0,0,0,8,0,-1
store_categories,env,11,text,text,NO,'prod'::text,0,0,0,8,0,-0.142857
store_digital_assets,id,1,integer,int4,NO,nextval('app_v3.store_digital_assets_id_seq'::regclass),1,0,0,0,,
store_digital_assets,product_id,2,integer,int4,NO,,0,1,0,0,,
store_digital_assets,storage_path,3,text,text,NO,,0,0,0,0,,
store_digital_assets,filename,4,text,text,NO,,0,0,0,0,,
store_digital_assets,size_bytes,5,integer,int4,NO,,0,0,0,0,,
store_digital_assets,mime_type,6,text,text,NO,,0,0,0,0,,
store_digital_assets,max_downloads,7,integer,int4,YES,,0,0,0,0,,
store_digital_assets,is_active,8,boolean,bool,NO,true,0,0,0,0,,
store_digital_assets,created_at,9,timestamp with time zone,timestamptz,NO,now(),0,0,0,0,,
store_digital_assets,env,10,text,text,NO,'prod'::text,0,0,0,0,,
store_digital_grants,id,1,integer,int4,NO,nextval('app_v3.store_digital_grants_id_seq'::regclass),1,0,0,0,,
store_digital_grants,order_line_id,2,integer,int4,NO,,0,1,0,0,,
store_digital_grants,user_id,3,uuid,uuid,YES,,0,1,0,0,,
store_digital_grants,download_token,4,text,text,NO,,0,0,0,0,,
store_digital_grants,expires_at,5,timestamp with time zone,timestamptz,YES,,0,0,0,0,,
store_digital_grants,downloads_count,6,integer,int4,NO,0,0,0,0,0,,
store_digital_grants,created_at,7,timestamp with time zone,timestamptz,NO,now(),0,0,0,0,,
store_digital_grants,env,8,text,text,NO,'prod'::text,0,0,0,0,,
store_inventory_movements,id,1,integer,int4,NO,nextval('app_v3.store_inventory_movements_id_seq'::regclass),1,0,0,3,0,-1
store_inventory_movements,product_id,2,integer,int4,NO,,0,1,0,3,0,-1
store_inventory_movements,variant_id,3,integer,int4,YES,,0,1,0,3,0,-1
store_inventory_movements,movement_type,4,USER-DEFINED,StoreInventoryMovementType,NO,,0,0,0,3,0,-0.333333
store_inventory_movements,quantity,5,integer,int4,NO,,0,0,0,3,0,-1
store_inventory_movements,reason,6,text,text,YES,,0,0,0,3,0,-0.333333
store_inventory_movements,created_at,7,timestamp with time zone,timestamptz,NO,now(),0,0,0,3,0,-0.333333
store_inventory_movements,env,8,text,text,NO,'prod'::text,0,0,0,3,0,-0.333333
store_order_addresses,id,1,integer,int4,NO,nextval('app_v3.store_order_addresses_id_seq'::regclass),1,0,0,40,0,-1
store_order_addresses,order_id,2,integer,int4,NO,,0,1,0,40,0,-0.5
store_order_addresses,address_type,3,USER-DEFINED,StoreAddressType,NO,,0,0,0,40,0,2
store_order_addresses,full_name,4,text,text,NO,,0,0,0,40,0,-0.5
store_order_addresses,nif,11,text,text,YES,,0,0,0,40,0,-0.5
store_order_addresses,created_at,12,timestamp with time zone,timestamptz,NO,now(),0,0,0,40,0,-0.5
store_order_addresses,env,13,text,text,NO,'prod'::text,0,0,0,40,0,1
store_order_addresses,address_id,14,uuid,uuid,YES,,0,0,0,40,0,-0.3
store_order_bundle_items,id,1,integer,int4,NO,nextval('app_v3.store_order_bundle_items_id_seq'::regclass),1,0,0,0,,
store_order_bundle_items,order_bundle_id,2,integer,int4,NO,,0,1,0,0,,
store_order_bundle_items,product_id,3,integer,int4,YES,,0,1,0,0,,
store_order_bundle_items,variant_id,4,integer,int4,YES,,0,1,0,0,,
store_order_bundle_items,quantity,5,integer,int4,NO,,0,0,0,0,,
store_order_bundle_items,name_snapshot,6,text,text,NO,,0,0,0,0,,
store_order_bundle_items,sku_snapshot,7,text,text,YES,,0,0,0,0,,
store_order_bundle_items,created_at,8,timestamp with time zone,timestamptz,NO,now(),0,0,0,0,,
store_order_bundle_items,env,9,text,text,NO,'prod'::text,0,0,0,0,,
store_order_bundles,id,1,integer,int4,NO,nextval('app_v3.store_order_bundles_id_seq'::regclass),1,0,0,0,,
store_order_bundles,order_id,2,integer,int4,NO,,0,1,0,0,,
store_order_bundles,bundle_id,3,integer,int4,YES,,0,1,0,0,,
store_order_bundles,name_snapshot,4,text,text,NO,,0,0,0,0,,
store_order_bundles,pricing_mode,5,USER-DEFINED,StoreBundlePricingMode,NO,,0,0,0,0,,
store_order_bundles,price_cents,6,integer,int4,YES,,0,0,0,0,,
store_order_bundles,percent_off,7,integer,int4,YES,,0,0,0,0,,
store_order_bundles,bundle_quantity,8,integer,int4,NO,1,0,0,0,0,,
store_order_bundles,total_cents,9,integer,int4,NO,,0,0,0,0,,
store_order_bundles,created_at,10,timestamp with time zone,timestamptz,NO,now(),0,0,0,0,,
store_order_bundles,env,11,text,text,NO,'prod'::text,0,0,0,0,,
store_order_lines,id,1,integer,int4,NO,nextval('app_v3.store_order_lines_id_seq'::regclass),1,0,0,20,0,-1
store_order_lines,order_id,2,integer,int4,NO,,0,1,0,20,0,-1
store_order_lines,product_id,3,integer,int4,YES,,0,1,0,20,0,-0.15
store_order_lines,variant_id,4,integer,int4,YES,,0,1,0,20,0,-0.15
store_order_lines,name_snapshot,5,text,text,NO,,0,0,0,20,0,-0.15
store_order_lines,sku_snapshot,6,text,text,YES,,0,0,0,20,0,-0.15
store_order_lines,quantity,7,integer,int4,NO,,0,0,0,20,0,2
store_order_lines,unit_price_cents,8,integer,int4,NO,,0,0,0,20,0,-0.15
store_order_lines,discount_cents,9,integer,int4,NO,0,0,0,0,20,0,-0.15
store_order_lines,total_cents,10,integer,int4,NO,,0,0,0,20,0,-0.3
store_order_lines,requires_shipping,11,boolean,bool,NO,true,0,0,0,20,0,1
store_order_lines,personalization,12,jsonb,jsonb,NO,'{}'::jsonb,0,0,0,20,0,1
store_order_lines,created_at,13,timestamp with time zone,timestamptz,NO,now(),0,0,0,20,0,-1
store_order_lines,order_bundle_id,14,integer,int4,YES,,0,1,0,20,1,0
store_order_lines,env,15,text,text,NO,'prod'::text,0,0,0,20,0,1
store_orders,id,1,integer,int4,NO,nextval('app_v3.store_orders_id_seq'::regclass),1,0,0,20,0,-1
store_orders,store_id,2,integer,int4,NO,,0,1,0,20,0,1
store_orders,user_id,3,uuid,uuid,YES,,0,1,0,20,0,-1
store_orders,order_number,4,text,text,YES,,0,0,0,20,0,-1
store_orders,status,5,USER-DEFINED,StoreOrderStatus,NO,"'PENDING'::app_v3.""StoreOrderStatus""",0,0,0,20,0,-0.2
store_orders,payment_intent_id,6,text,text,YES,,0,0,0,20,0,-1
store_orders,purchase_id,7,text,text,YES,,0,0,0,20,0,-1
store_orders,subtotal_cents,8,integer,int4,NO,,0,0,0,20,0,-0.3
store_orders,discount_cents,9,integer,int4,NO,0,0,0,0,20,0,-0.15
store_orders,shipping_cents,10,integer,int4,NO,0,0,0,0,20,0,2
store_orders,total_cents,11,integer,int4,NO,,0,0,0,20,0,-0.3
store_orders,currency,12,text,text,NO,'EUR'::text,0,0,0,20,0,1
store_orders,customer_email,13,USER-DEFINED,citext,YES,,0,0,0,20,0,-1
store_orders,customer_name,14,text,text,YES,,0,0,0,20,0,-1
store_orders,customer_phone,15,text,text,YES,,0,0,0,20,0,-1
store_orders,notes,16,text,text,YES,,0,0,0,20,0,1
store_orders,created_at,17,timestamp with time zone,timestamptz,NO,now(),0,0,0,20,0,-1
store_orders,updated_at,18,timestamp with time zone,timestamptz,NO,now(),0,0,0,20,0,-1
store_orders,shipping_zone_id,19,integer,int4,YES,,0,1,0,20,0,1
store_orders,shipping_method_id,20,integer,int4,YES,,0,1,0,20,0,1
store_orders,env,21,text,text,NO,'prod'::text,0,0,0,20,0,1
store_orders,store_policy_snapshot_json,22,jsonb,jsonb,YES,,0,0,0,20,0,1
store_orders,store_policy_version,23,text,text,YES,,0,0,0,20,0,1
store_orders,store_policy_captured_at,24,timestamp with time zone,timestamptz,YES,,0,0,0,20,0,1
store_product_images,id,1,integer,int4,NO,nextval('app_v3.store_product_images_id_seq'::regclass),1,0,0,15,0,-1
store_product_images,product_id,2,integer,int4,NO,,0,1,0,15,0,-1
store_product_images,url,3,text,text,NO,,0,0,0,15,0,-1
store_product_images,alt_text,4,text,text,YES,,0,0,0,15,0,-1
store_product_images,sort_order,5,integer,int4,NO,0,0,0,0,15,0,1
store_product_images,is_primary,6,boolean,bool,NO,false,0,0,0,15,0,1
store_product_images,created_at,7,timestamp with time zone,timestamptz,NO,now(),0,0,0,15,0,-1
store_product_images,env,8,text,text,NO,'prod'::text,0,0,0,15,0,1
store_product_option_values,id,1,integer,int4,NO,nextval('app_v3.store_product_option_values_id_seq'::regclass),1,0,0,0,,
store_product_option_values,option_id,2,integer,int4,NO,,0,1,0,0,,
store_product_option_values,value,3,text,text,NO,,0,0,0,0,,
store_product_option_values,label,4,text,text,YES,,0,0,0,0,,
store_product_option_values,price_delta_cents,5,integer,int4,NO,0,0,0,0,0,,
store_product_option_values,sort_order,6,integer,int4,NO,0,0,0,0,0,,
store_product_option_values,created_at,7,timestamp with time zone,timestamptz,NO,now(),0,0,0,0,,
store_product_option_values,env,8,text,text,NO,'prod'::text,0,0,0,0,,
store_product_options,id,1,integer,int4,NO,nextval('app_v3.store_product_options_id_seq'::regclass),1,0,0,0,,
store_product_options,product_id,2,integer,int4,NO,,0,1,0,0,,
store_product_options,option_type,3,USER-DEFINED,StoreProductOptionType,NO,,0,0,0,0,,
store_product_options,label,4,text,text,NO,,0,0,0,0,,
store_product_options,required,5,boolean,bool,NO,false,0,0,0,0,,
store_product_options,max_length,6,integer,int4,YES,,0,0,0,0,,
store_product_options,min_value,7,integer,int4,YES,,0,0,0,0,,
store_product_options,max_value,8,integer,int4,YES,,0,0,0,0,,
store_product_options,price_delta_cents,9,integer,int4,NO,0,0,0,0,0,,
store_product_options,sort_order,10,integer,int4,NO,0,0,0,0,0,,
store_product_options,created_at,11,timestamp with time zone,timestamptz,NO,now(),0,0,0,0,,
store_product_options,updated_at,12,timestamp with time zone,timestamptz,NO,now(),0,0,0,0,,
store_product_options,env,13,text,text,NO,'prod'::text,0,0,0,0,,
store_product_variants,id,1,integer,int4,NO,nextval('app_v3.store_product_variants_id_seq'::regclass),1,0,0,3,0,-1
store_product_variants,product_id,2,integer,int4,NO,,0,1,0,3,0,-1
store_product_variants,label,3,text,text,NO,,0,0,0,3,0,-1
store_product_variants,sku,4,text,text,YES,,0,0,0,3,0,-1
store_product_variants,price_cents,5,integer,int4,YES,,0,0,0,3,0,-1
store_product_variants,stock_qty,6,integer,int4,YES,,0,0,0,3,0,-1
store_product_variants,is_active,7,boolean,bool,NO,true,0,0,0,3,0,-0.333333
store_product_variants,sort_order,8,integer,int4,NO,0,0,0,0,3,0,-0.333333
store_product_variants,created_at,9,timestamp with time zone,timestamptz,NO,now(),0,0,0,3,0,-1
store_product_variants,updated_at,10,timestamp with time zone,timestamptz,NO,now(),0,0,0,3,0,-1
store_product_variants,env,11,text,text,NO,'prod'::text,0,0,0,3,0,-0.333333
store_products,id,1,integer,int4,NO,nextval('app_v3.store_products_id_seq'::regclass),1,0,0,15,0,-1
store_products,store_id,2,integer,int4,NO,,0,1,0,15,0,-0.466667
store_products,category_id,3,integer,int4,YES,,0,1,0,15,0,-0.533333
store_products,name,4,text,text,NO,,0,0,0,15,0,-1
store_products,slug,5,text,text,NO,,0,0,0,15,0,-1
store_products,short_description,6,text,text,YES,,0,0,0,15,0,-0.333333
store_products,description,7,text,text,YES,,0,0,0,15,0,-0.333333
store_products,price_cents,10,integer,int4,NO,,0,0,0,15,0,-1
store_products,compare_at_price_cents,11,integer,int4,YES,,0,0,0,15,0,-1
store_products,currency,12,text,text,NO,'EUR'::text,0,0,0,15,0,1
store_products,sku,13,text,text,YES,,0,0,0,15,0.8,-0.2
store_products,stock_policy,14,USER-DEFINED,StoreStockPolicy,NO,"'NONE'::app_v3.""StoreStockPolicy""",0,0,0,15,0,1
store_products,stock_qty,15,integer,int4,YES,,0,0,0,15,0,-0.266667
store_products,requires_shipping,16,boolean,bool,NO,true,0,0,0,15,0,1
store_products,tags,21,ARRAY,_text,NO,'{}'::text[],0,0,0,15,0,-0.866667
store_products,created_at,22,timestamp with time zone,timestamptz,NO,now(),0,0,0,15,0,-0.933333
store_products,updated_at,23,timestamp with time zone,timestamptz,NO,now(),0,0,0,15,0,-0.933333
store_products,env,24,text,text,NO,'prod'::text,0,0,0,15,0,1
store_products,visibility,25,USER-DEFINED,StoreVisibility,NO,"'HIDDEN'::app_v3.""StoreVisibility""",0,0,0,15,0,1
store_shipments,id,1,integer,int4,NO,nextval('app_v3.store_shipments_id_seq'::regclass),1,0,0,3,0,-1
store_shipments,order_id,2,integer,int4,NO,,0,1,0,3,0,-1
store_shipments,carrier,3,text,text,YES,,0,0,0,3,0,-1
store_shipments,tracking_number,4,text,text,YES,,0,0,0,3,0,-1
store_shipments,tracking_url,5,text,text,YES,,0,0,0,3,0,-1
store_shipments,status,6,USER-DEFINED,StoreShipmentStatus,NO,"'PENDING'::app_v3.""StoreShipmentStatus""",0,0,0,3,0,-1
store_shipments,shipped_at,7,timestamp with time zone,timestamptz,YES,,0,0,0,3,0,-1
store_shipments,delivered_at,8,timestamp with time zone,timestamptz,YES,,0,0,0,3,0,-1
store_shipments,created_at,9,timestamp with time zone,timestamptz,NO,now(),0,0,0,3,0,-1
store_shipments,updated_at,10,timestamp with time zone,timestamptz,NO,now(),0,0,0,3,0,-1
store_shipments,env,11,text,text,NO,'prod'::text,0,0,0,3,0,-1
store_shipping_methods,id,1,integer,int4,NO,nextval('app_v3.store_shipping_methods_id_seq'::regclass),1,0,0,1,,
store_shipping_methods,zone_id,2,integer,int4,NO,,0,1,0,1,,
store_shipping_methods,name,3,text,text,NO,,0,0,0,1,,
store_shipping_methods,description,4,text,text,YES,,0,0,0,1,,
store_shipping_methods,base_rate_cents,5,integer,int4,NO,,0,0,0,1,,
store_shipping_methods,mode,6,USER-DEFINED,StoreShippingMode,NO,"'FLAT'::app_v3.""StoreShippingMode""",0,0,0,1,,
store_shipping_methods,free_over_cents,7,integer,int4,YES,,0,0,0,1,,
store_shipping_methods,is_default,8,boolean,bool,NO,false,0,0,0,1,,
store_shipping_methods,eta_min_days,9,integer,int4,YES,,0,0,0,1,,
store_shipping_methods,eta_max_days,10,integer,int4,YES,,0,0,0,1,,
store_shipping_methods,created_at,11,timestamp with time zone,timestamptz,NO,now(),0,0,0,1,,
store_shipping_methods,updated_at,12,timestamp with time zone,timestamptz,NO,now(),0,0,0,1,,
store_shipping_methods,env,13,text,text,NO,'prod'::text,0,0,0,1,,
store_shipping_tiers,id,1,integer,int4,NO,nextval('app_v3.store_shipping_tiers_id_seq'::regclass),1,0,0,0,,
store_shipping_tiers,method_id,2,integer,int4,NO,,0,1,0,0,,
store_shipping_tiers,min_subtotal_cents,3,integer,int4,NO,,0,0,0,0,,
store_shipping_tiers,max_subtotal_cents,4,integer,int4,YES,,0,0,0,0,,
store_shipping_tiers,rate_cents,5,integer,int4,NO,,0,0,0,0,,
store_shipping_tiers,created_at,6,timestamp with time zone,timestamptz,NO,now(),0,0,0,0,,
store_shipping_tiers,env,7,text,text,NO,'prod'::text,0,0,0,0,,
store_shipping_zones,id,1,integer,int4,NO,nextval('app_v3.store_shipping_zones_id_seq'::regclass),1,0,0,1,,
store_shipping_zones,store_id,2,integer,int4,NO,,0,1,0,1,,
store_shipping_zones,name,3,text,text,NO,,0,0,0,1,,
store_shipping_zones,countries,4,ARRAY,_text,NO,'{}'::text[],0,0,0,1,,
store_shipping_zones,is_active,5,boolean,bool,NO,true,0,0,0,1,,
store_shipping_zones,created_at,6,timestamp with time zone,timestamptz,NO,now(),0,0,0,1,,
store_shipping_zones,updated_at,7,timestamp with time zone,timestamptz,NO,now(),0,0,0,1,,
store_shipping_zones,env,8,text,text,NO,'prod'::text,0,0,0,1,,
stores,id,1,integer,int4,NO,nextval('app_v3.stores_id_seq'::regclass),1,0,0,9,0,-1
stores,owner_organization_id,3,integer,int4,NO,,0,1,0,9,0,-1
stores,status,5,USER-DEFINED,StoreStatus,NO,"'CLOSED'::app_v3.""StoreStatus""",0,0,0,9,0,-1
stores,show_on_profile,6,boolean,bool,NO,false,0,0,0,9,0,-1
stores,catalog_locked,7,boolean,bool,NO,true,0,0,0,9,0,-1
stores,checkout_enabled,8,boolean,bool,NO,false,0,0,0,9,0,-1
stores,currency,9,text,text,NO,'EUR'::text,0,0,0,9,0,-1
stores,free_shipping_threshold_cents,15,integer,int4,YES,,0,0,0,9,0,-1
stores,created_at,17,timestamp with time zone,timestamptz,NO,now(),0,0,0,9,0,-1
stores,updated_at,18,timestamp with time zone,timestamptz,NO,now(),0,0,0,9,0,-1
stores,env,19,text,text,NO,'prod'::text,0,0,0,9,0,-1
support_ticket_events,id,1,uuid,uuid,NO,gen_random_uuid(),1,0,0,0,,
support_ticket_events,env,2,text,text,NO,'prod'::text,0,0,0,0,,
support_ticket_events,ticket_id,3,uuid,uuid,NO,,0,1,0,0,,
support_ticket_events,actor_type,4,USER-DEFINED,SupportTicketActorType,NO,,0,0,0,0,,
support_ticket_events,actor_user_id,5,uuid,uuid,YES,,0,1,0,0,,
support_ticket_events,event_type,6,text,text,NO,,0,0,0,0,,
support_ticket_events,payload,7,jsonb,jsonb,YES,'{}'::jsonb,0,0,0,0,,
support_ticket_events,created_at,8,timestamp with time zone,timestamptz,NO,now(),0,0,0,0,,
support_tickets,id,1,uuid,uuid,NO,gen_random_uuid(),1,0,0,0,,
support_tickets,env,2,text,text,NO,'prod'::text,0,0,0,0,,
support_tickets,ticket_number,3,bigint,int8,NO,,0,0,1,0,,
support_tickets,requester_email,4,USER-DEFINED,citext,NO,,0,0,0,0,,
support_tickets,requester_user_id,5,uuid,uuid,YES,,0,1,0,0,,
support_tickets,category,6,USER-DEFINED,SupportTicketCategory,NO,,0,0,0,0,,
support_tickets,subject,7,text,text,NO,,0,0,0,0,,
support_tickets,description,8,text,text,NO,,0,0,0,0,,
support_tickets,status,9,USER-DEFINED,SupportTicketStatus,NO,"'OPEN'::app_v3.""SupportTicketStatus""",0,0,0,0,,
support_tickets,closed_at,10,timestamp with time zone,timestamptz,YES,,0,0,0,0,,
support_tickets,metadata,11,jsonb,jsonb,YES,'{}'::jsonb,0,0,0,0,,
support_tickets,created_at,12,timestamp with time zone,timestamptz,NO,now(),0,0,0,0,,
support_tickets,updated_at,13,timestamp with time zone,timestamptz,NO,now(),0,0,0,0,,
ticket_order_lines,id,1,integer,int4,NO,nextval('app_v3.ticket_order_lines_id_seq'::regclass),1,0,0,0,,
ticket_order_lines,ticket_order_id,2,uuid,uuid,NO,,0,1,0,0,,
ticket_order_lines,ticket_type_id,3,integer,int4,NO,,0,1,0,0,,
ticket_order_lines,qty,4,integer,int4,NO,,0,0,0,0,,
ticket_order_lines,unit_amount,5,integer,int4,NO,,0,0,0,0,,
ticket_order_lines,total_amount,6,integer,int4,NO,,0,0,0,0,,
ticket_order_lines,env,7,text,text,NO,'prod'::text,0,0,0,0,,
ticket_orders,id,1,uuid,uuid,NO,gen_random_uuid(),1,0,0,0,,
ticket_orders,organization_id,2,integer,int4,NO,,0,1,0,0,,
ticket_orders,event_id,3,integer,int4,NO,,0,1,0,0,,
ticket_orders,buyer_identity_id,4,uuid,uuid,YES,,0,0,0,0,,
ticket_orders,currency,5,text,text,NO,'EUR'::text,0,0,0,0,,
ticket_orders,status,6,USER-DEFINED,TicketOrderStatus,NO,"'DRAFT'::app_v3.""TicketOrderStatus""",0,0,0,0,,
ticket_orders,created_at,7,timestamp with time zone,timestamptz,NO,now(),0,0,0,0,,
ticket_orders,updated_at,8,timestamp with time zone,timestamptz,NO,now(),0,0,0,0,,
ticket_orders,env,9,text,text,NO,'prod'::text,0,0,0,0,,
ticket_resales,id,1,text,text,NO,,1,0,0,0,,
ticket_resales,ticket_id,2,text,text,NO,,0,1,0,0,,
ticket_resales,price,3,integer,int4,NO,,0,0,0,0,,
ticket_resales,currency,4,text,text,NO,'EUR'::text,0,0,0,0,,
ticket_resales,status,5,USER-DEFINED,ResaleStatus,NO,"'LISTED'::app_v3.""ResaleStatus""",0,0,0,0,,
ticket_resales,created_at,6,timestamp without time zone,timestamp,NO,CURRENT_TIMESTAMP,0,0,0,0,,
ticket_resales,completed_at,7,timestamp without time zone,timestamp,YES,,0,0,0,0,,
ticket_resales,seller_user_id,8,uuid,uuid,NO,,0,0,0,0,,
ticket_resales,env,9,text,text,NO,'prod'::text,0,0,0,0,,
ticket_reservations,id,1,text,text,NO,,1,0,0,0,,
ticket_reservations,event_id,2,integer,int4,NO,,0,0,0,0,,
ticket_reservations,ticket_type_id,3,integer,int4,NO,,0,1,0,0,,
ticket_reservations,quantity,4,integer,int4,NO,,0,0,0,0,,
ticket_reservations,status,5,USER-DEFINED,ReservationStatus,NO,"'ACTIVE'::app_v3.""ReservationStatus""",0,0,0,0,,
ticket_reservations,expires_at,6,timestamp without time zone,timestamp,NO,,0,0,0,0,,
ticket_reservations,created_at,7,timestamp without time zone,timestamp,NO,CURRENT_TIMESTAMP,0,0,0,0,,
ticket_reservations,updated_at,8,timestamp without time zone,timestamp,NO,,0,0,0,0,,
ticket_reservations,user_id,9,uuid,uuid,YES,,0,0,0,0,,
ticket_reservations,env,10,text,text,NO,'prod'::text,0,0,0,0,,
ticket_types,id,1,integer,int4,NO,nextval('app_v3.ticket_types_id_seq'::regclass),1,0,0,96,0,-1
ticket_types,event_id,2,integer,int4,NO,,0,1,0,96,0,-0.564516
ticket_types,name,3,text,text,NO,,0,0,0,96,0,-0.129032
ticket_types,description,4,text,text,YES,,0,0,0,96,0,-1
ticket_types,price,5,integer,int4,NO,,0,0,0,96,0,-0.870968
ticket_types,currency,6,text,text,NO,'EUR'::text,0,0,0,96,0,1
ticket_types,total_quantity,7,integer,int4,YES,,0,0,0,96,0,-0.322581
ticket_types,sold_quantity,8,integer,int4,NO,0,0,0,0,96,0,-0.354839
ticket_types,status,9,USER-DEFINED,TicketTypeStatus,NO,"'ON_SALE'::app_v3.""TicketTypeStatus""",0,0,0,96,0,3
ticket_types,starts_at,10,timestamp without time zone,timestamp,YES,,0,0,0,96,0,-0.548387
ticket_types,ends_at,11,timestamp without time zone,timestamp,YES,,0,0,0,96,0,-0.564516
ticket_types,sort_order,12,integer,int4,NO,0,0,0,0,96,0,3
ticket_types,created_at,13,timestamp without time zone,timestamp,NO,CURRENT_TIMESTAMP,0,0,0,96,0,-1
ticket_types,updated_at,14,timestamp without time zone,timestamp,NO,,0,0,0,96,0,-1
ticket_types,padel_event_category_link_id,15,integer,int4,YES,,0,1,0,96,0.951613,-0.0483871
ticket_types,env,16,text,text,NO,'prod'::text,0,0,0,96,0,1
ticket_types,public_access,17,boolean,bool,NO,true,0,0,0,96,0,1
ticket_types,participant_access,18,boolean,bool,NO,false,0,0,0,96,0,1
tickets,id,1,text,text,NO,,1,0,0,136,0,-1
tickets,event_id,2,integer,int4,NO,,0,1,0,136,0,5
tickets,ticket_type_id,3,integer,int4,NO,,0,1,1,136,0,-0.1375
tickets,purchased_at,4,timestamp without time zone,timestamp,NO,CURRENT_TIMESTAMP,0,0,0,136,0,-1
tickets,status,5,USER-DEFINED,TicketStatus,NO,"'ACTIVE'::app_v3.""TicketStatus""",0,0,0,136,0,1
tickets,qr_secret,6,text,text,NO,,0,0,0,136,0,-1
tickets,rotating_seed,7,uuid,uuid,YES,,0,0,0,136,1,0
tickets,price_paid,8,integer,int4,NO,,0,0,0,136,0,-0.2375
tickets,currency,9,text,text,NO,'EUR'::text,0,0,0,136,0,1
tickets,user_id,11,uuid,uuid,YES,,0,0,0,136,0,-0.9375
tickets,platform_fee_cents,12,integer,int4,NO,0,0,0,0,136,0,-0.2375
tickets,total_paid_cents,13,integer,int4,NO,0,0,0,0,136,0,-0.2375
tickets,owner_user_id,17,uuid,uuid,YES,,0,0,0,136,0,-0.9375
tickets,owner_identity_id,18,uuid,uuid,YES,,0,0,0,136,1,0
tickets,purchase_id,20,text,text,YES,,0,0,1,136,0,-1
tickets,sale_summary_id,21,integer,int4,YES,,0,1,0,136,0,-1
tickets,emission_index,22,integer,int4,NO,0,0,0,1,136,0,1
tickets,stripe_payment_intent_id,24,text,text,YES,,0,0,0,136,0.5375,-0.4625
tickets,env,25,text,text,NO,'prod'::text,0,0,0,136,0,1
tournament_audit_logs,id,1,integer,int4,NO,nextval('app_v3.tournament_audit_logs_id_seq'::regclass),1,0,0,0,,
tournament_audit_logs,tournament_id,2,integer,int4,NO,,0,0,0,0,,
tournament_audit_logs,user_id,3,uuid,uuid,YES,,0,1,0,0,,
tournament_audit_logs,action,4,text,text,NO,,0,0,0,0,,
tournament_audit_logs,payload_before,5,jsonb,jsonb,YES,,0,0,0,0,,
tournament_audit_logs,payload_after,6,jsonb,jsonb,YES,,0,0,0,0,,
tournament_audit_logs,created_at,7,timestamp with time zone,timestamptz,NO,now(),0,0,0,0,,
tournament_audit_logs,env,8,text,text,NO,'prod'::text,0,0,0,0,,
tournament_entries,id,1,integer,int4,NO,nextval('app_v3.tournament_entries_id_seq'::regclass),1,0,0,9744,0,-1
tournament_entries,event_id,2,integer,int4,NO,,0,0,0,9744,0,413
tournament_entries,user_id,3,uuid,uuid,NO,,0,0,0,9744,0,101
tournament_entries,pairing_id,4,integer,int4,YES,,0,0,0,9744,0,-0.5
tournament_entries,role,5,USER-DEFINED,TournamentEntryRole,NO,"'PARTNER'::app_v3.""TournamentEntryRole""",0,0,0,9744,0,2
tournament_entries,status,6,USER-DEFINED,TournamentEntryStatus,NO,"'PENDING'::app_v3.""TournamentEntryStatus""",0,0,0,9744,0,1
tournament_entries,created_at,7,timestamp with time zone,timestamptz,NO,now(),0,0,0,9744,0,-0.5
tournament_entries,updated_at,8,timestamp with time zone,timestamptz,NO,now(),0,0,0,9744,0,-0.5
tournament_entries,owner_user_id,9,uuid,uuid,YES,,0,0,0,9744,0,101
tournament_entries,owner_identity_id,10,uuid,uuid,YES,,0,0,0,9744,1,0
tournament_entries,purchase_id,11,text,text,YES,,0,0,1,9744,0,-1
tournament_entries,emission_index,13,integer,int4,NO,0,0,0,1,9744,0,1
tournament_entries,category_id,14,integer,int4,YES,,0,1,0,9744,0,28
tournament_entries,env,15,text,text,NO,'prod'::text,0,0,0,9744,0,1
tournament_groups,id,1,integer,int4,NO,nextval('app_v3.tournament_groups_id_seq'::regclass),1,0,0,40,0,-1
tournament_groups,stage_id,2,integer,int4,NO,,0,1,0,40,0,-0.5
tournament_groups,name,3,text,text,NO,,0,0,0,40,0,-1
tournament_groups,order,4,integer,int4,NO,0,0,0,0,40,0,-1
tournament_groups,created_at,5,timestamp without time zone,timestamp,NO,CURRENT_TIMESTAMP,0,0,0,40,0,-0.5
tournament_groups,updated_at,6,timestamp without time zone,timestamp,NO,CURRENT_TIMESTAMP,0,0,0,40,0,-0.5
tournament_groups,env,7,text,text,NO,'prod'::text,0,0,0,40,0,-0.5
tournament_matches,id,1,integer,int4,NO,nextval('app_v3.tournament_matches_id_seq'::regclass),1,0,0,0,,
tournament_matches,stage_id,2,integer,int4,NO,,0,1,0,0,,
tournament_matches,group_id,3,integer,int4,YES,,0,1,0,0,,
tournament_matches,pairing1_id,4,integer,int4,YES,,0,0,0,0,,
tournament_matches,pairing2_id,5,integer,int4,YES,,0,0,0,0,,
tournament_matches,round_number,6,integer,int4,YES,,0,0,0,0,,
tournament_matches,round_label,7,text,text,YES,,0,0,0,0,,
tournament_matches,next_match_id,8,integer,int4,YES,,0,0,0,0,,
tournament_matches,next_slot,9,integer,int4,YES,,0,0,0,0,,
tournament_matches,court_id,10,integer,int4,YES,,0,0,0,0,,
tournament_matches,start_at,11,timestamp with time zone,timestamptz,YES,,0,0,0,0,,
tournament_matches,score,12,jsonb,jsonb,NO,'{}'::jsonb,0,0,0,0,,
tournament_matches,status,13,USER-DEFINED,TournamentMatchStatus,NO,"'PENDING'::app_v3.""TournamentMatchStatus""",0,0,0,0,,
tournament_matches,created_at,14,timestamp without time zone,timestamp,NO,CURRENT_TIMESTAMP,0,0,0,0,,
tournament_matches,updated_at,15,timestamp without time zone,timestamp,NO,CURRENT_TIMESTAMP,0,0,0,0,,
tournament_matches,env,16,text,text,NO,'prod'::text,0,0,0,0,,
tournament_stages,id,1,integer,int4,NO,nextval('app_v3.tournament_stages_id_seq'::regclass),1,0,0,20,0,-1
tournament_stages,tournament_id,2,integer,int4,NO,,0,1,0,20,0,-1
tournament_stages,name,3,text,text,YES,,0,0,0,20,0,1
tournament_stages,stage_type,4,USER-DEFINED,TournamentStageType,NO,"'GROUPS'::app_v3.""TournamentStageType""",0,0,0,20,0,1
tournament_stages,order,5,integer,int4,NO,0,0,0,0,20,0,1
tournament_stages,created_at,6,timestamp without time zone,timestamp,NO,CURRENT_TIMESTAMP,0,0,0,20,0,-1
tournament_stages,updated_at,7,timestamp without time zone,timestamp,NO,CURRENT_TIMESTAMP,0,0,0,20,0,-1
tournament_stages,env,8,text,text,NO,'prod'::text,0,0,0,20,0,1
tournaments,id,1,integer,int4,NO,nextval('app_v3.tournaments_id_seq'::regclass),1,0,0,25,0,-1
tournaments,event_id,2,integer,int4,NO,,0,1,1,25,0,-1
tournaments,format,3,USER-DEFINED,TournamentFormat,NO,,0,0,0,25,0,-0.454545
tournaments,generation_seed,4,text,text,YES,,0,0,0,25,0,-1
tournaments,inscription_deadline_at,5,timestamp with time zone,timestamptz,YES,,0,0,0,25,0,-1
tournaments,tie_break_rules,6,jsonb,jsonb,NO,'{}'::jsonb,0,0,0,25,0,1
tournaments,config,7,jsonb,jsonb,NO,'{}'::jsonb,0,0,0,25,0,1
tournaments,created_at,8,timestamp without time zone,timestamp,NO,CURRENT_TIMESTAMP,0,0,0,25,0,-1
tournaments,updated_at,9,timestamp without time zone,timestamp,NO,CURRENT_TIMESTAMP,0,0,0,25,0,-1
tournaments,generated_at,10,timestamp with time zone,timestamptz,YES,,0,0,0,25,0,-1
tournaments,generated_by_user_id,11,uuid,uuid,YES,,0,1,0,25,0,-0.181818
tournaments,env,12,text,text,NO,'prod'::text,0,0,0,25,0,1
trainer_profiles,id,1,integer,int4,NO,nextval('app_v3.trainer_profiles_id_seq'::regclass),1,0,0,6,,
trainer_profiles,organization_id,2,integer,int4,NO,,0,1,1,6,,
trainer_profiles,user_id,3,uuid,uuid,NO,,0,1,1,6,,
trainer_profiles,title,4,text,text,YES,,0,0,0,6,,
trainer_profiles,bio,5,text,text,YES,,0,0,0,6,,
trainer_profiles,specialties,6,ARRAY,_text,NO,'{}'::text[],0,0,0,6,,
trainer_profiles,certifications,7,text,text,YES,,0,0,0,6,,
trainer_profiles,experience_years,8,integer,int4,YES,,0,0,0,6,,
trainer_profiles,cover_image_url,9,text,text,YES,,0,0,0,6,,
trainer_profiles,is_published,10,boolean,bool,NO,false,0,0,0,6,,
trainer_profiles,created_at,11,timestamp with time zone,timestamptz,NO,now(),0,0,0,6,,
trainer_profiles,updated_at,12,timestamp with time zone,timestamptz,NO,now(),0,0,0,6,,
trainer_profiles,review_status,13,USER-DEFINED,TrainerProfileReviewStatus,NO,"'DRAFT'::app_v3.""TrainerProfileReviewStatus""",0,0,0,6,,
trainer_profiles,review_note,14,text,text,YES,,0,0,0,6,,
trainer_profiles,review_requested_at,15,timestamp with time zone,timestamptz,YES,,0,0,0,6,,
trainer_profiles,reviewed_at,16,timestamp with time zone,timestamptz,YES,,0,0,0,6,,
trainer_profiles,reviewed_by_user_id,17,uuid,uuid,YES,,0,0,0,6,,
trainer_profiles,env,18,text,text,NO,'prod'::text,0,0,0,6,,
trainer_profiles,reservation_professional_id,19,integer,int4,YES,,0,1,0,6,,
user_activities,id,1,integer,int4,NO,nextval('app_v3.user_activities_id_seq'::regclass),1,0,0,2,,
user_activities,user_id,2,uuid,uuid,NO,,0,1,0,2,,
user_activities,type,3,USER-DEFINED,UserActivityType,NO,,0,0,0,2,,
user_activities,visibility,4,USER-DEFINED,Visibility,NO,"'PUBLIC'::app_v3.""Visibility""",0,0,0,2,,
user_activities,metadata,5,jsonb,jsonb,YES,'{}'::jsonb,0,0,0,2,,
user_activities,created_at,6,timestamp with time zone,timestamptz,NO,CURRENT_TIMESTAMP,0,0,0,2,,
user_activities,env,7,text,text,NO,'prod'::text,0,0,0,2,,
user_close_friends,env,1,text,text,NO,'prod'::text,0,0,0,0,,
user_close_friends,user_id,2,uuid,uuid,NO,,1,1,0,0,,
user_close_friends,friend_user_id,3,uuid,uuid,NO,,1,1,0,0,,
user_close_friends,score,4,integer,int4,NO,0,0,0,0,0,,
user_close_friends,rank,5,integer,int4,NO,0,0,0,0,0,,
user_close_friends,computed_at,6,timestamp with time zone,timestamptz,NO,,0,0,0,0,,
user_close_friends,expires_at,7,timestamp with time zone,timestamptz,NO,,0,0,0,0,,
user_consents,id,1,uuid,uuid,NO,gen_random_uuid(),1,0,0,14,,
user_consents,organization_id,2,integer,int4,NO,,0,1,0,14,,
user_consents,user_id,3,uuid,uuid,NO,,0,1,0,14,,
user_consents,type,4,USER-DEFINED,ConsentType,NO,,0,0,0,14,,
user_consents,status,5,USER-DEFINED,ConsentStatus,NO,,0,0,0,14,,
user_consents,source,6,text,text,YES,,0,0,0,14,,
user_consents,granted_at,7,timestamp with time zone,timestamptz,YES,,0,0,0,14,,
user_consents,revoked_at,8,timestamp with time zone,timestamptz,YES,,0,0,0,14,,
user_consents,expires_at,9,timestamp with time zone,timestamptz,YES,,0,0,0,14,,
user_consents,created_at,10,timestamp with time zone,timestamptz,NO,CURRENT_TIMESTAMP,0,0,0,14,,
user_consents,updated_at,11,timestamp with time zone,timestamptz,NO,CURRENT_TIMESTAMP,0,0,0,14,,
user_consents,env,12,text,text,NO,'prod'::text,0,0,0,14,,
user_event_signals,env,1,text,text,NO,'prod'::text,0,0,0,0,0,1
user_event_signals,id,2,uuid,uuid,NO,gen_random_uuid(),1,0,0,0,0,-1
user_event_signals,user_id,3,uuid,uuid,NO,,0,1,0,0,0,3
user_event_signals,event_id,4,integer,int4,YES,,0,1,0,0,0,19
user_event_signals,organization_id,5,integer,int4,YES,,0,1,0,0,1,0
user_event_signals,signal_type,6,USER-DEFINED,UserEventSignalType,NO,,0,0,0,0,0,4
user_event_signals,signal_value,7,integer,int4,YES,,0,0,0,0,0.744019,-0.255981
user_event_signals,metadata,8,jsonb,jsonb,YES,'{}'::jsonb,0,0,0,0,0,1
user_event_signals,created_at,9,timestamp with time zone,timestamptz,NO,now(),0,0,0,0,0,-1
user_identities,id,1,uuid,uuid,NO,gen_random_uuid(),1,0,0,1,,
user_identities,user_id,2,uuid,uuid,NO,,0,1,0,1,,
user_identities,provider,3,text,text,NO,,0,0,0,1,,
user_identities,provider_user_id,4,text,text,NO,,0,0,0,1,,
user_identities,email,5,text,text,YES,,0,0,0,1,,
user_identities,created_at,6,timestamp with time zone,timestamptz,NO,now(),0,0,0,1,,
user_identities,env,7,text,text,NO,'prod'::text,0,0,0,1,,
weekly_availability_templates,id,1,integer,int4,NO,nextval('app_v3.weekly_availability_templates_id_seq'::regclass),1,0,0,835,0,-1
weekly_availability_templates,day_of_week,3,integer,int4,NO,,0,0,1,835,0,7
weekly_availability_templates,intervals,4,jsonb,jsonb,NO,'[]'::jsonb,0,0,0,835,0,15
weekly_availability_templates,created_at,5,timestamp with time zone,timestamptz,NO,now(),0,0,0,835,0,-0.152096
weekly_availability_templates,updated_at,6,timestamp with time zone,timestamptz,NO,now(),0,0,0,835,0,-0.152096
weekly_availability_templates,env,9,text,text,NO,'prod'::text,0,0,0,835,0,1
weekly_availability_templates,availability_id,10,integer,int4,NO,,0,1,1,835,0,-0.164072
